date,update_time,slot,old_forecast_kwh,new_raw_forecast_kwh,updated_forecast_kwh,confidence_rho,historical_error_old,historical_error_new
2025-03-20,00:00,1,0.0,0.0,0.0,1.0,0.0,0.0
2025-03-20,00:00,2,0.0,0.0,0.0,1.0,0.0,0.0
2025-03-20,00:00,3,0.0,0.0,0.0,1.0,0.0,0.0
2025-03-20,00:00,4,0.0,0.0,0.0,1.0,0.0,0.0
2025-03-20,00:00,5,0.0,0.0,0.0,1.0,0.0,0.0
2025-03-20,00:00,6,0.0,0.0,0.0,1.0,0.0,0.0
2025-03-20,00:00,7,0.0,0.0,0.0,1.0,0.0,0.0
2025-03-20,00:00,8,0.0,0.0,0.0,1.0,0.0,0.0
2025-03-20,00:00,9,0.0,0.0,0.0,1.0,0.0,0.0
2025-03-20,00:00,10,0.0,0.0,0.0,1.0,0.0,0.0
2025-03-20,00:00,11,0.0,0.0,0.0,1.0,0.0,0.0
2025-03-20,00:00,12,0.0,0.0,0.0,1.0,0.0,0.0
2025-03-20,00:00,13,0.0,0.0,0.0,1.0,0.0,0.0
2025-03-20,00:00,14,0.0,0.0,0.0,1.0,0.0,0.0
2025-03-20,00:00,15,0.0,0.0,0.0,1.0,0.0,0.0
2025-03-20,00:00,16,0.0,0.0,0.0,1.0,0.0,0.0
2025-03-20,00:00,17,0.0,0.0,0.0,1.0,0.0,0.0
2025-03-20,00:00,18,0.0,0.0,0.0,1.0,0.0,0.0
2025-03-20,00:00,19,0.0,0.0,0.0,1.0,0.0,0.0
2025-03-20,00:00,20,0.0,0.0,0.0,1.0,0.0,0.0
2025-03-20,00:00,21,0.0,0.0,0.0,1.0,0.0,0.0
2025-03-20,00:00,22,0.0,0.0,0.0,1.0,0.0,0.0
2025-03-20,00:00,23,0.0,0.0,0.0,1.0,0.0,0.0
2025-03-20,00:00,24,0.0,0.0,0.0,1.0,0.0,0.0
2025-03-20,00:00,25,0.0,0.0,0.0,1.0,0.0,0.0
2025-03-20,00:00,26,0.0,0.0,0.0,1.0,0.0,0.0
2025-03-20,00:00,27,0.0,0.0,0.0,1.0,0.0,0.0
2025-03-20,00:00,28,0.0,0.0,0.0,1.0,0.0,0.0
2025-03-20,00:00,29,0.0,0.0,0.0,1.0,0.0,0.0
2025-03-20,00:00,30,0.0,0.0,0.0,1.0,0.0,0.0
2025-03-20,00:00,31,0.0,0.0,0.0,1.0,0.0,0.0
2025-03-20,00:00,32,0.0,0.0,0.0,1.0,0.0,0.0
2025-03-20,00:00,33,0.0,0.0,0.0,1.0,0.0,0.0
2025-03-20,00:00,34,0.0,0.0,0.0,1.0,0.0,0.0
2025-03-20,00:00,35,0.0,0.0,0.0,1.0,0.0,0.0
2025-03-20,00:00,36,0.0,0.0,0.0,1.0,0.0,0.0
2025-03-20,00:00,37,48.45720277777778,48.45720277777778,48.45720277777778,1.0,0.0,0.0
2025-03-20,00:00,38,96.91440555555556,96.91440555555556,96.91440555555556,1.0,0.0,0.0
2025-03-20,00:00,39,145.3716083333333,145.3716083333333,145.3716083333333,1.0,0.0,0.0
2025-03-20,00:00,40,193.82881111111112,193.82881111111112,193.82881111111112,1.0,0.0,0.0
2025-03-20,00:00,41,242.28601388888887,242.28601388888887,242.28601388888887,1.0,0.0,0.0
2025-03-20,00:00,42,290.7432166666666,290.7432166666666,290.7432166666666,1.0,0.0,0.0
2025-03-20,00:00,43,347.83453888888886,347.83453888888886,347.83453888888886,1.0,0.0,0.0
2025-03-20,00:00,44,404.9258611111111,404.9258611111111,404.9258611111111,1.0,0.0,0.0
2025-03-20,00:00,45,462.0171833333334,462.0171833333334,462.0171833333334,1.0,0.0,0.0
2025-03-20,00:00,46,519.1085055555556,519.1085055555556,519.1085055555556,1.0,0.0,0.0
2025-03-20,00:00,47,576.1998277777777,576.1998277777777,576.1998277777777,1.0,0.0,0.0
2025-03-20,00:00,48,633.29115,633.29115,633.29115,1.0,0.0,0.0
2025-03-20,00:00,49,681.7142777777777,681.7142777777777,681.7142777777777,1.0,0.0,0.0
2025-03-20,00:00,50,730.1374055555555,730.1374055555555,730.1374055555555,1.0,0.0,0.0
2025-03-20,00:00,51,778.5605333333333,778.5605333333333,778.5605333333333,1.0,0.0,0.0
2025-03-20,00:00,52,826.9836611111111,826.9836611111111,826.9836611111111,1.0,0.0,0.0
2025-03-20,00:00,53,875.406788888889,875.406788888889,875.406788888889,1.0,0.0,0.0
2025-03-20,00:00,54,923.8299166666667,923.8299166666667,923.8299166666667,1.0,0.0,0.0
2025-03-20,00:00,55,973.6439583333333,973.6439583333333,973.6439583333333,1.0,0.0,0.0
2025-03-20,00:00,56,1023.4580000000001,1023.4580000000001,1023.4580000000001,1.0,0.0,0.0
2025-03-20,00:00,57,1073.2720416666666,1073.2720416666666,1073.2720416666666,1.0,0.0,0.0
2025-03-20,00:00,58,1123.0860833333331,1123.0860833333331,1123.0860833333331,1.0,0.0,0.0
2025-03-20,00:00,59,1172.900125,1172.900125,1172.900125,1.0,0.0,0.0
2025-03-20,00:00,60,1222.7141666666666,1222.7141666666666,1222.7141666666666,1.0,0.0,0.0
2025-03-20,00:00,61,1248.0948722222222,1248.0948722222222,1248.0948722222222,1.0,0.0,0.0
2025-03-20,00:00,62,1273.4755777777777,1273.4755777777777,1273.4755777777777,1.0,0.0,0.0
2025-03-20,00:00,63,1298.8562833333333,1298.8562833333333,1298.8562833333333,1.0,0.0,0.0
2025-03-20,00:00,64,1324.2369888888888,1324.2369888888888,1324.2369888888888,1.0,0.0,0.0
2025-03-20,00:00,65,1349.6176944444444,1349.6176944444444,1349.6176944444444,1.0,0.0,0.0
2025-03-20,00:00,66,1374.9984,1374.9984,1374.9984,1.0,0.0,0.0
2025-03-20,00:00,67,1363.8025499999999,1363.8025499999999,1363.8025499999999,1.0,0.0,0.0
2025-03-20,00:00,68,1352.6067,1352.6067,1352.6067,1.0,0.0,0.0
2025-03-20,00:00,69,1341.41085,1341.41085,1341.41085,1.0,0.0,0.0
2025-03-20,00:00,70,1330.215,1330.215,1330.215,1.0,0.0,0.0
2025-03-20,00:00,71,1319.01915,1319.01915,1319.01915,1.0,0.0,0.0
2025-03-20,00:00,72,1307.8233,1307.8233,1307.8233,1.0,0.0,0.0
2025-03-20,00:00,73,1266.0381194444444,1266.0381194444444,1266.0381194444444,1.0,0.0,0.0
2025-03-20,00:00,74,1224.2529388888888,1224.2529388888888,1224.2529388888888,1.0,0.0,0.0
2025-03-20,00:00,75,1182.4677583333332,1182.4677583333332,1182.4677583333332,1.0,0.0,0.0
2025-03-20,00:00,76,1140.6825777777776,1140.6825777777776,1140.6825777777776,1.0,0.0,0.0
2025-03-20,00:00,77,1098.8973972222223,1098.8973972222223,1098.8973972222223,1.0,0.0,0.0
2025-03-20,00:00,78,1057.1122166666667,1057.1122166666667,1057.1122166666667,1.0,0.0,0.0
2025-03-20,00:00,79,1044.4610722222224,1044.4610722222224,1044.4610722222224,1.0,0.0,0.0
2025-03-20,00:00,80,1031.8099277777778,1031.8099277777778,1031.8099277777778,1.0,0.0,0.0
2025-03-20,00:00,81,1019.1587833333333,1019.1587833333333,1019.1587833333333,1.0,0.0,0.0
2025-03-20,00:00,82,1006.5076388888889,1006.5076388888889,1006.5076388888889,1.0,0.0,0.0
2025-03-20,00:00,83,993.8564944444445,993.8564944444445,993.8564944444445,1.0,0.0,0.0
2025-03-20,00:00,84,981.20535,981.20535,981.20535,1.0,0.0,0.0
2025-03-20,00:00,85,926.00875,926.00875,926.00875,1.0,0.0,0.0
2025-03-20,00:00,86,870.81215,870.81215,870.81215,1.0,0.0,0.0
2025-03-20,00:00,87,815.61555,815.61555,815.61555,1.0,0.0,0.0
2025-03-20,00:00,88,760.4189499999999,760.4189499999999,760.4189499999999,1.0,0.0,0.0
2025-03-20,00:00,89,705.22235,705.22235,705.22235,1.0,0.0,0.0
2025-03-20,00:00,90,650.02575,650.02575,650.02575,1.0,0.0,0.0
2025-03-20,00:00,91,607.0601166666667,607.0601166666667,607.0601166666667,1.0,0.0,0.0
2025-03-20,00:00,92,564.0944833333333,564.0944833333333,564.0944833333333,1.0,0.0,0.0
2025-03-20,00:00,93,521.12885,521.12885,521.12885,1.0,0.0,0.0
2025-03-20,00:00,94,478.16321666666664,478.16321666666664,478.16321666666664,1.0,0.0,0.0
2025-03-20,00:00,95,435.19758333333334,435.19758333333334,435.19758333333334,1.0,0.0,0.0
2025-03-20,00:00,96,392.23195,392.23195,392.23195,1.0,0.0,0.0
2025-03-20,00:00,97,361.56933611111117,361.56933611111117,361.56933611111117,1.0,0.0,0.0
2025-03-20,00:00,98,330.90672222222224,330.90672222222224,330.90672222222224,1.0,0.0,0.0
2025-03-20,00:00,99,300.2441083333333,300.2441083333333,300.2441083333333,1.0,0.0,0.0
2025-03-20,00:00,100,269.58149444444444,269.58149444444444,269.58149444444444,1.0,0.0,0.0
2025-03-20,00:00,101,238.9188805555556,238.9188805555556,238.9188805555556,1.0,0.0,0.0
2025-03-20,00:00,102,208.25626666666668,208.25626666666668,208.25626666666668,1.0,0.0,0.0
2025-03-20,00:00,103,173.54688888888887,173.54688888888887,173.54688888888887,1.0,0.0,0.0
2025-03-20,00:00,104,138.83751111111113,138.83751111111113,138.83751111111113,1.0,0.0,0.0
2025-03-20,00:00,105,104.12813333333334,104.12813333333334,104.12813333333334,1.0,0.0,0.0
2025-03-20,00:00,106,69.41875555555556,69.41875555555556,69.41875555555556,1.0,0.0,0.0
2025-03-20,00:00,107,34.70937777777779,34.70937777777779,34.70937777777779,1.0,0.0,0.0
2025-03-20,00:00,108,0.0,0.0,0.0,1.0,0.0,0.0
2025-03-20,00:00,109,0.0,0.0,0.0,1.0,0.0,0.0
2025-03-20,00:00,110,0.0,0.0,0.0,1.0,0.0,0.0
2025-03-20,00:00,111,0.0,0.0,0.0,1.0,0.0,0.0
2025-03-20,00:00,112,0.0,0.0,0.0,1.0,0.0,0.0
2025-03-20,00:00,113,0.0,0.0,0.0,1.0,0.0,0.0
2025-03-20,00:00,114,0.0,0.0,0.0,1.0,0.0,0.0
2025-03-20,00:00,115,0.0,0.0,0.0,1.0,0.0,0.0
2025-03-20,00:00,116,0.0,0.0,0.0,1.0,0.0,0.0
2025-03-20,00:00,117,0.0,0.0,0.0,1.0,0.0,0.0
2025-03-20,00:00,118,0.0,0.0,0.0,1.0,0.0,0.0
2025-03-20,00:00,119,0.0,0.0,0.0,1.0,0.0,0.0
2025-03-20,00:00,120,0.0,0.0,0.0,1.0,0.0,0.0
2025-03-20,00:00,121,0.0,0.0,0.0,1.0,0.0,0.0
2025-03-20,00:00,122,0.0,0.0,0.0,1.0,0.0,0.0
2025-03-20,00:00,123,0.0,0.0,0.0,1.0,0.0,0.0
2025-03-20,00:00,124,0.0,0.0,0.0,1.0,0.0,0.0
2025-03-20,00:00,125,0.0,0.0,0.0,1.0,0.0,0.0
2025-03-20,00:00,126,0.0,0.0,0.0,1.0,0.0,0.0
2025-03-20,00:00,127,0.0,0.0,0.0,1.0,0.0,0.0
2025-03-20,00:00,128,0.0,0.0,0.0,1.0,0.0,0.0
2025-03-20,00:00,129,0.0,0.0,0.0,1.0,0.0,0.0
2025-03-20,00:00,130,0.0,0.0,0.0,1.0,0.0,0.0
2025-03-20,00:00,131,0.0,0.0,0.0,1.0,0.0,0.0
2025-03-20,00:00,132,0.0,0.0,0.0,1.0,0.0,0.0
2025-03-20,00:00,133,0.0,0.0,0.0,1.0,0.0,0.0
2025-03-20,00:00,134,0.0,0.0,0.0,1.0,0.0,0.0
2025-03-20,00:00,135,0.0,0.0,0.0,1.0,0.0,0.0
2025-03-20,00:00,136,0.0,0.0,0.0,1.0,0.0,0.0
2025-03-20,00:00,137,0.0,0.0,0.0,1.0,0.0,0.0
2025-03-20,00:00,138,0.0,0.0,0.0,1.0,0.0,0.0
2025-03-20,00:00,139,0.0,0.0,0.0,1.0,0.0,0.0
2025-03-20,00:00,140,0.0,0.0,0.0,1.0,0.0,0.0
2025-03-20,00:00,141,0.0,0.0,0.0,1.0,0.0,0.0
2025-03-20,00:00,142,0.0,0.0,0.0,1.0,0.0,0.0
2025-03-20,00:00,143,0.0,0.0,0.0,1.0,0.0,0.0
2025-03-20,00:00,144,0.0,0.0,0.0,1.0,0.0,0.0
2025-03-20,06:00,37,48.45720277777778,47.98578055555556,48.19627973765087,0.5534805697044803,0.07814425689698573,0.06304273340530774
2025-03-20,06:00,38,96.91440555555556,95.97156111111111,96.39255947530174,0.5534805697044803,0.07814425689698573,0.06304273340530774
2025-03-20,06:00,39,145.3716083333333,143.95734166666665,144.5888392129526,0.5534805697044803,0.07814425689698573,0.06304273340530774
2025-03-20,06:00,40,193.82881111111112,191.94312222222223,192.78511895060348,0.5534805697044803,0.07814425689698573,0.06304273340530774
2025-03-20,06:00,41,242.28601388888887,239.92890277777775,240.98139868825433,0.5534805697044803,0.07814425689698573,0.06304273340530774
2025-03-20,06:00,42,290.7432166666666,287.9146833333333,289.1776784259052,0.5534805697044803,0.07814425689698573,0.06304273340530774
2025-03-20,06:00,43,347.83453888888886,338.9433388888889,342.9134324475324,0.5534805697044803,0.07814425689698573,0.06304273340530774
2025-03-20,06:00,44,404.9258611111111,389.9719944444444,396.6491864691596,0.5534805697044803,0.07814425689698573,0.06304273340530774
2025-03-20,06:00,45,462.0171833333334,441.00064999999995,450.3849404907868,0.5534805697044803,0.07814425689698573,0.06304273340530774
2025-03-20,06:00,46,519.1085055555556,492.02930555555554,504.120694512414,0.5534805697044803,0.07814425689698573,0.06304273340530774
2025-03-20,06:00,47,576.1998277777777,543.0579611111111,557.8564485340412,0.5534805697044803,0.07814425689698573,0.06304273340530774
2025-03-20,06:00,48,633.29115,594.0866166666666,611.5922025556683,0.5534805697044803,0.07814425689698573,0.06304273340530774
2025-03-20,06:00,49,681.7142777777777,646.8532861111111,662.4193962496479,0.5534805697044803,0.07814425689698573,0.06304273340530774
2025-03-20,06:00,50,730.1374055555555,699.6199555555555,713.2465899436274,0.5534805697044803,0.07814425689698573,0.06304273340530774
2025-03-20,06:00,51,778.5605333333333,752.3866250000001,764.0737836376072,0.5534805697044803,0.07814425689698573,0.06304273340530774
2025-03-20,06:00,52,826.9836611111111,805.1532944444444,814.9009773315868,0.5534805697044803,0.07814425689698573,0.06304273340530774
2025-03-20,06:00,53,875.406788888889,857.9199638888888,865.7281710255663,0.5534805697044803,0.07814425689698573,0.06304273340530774
2025-03-20,06:00,54,923.8299166666667,910.6866333333334,916.5553647195459,0.5534805697044803,0.07814425689698573,0.06304273340530774
2025-03-20,06:00,55,973.6439583333333,947.1895444444444,959.001954262913,0.5534805697044803,0.07814425689698573,0.06304273340530774
2025-03-20,06:00,56,1023.4580000000001,983.6924555555556,1001.4485438062802,0.5534805697044803,0.07814425689698573,0.06304273340530774
2025-03-20,06:00,57,1073.2720416666666,1020.1953666666666,1043.895133349647,0.5534805697044803,0.07814425689698573,0.06304273340530774
2025-03-20,06:00,58,1123.0860833333331,1056.6982777777775,1086.341722893014,0.5534805697044803,0.07814425689698573,0.06304273340530774
2025-03-20,06:00,59,1172.900125,1093.2011888888887,1128.7883124363811,0.5534805697044803,0.07814425689698573,0.06304273340530774
2025-03-20,06:00,60,1222.7141666666666,1129.7041,1171.2349019797484,0.5534805697044803,0.07814425689698573,0.06304273340530774
2025-03-20,06:00,61,1248.0948722222222,1157.7260749999998,1198.077498852158,0.5534805697044803,0.07814425689698573,0.06304273340530774
2025-03-20,06:00,62,1273.4755777777777,1185.74805,1224.9200957245675,0.5534805697044803,0.07814425689698573,0.06304273340530774
2025-03-20,06:00,63,1298.8562833333333,1213.7700249999998,1251.7626925969773,0.5534805697044803,0.07814425689698573,0.06304273340530774
2025-03-20,06:00,64,1324.2369888888888,1241.792,1278.6052894693871,0.5534805697044803,0.07814425689698573,0.06304273340530774
2025-03-20,06:00,65,1349.6176944444444,1269.813975,1305.4478863417967,0.5534805697044803,0.07814425689698573,0.06304273340530774
2025-03-20,06:00,66,1374.9984,1297.83595,1332.2904832142065,0.5534805697044803,0.07814425689698573,0.06304273340530774
2025-03-20,06:00,67,1363.8025499999999,1315.6730972222222,1337.1638330569906,0.5534805697044803,0.07814425689698573,0.06304273340530774
2025-03-20,06:00,68,1352.6067,1333.5102444444444,1342.037182899775,0.5534805697044803,0.07814425689698573,0.06304273340530774
2025-03-20,06:00,69,1341.41085,1351.3473916666667,1346.910532742559,0.5534805697044803,0.07814425689698573,0.06304273340530774
2025-03-20,06:00,70,1330.215,1369.184538888889,1351.7838825853432,0.5534805697044803,0.07814425689698573,0.06304273340530774
2025-03-20,06:00,71,1319.01915,1387.0216861111112,1356.6572324281274,0.5534805697044803,0.07814425689698573,0.06304273340530774
2025-03-20,06:00,72,1307.8233,1404.8588333333332,1361.5305822709115,0.5534805697044803,0.07814425689698573,0.06304273340530774
2025-03-20,06:00,73,1266.0381194444444,1411.0203944444443,1346.282991608496,0.5534805697044803,0.07814425689698573,0.06304273340530774
2025-03-20,06:00,74,1224.2529388888888,1417.1819555555553,1331.0354009460807,0.5534805697044803,0.07814425689698573,0.06304273340530774
2025-03-20,06:00,75,1182.4677583333332,1423.3435166666663,1315.7878102836653,0.5534805697044803,0.07814425689698573,0.06304273340530774
2025-03-20,06:00,76,1140.6825777777776,1429.5050777777778,1300.5402196212501,0.5534805697044803,0.07814425689698573,0.06304273340530774
2025-03-20,06:00,77,1098.8973972222223,1435.6666388888889,1285.2926289588347,0.5534805697044803,0.07814425689698573,0.06304273340530774
2025-03-20,06:00,78,1057.1122166666667,1441.8282,1270.0450382964193,0.5534805697044803,0.07814425689698573,0.06304273340530774
2025-03-20,06:00,79,1044.4610722222224,1415.2061194444443,1249.661252173892,0.5534805697044803,0.07814425689698573,0.06304273340530774
2025-03-20,06:00,80,1031.8099277777778,1388.5840388888887,1229.277466051365,0.5534805697044803,0.07814425689698573,0.06304273340530774
2025-03-20,06:00,81,1019.1587833333333,1361.9619583333333,1208.893679928838,0.5534805697044803,0.07814425689698573,0.06304273340530774
2025-03-20,06:00,82,1006.5076388888889,1335.3398777777777,1188.5098938063109,0.5534805697044803,0.07814425689698573,0.06304273340530774
2025-03-20,06:00,83,993.8564944444445,1308.717797222222,1168.1261076837836,0.5534805697044803,0.07814425689698573,0.06304273340530774
2025-03-20,06:00,84,981.20535,1282.0957166666667,1147.7423215612566,0.5534805697044803,0.07814425689698573,0.06304273340530774
2025-03-20,06:00,85,926.00875,1225.3100916666667,1091.666227098982,0.5534805697044803,0.07814425689698573,0.06304273340530774
2025-03-20,06:00,86,870.81215,1168.5244666666667,1035.5901326367073,0.5534805697044803,0.07814425689698573,0.06304273340530774
2025-03-20,06:00,87,815.61555,1111.7388416666665,979.5140381744326,0.5534805697044803,0.07814425689698573,0.06304273340530774
2025-03-20,06:00,88,760.4189499999999,1054.9532166666668,923.4379437121581,0.5534805697044803,0.07814425689698573,0.06304273340530774
2025-03-20,06:00,89,705.22235,998.1675916666666,867.3618492498833,0.5534805697044803,0.07814425689698573,0.06304273340530774
2025-03-20,06:00,90,650.02575,941.3819666666666,811.2857547876087,0.5534805697044803,0.07814425689698573,0.06304273340530774
2025-03-20,06:00,91,607.0601166666667,880.929411111111,758.6414497803418,0.5534805697044803,0.07814425689698573,0.06304273340530774
2025-03-20,06:00,92,564.0944833333333,820.4768555555556,705.9971447730751,0.5534805697044803,0.07814425689698573,0.06304273340530774
2025-03-20,06:00,93,521.12885,760.0243,653.3528397658083,0.5534805697044803,0.07814425689698573,0.06304273340530774
2025-03-20,06:00,94,478.16321666666664,699.5717444444444,600.7085347585414,0.5534805697044803,0.07814425689698573,0.06304273340530774
2025-03-20,06:00,95,435.19758333333334,639.1191888888889,548.0642297512745,0.5534805697044803,0.07814425689698573,0.06304273340530774
2025-03-20,06:00,96,392.23195,578.6666333333333,495.4199247440077,0.5534805697044803,0.07814425689698573,0.06304273340530774
2025-03-20,06:00,97,361.56933611111117,525.2780805555556,452.1789452518275,0.5534805697044803,0.07814425689698573,0.06304273340530774
2025-03-20,06:00,98,330.90672222222224,471.88952777777774,408.9379657596471,0.5534805697044803,0.07814425689698573,0.06304273340530774
2025-03-20,06:00,99,300.2441083333333,418.500975,365.69698626746674,0.5534805697044803,0.07814425689698573,0.06304273340530774
2025-03-20,06:00,100,269.58149444444444,365.1124222222222,322.4560067752865,0.5534805697044803,0.07814425689698573,0.06304273340530774
2025-03-20,06:00,101,238.9188805555556,311.7238694444444,279.2150272831061,0.5534805697044803,0.07814425689698573,0.06304273340530774
2025-03-20,06:00,102,208.25626666666668,258.33531666666664,235.9740477909258,0.5534805697044803,0.07814425689698573,0.06304273340530774
2025-03-20,06:00,103,173.54688888888887,215.27943055555556,196.6450398257715,0.5534805697044803,0.07814425689698573,0.06304273340530774
2025-03-20,06:00,104,138.83751111111113,172.22354444444446,157.31603186061724,0.5534805697044803,0.07814425689698573,0.06304273340530774
2025-03-20,06:00,105,104.12813333333334,129.16765833333332,117.9870238954629,0.5534805697044803,0.07814425689698573,0.06304273340530774
2025-03-20,06:00,106,69.41875555555556,86.11177222222223,78.65801593030862,0.5534805697044803,0.07814425689698573,0.06304273340530774
2025-03-20,06:00,107,34.70937777777779,43.05588611111109,39.3290079651543,0.5534805697044803,0.07814425689698573,0.06304273340530774
2025-03-20,06:00,108,0.0,0.0,0.0,0.5534805697044803,0.07814425689698573,0.06304273340530774
2025-03-20,06:00,109,0.0,0.0,0.0,0.5534805697044803,0.07814425689698573,0.06304273340530774
2025-03-20,06:00,110,0.0,0.0,0.0,0.5534805697044803,0.07814425689698573,0.06304273340530774
2025-03-20,06:00,111,0.0,0.0,0.0,0.5534805697044803,0.07814425689698573,0.06304273340530774
2025-03-20,06:00,112,0.0,0.0,0.0,0.5534805697044803,0.07814425689698573,0.06304273340530774
2025-03-20,06:00,113,0.0,0.0,0.0,0.5534805697044803,0.07814425689698573,0.06304273340530774
2025-03-20,06:00,114,0.0,0.0,0.0,0.5534805697044803,0.07814425689698573,0.06304273340530774
2025-03-20,06:00,115,0.0,0.0,0.0,0.5534805697044803,0.07814425689698573,0.06304273340530774
2025-03-20,06:00,116,0.0,0.0,0.0,0.5534805697044803,0.07814425689698573,0.06304273340530774
2025-03-20,06:00,117,0.0,0.0,0.0,0.5534805697044803,0.07814425689698573,0.06304273340530774
2025-03-20,06:00,118,0.0,0.0,0.0,0.5534805697044803,0.07814425689698573,0.06304273340530774
2025-03-20,06:00,119,0.0,0.0,0.0,0.5534805697044803,0.07814425689698573,0.06304273340530774
2025-03-20,06:00,120,0.0,0.0,0.0,0.5534805697044803,0.07814425689698573,0.06304273340530774
2025-03-20,06:00,121,0.0,0.0,0.0,0.5534805697044803,0.07814425689698573,0.06304273340530774
2025-03-20,06:00,122,0.0,0.0,0.0,0.5534805697044803,0.07814425689698573,0.06304273340530774
2025-03-20,06:00,123,0.0,0.0,0.0,0.5534805697044803,0.07814425689698573,0.06304273340530774
2025-03-20,06:00,124,0.0,0.0,0.0,0.5534805697044803,0.07814425689698573,0.06304273340530774
2025-03-20,06:00,125,0.0,0.0,0.0,0.5534805697044803,0.07814425689698573,0.06304273340530774
2025-03-20,06:00,126,0.0,0.0,0.0,0.5534805697044803,0.07814425689698573,0.06304273340530774
2025-03-20,06:00,127,0.0,0.0,0.0,0.5534805697044803,0.07814425689698573,0.06304273340530774
2025-03-20,06:00,128,0.0,0.0,0.0,0.5534805697044803,0.07814425689698573,0.06304273340530774
2025-03-20,06:00,129,0.0,0.0,0.0,0.5534805697044803,0.07814425689698573,0.06304273340530774
2025-03-20,06:00,130,0.0,0.0,0.0,0.5534805697044803,0.07814425689698573,0.06304273340530774
2025-03-20,06:00,131,0.0,0.0,0.0,0.5534805697044803,0.07814425689698573,0.06304273340530774
2025-03-20,06:00,132,0.0,0.0,0.0,0.5534805697044803,0.07814425689698573,0.06304273340530774
2025-03-20,06:00,133,0.0,0.0,0.0,0.5534805697044803,0.07814425689698573,0.06304273340530774
2025-03-20,06:00,134,0.0,0.0,0.0,0.5534805697044803,0.07814425689698573,0.06304273340530774
2025-03-20,06:00,135,0.0,0.0,0.0,0.5534805697044803,0.07814425689698573,0.06304273340530774
2025-03-20,06:00,136,0.0,0.0,0.0,0.5534805697044803,0.07814425689698573,0.06304273340530774
2025-03-20,06:00,137,0.0,0.0,0.0,0.5534805697044803,0.07814425689698573,0.06304273340530774
2025-03-20,06:00,138,0.0,0.0,0.0,0.5534805697044803,0.07814425689698573,0.06304273340530774
2025-03-20,06:00,139,0.0,0.0,0.0,0.5534805697044803,0.07814425689698573,0.06304273340530774
2025-03-20,06:00,140,0.0,0.0,0.0,0.5534805697044803,0.07814425689698573,0.06304273340530774
2025-03-20,06:00,141,0.0,0.0,0.0,0.5534805697044803,0.07814425689698573,0.06304273340530774
2025-03-20,06:00,142,0.0,0.0,0.0,0.5534805697044803,0.07814425689698573,0.06304273340530774
2025-03-20,06:00,143,0.0,0.0,0.0,0.5534805697044803,0.07814425689698573,0.06304273340530774
2025-03-20,06:00,144,0.0,0.0,0.0,0.5534805697044803,0.07814425689698573,0.06304273340530774
2025-03-20,12:00,73,1346.282991608496,1297.6136861111108,1314.503816414912,0.6529613453245442,0.06415672469214678,0.03409828242627885
2025-03-20,12:00,74,1331.0354009460807,1292.152372222222,1305.646286200257,0.6529613453245442,0.06415672469214678,0.03409828242627885
2025-03-20,12:00,75,1315.7878102836653,1286.691058333333,1296.7887559856017,0.6529613453245442,0.06415672469214678,0.03409828242627885
2025-03-20,12:00,76,1300.5402196212501,1281.2297444444443,1287.9312257709469,0.6529613453245442,0.06415672469214678,0.03409828242627885
2025-03-20,12:00,77,1285.2926289588347,1275.7684305555554,1279.0736955562916,0.6529613453245442,0.06415672469214678,0.03409828242627885
2025-03-20,12:00,78,1270.0450382964193,1270.3071166666666,1270.2161653416365,0.6529613453245442,0.06415672469214678,0.03409828242627885
2025-03-20,12:00,79,1249.661252173892,1249.9275333333333,1249.8351234779952,0.6529613453245442,0.06415672469214678,0.03409828242627885
2025-03-20,12:00,80,1229.277466051365,1229.54795,1229.4540816143544,0.6529613453245442,0.06415672469214678,0.03409828242627885
2025-03-20,12:00,81,1208.893679928838,1209.1683666666668,1209.0730397507136,0.6529613453245442,0.06415672469214678,0.03409828242627885
2025-03-20,12:00,82,1188.5098938063109,1188.7887833333334,1188.6919978870724,0.6529613453245442,0.06415672469214678,0.03409828242627885
2025-03-20,12:00,83,1168.1261076837836,1168.4092,1168.3109560234313,0.6529613453245442,0.06415672469214678,0.03409828242627885
2025-03-20,12:00,84,1147.7423215612566,1148.0296166666667,1147.9299141597903,0.6529613453245442,0.06415672469214678,0.03409828242627885
2025-03-20,12:00,85,1091.666227098982,1101.2780416666667,1097.9423704701076,0.6529613453245442,0.06415672469214678,0.03409828242627885
2025-03-20,12:00,86,1035.5901326367073,1054.5264666666667,1047.9548267804246,0.6529613453245442,0.06415672469214678,0.03409828242627885
2025-03-20,12:00,87,979.5140381744326,1007.7748916666666,997.9672830907415,0.6529613453245442,0.06415672469214678,0.03409828242627885
2025-03-20,12:00,88,923.4379437121581,961.0233166666667,947.9797394010589,0.6529613453245442,0.06415672469214678,0.03409828242627885
2025-03-20,12:00,89,867.3618492498833,914.2717416666667,897.9921957113759,0.6529613453245442,0.06415672469214678,0.03409828242627885
2025-03-20,12:00,90,811.2857547876087,867.5201666666667,848.0046520216929,0.6529613453245442,0.06415672469214678,0.03409828242627885
2025-03-20,12:00,91,758.6414497803418,813.4041944444444,794.3994052098788,0.6529613453245442,0.06415672469214678,0.03409828242627885
2025-03-20,12:00,92,705.9971447730751,759.2882222222222,740.7941583980646,0.6529613453245442,0.06415672469214678,0.03409828242627885
2025-03-20,12:00,93,653.3528397658083,705.1722499999998,687.1889115862505,0.6529613453245442,0.06415672469214678,0.03409828242627885
2025-03-20,12:00,94,600.7085347585414,651.0562777777777,633.5836647744364,0.6529613453245442,0.06415672469214678,0.03409828242627885
2025-03-20,12:00,95,548.0642297512745,596.9403055555555,579.9784179626222,0.6529613453245442,0.06415672469214678,0.03409828242627885
2025-03-20,12:00,96,495.4199247440077,542.8243333333332,526.373171150808,0.6529613453245442,0.06415672469214678,0.03409828242627885
2025-03-20,12:00,97,452.1789452518275,491.1210444444444,477.60663073040047,0.6529613453245442,0.06415672469214678,0.03409828242627885
2025-03-20,12:00,98,408.9379657596471,439.4177555555555,428.8400903099928,0.6529613453245442,0.06415672469214678,0.03409828242627885
2025-03-20,12:00,99,365.69698626746674,387.7144666666666,380.0735498895851,0.6529613453245442,0.06415672469214678,0.03409828242627885
2025-03-20,12:00,100,322.4560067752865,336.0111777777778,331.30700946917744,0.6529613453245442,0.06415672469214678,0.03409828242627885
2025-03-20,12:00,101,279.2150272831061,284.3078888888889,282.54046904876975,0.6529613453245442,0.06415672469214678,0.03409828242627885
2025-03-20,12:00,102,235.9740477909258,232.6046,233.77392862836206,0.6529613453245442,0.06415672469214678,0.03409828242627885
2025-03-20,12:00,103,196.6450398257715,193.8371666666667,194.81160719030174,0.6529613453245442,0.06415672469214678,0.03409828242627885
2025-03-20,12:00,104,157.31603186061724,155.06973333333332,155.8492857522414,0.6529613453245442,0.06415672469214678,0.03409828242627885
2025-03-20,12:00,105,117.9870238954629,116.3023,116.88696431418103,0.6529613453245442,0.06415672469214678,0.03409828242627885
2025-03-20,12:00,106,78.65801593030862,77.53486666666666,77.9246428761207,0.6529613453245442,0.06415672469214678,0.03409828242627885
2025-03-20,12:00,107,39.3290079651543,38.767433333333315,38.96232143806033,0.6529613453245442,0.06415672469214678,0.03409828242627885
2025-03-20,12:00,108,0.0,0.0,0.0,0.6529613453245442,0.06415672469214678,0.03409828242627885
2025-03-20,12:00,109,0.0,0.0,0.0,0.6529613453245442,0.06415672469214678,0.03409828242627885
2025-03-20,12:00,110,0.0,0.0,0.0,0.6529613453245442,0.06415672469214678,0.03409828242627885
2025-03-20,12:00,111,0.0,0.0,0.0,0.6529613453245442,0.06415672469214678,0.03409828242627885
2025-03-20,12:00,112,0.0,0.0,0.0,0.6529613453245442,0.06415672469214678,0.03409828242627885
2025-03-20,12:00,113,0.0,0.0,0.0,0.6529613453245442,0.06415672469214678,0.03409828242627885
2025-03-20,12:00,114,0.0,0.0,0.0,0.6529613453245442,0.06415672469214678,0.03409828242627885
2025-03-20,12:00,115,0.0,0.0,0.0,0.6529613453245442,0.06415672469214678,0.03409828242627885
2025-03-20,12:00,116,0.0,0.0,0.0,0.6529613453245442,0.06415672469214678,0.03409828242627885
2025-03-20,12:00,117,0.0,0.0,0.0,0.6529613453245442,0.06415672469214678,0.03409828242627885
2025-03-20,12:00,118,0.0,0.0,0.0,0.6529613453245442,0.06415672469214678,0.03409828242627885
2025-03-20,12:00,119,0.0,0.0,0.0,0.6529613453245442,0.06415672469214678,0.03409828242627885
2025-03-20,12:00,120,0.0,0.0,0.0,0.6529613453245442,0.06415672469214678,0.03409828242627885
2025-03-20,12:00,121,0.0,0.0,0.0,0.6529613453245442,0.06415672469214678,0.03409828242627885
2025-03-20,12:00,122,0.0,0.0,0.0,0.6529613453245442,0.06415672469214678,0.03409828242627885
2025-03-20,12:00,123,0.0,0.0,0.0,0.6529613453245442,0.06415672469214678,0.03409828242627885
2025-03-20,12:00,124,0.0,0.0,0.0,0.6529613453245442,0.06415672469214678,0.03409828242627885
2025-03-20,12:00,125,0.0,0.0,0.0,0.6529613453245442,0.06415672469214678,0.03409828242627885
2025-03-20,12:00,126,0.0,0.0,0.0,0.6529613453245442,0.06415672469214678,0.03409828242627885
2025-03-20,12:00,127,0.0,0.0,0.0,0.6529613453245442,0.06415672469214678,0.03409828242627885
2025-03-20,12:00,128,0.0,0.0,0.0,0.6529613453245442,0.06415672469214678,0.03409828242627885
2025-03-20,12:00,129,0.0,0.0,0.0,0.6529613453245442,0.06415672469214678,0.03409828242627885
2025-03-20,12:00,130,0.0,0.0,0.0,0.6529613453245442,0.06415672469214678,0.03409828242627885
2025-03-20,12:00,131,0.0,0.0,0.0,0.6529613453245442,0.06415672469214678,0.03409828242627885
2025-03-20,12:00,132,0.0,0.0,0.0,0.6529613453245442,0.06415672469214678,0.03409828242627885
2025-03-20,12:00,133,0.0,0.0,0.0,0.6529613453245442,0.06415672469214678,0.03409828242627885
2025-03-20,12:00,134,0.0,0.0,0.0,0.6529613453245442,0.06415672469214678,0.03409828242627885
2025-03-20,12:00,135,0.0,0.0,0.0,0.6529613453245442,0.06415672469214678,0.03409828242627885
2025-03-20,12:00,136,0.0,0.0,0.0,0.6529613453245442,0.06415672469214678,0.03409828242627885
2025-03-20,12:00,137,0.0,0.0,0.0,0.6529613453245442,0.06415672469214678,0.03409828242627885
2025-03-20,12:00,138,0.0,0.0,0.0,0.6529613453245442,0.06415672469214678,0.03409828242627885
2025-03-20,12:00,139,0.0,0.0,0.0,0.6529613453245442,0.06415672469214678,0.03409828242627885
2025-03-20,12:00,140,0.0,0.0,0.0,0.6529613453245442,0.06415672469214678,0.03409828242627885
2025-03-20,12:00,141,0.0,0.0,0.0,0.6529613453245442,0.06415672469214678,0.03409828242627885
2025-03-20,12:00,142,0.0,0.0,0.0,0.6529613453245442,0.06415672469214678,0.03409828242627885
2025-03-20,12:00,143,0.0,0.0,0.0,0.6529613453245442,0.06415672469214678,0.03409828242627885
2025-03-20,12:00,144,0.0,0.0,0.0,0.6529613453245442,0.06415672469214678,0.03409828242627885
2025-03-20,18:00,109,0.0,0.0,0.0,0.5,0.9999999974648031,0.9999999974648031
2025-03-20,18:00,110,0.0,0.0,0.0,0.5,0.9999999974648031,0.9999999974648031
2025-03-20,18:00,111,0.0,0.0,0.0,0.5,0.9999999974648031,0.9999999974648031
2025-03-20,18:00,112,0.0,0.0,0.0,0.5,0.9999999974648031,0.9999999974648031
2025-03-20,18:00,113,0.0,0.0,0.0,0.5,0.9999999974648031,0.9999999974648031
2025-03-20,18:00,114,0.0,0.0,0.0,0.5,0.9999999974648031,0.9999999974648031
2025-03-20,18:00,115,0.0,0.0,0.0,0.5,0.9999999974648031,0.9999999974648031
2025-03-20,18:00,116,0.0,0.0,0.0,0.5,0.9999999974648031,0.9999999974648031
2025-03-20,18:00,117,0.0,0.0,0.0,0.5,0.9999999974648031,0.9999999974648031
2025-03-20,18:00,118,0.0,0.0,0.0,0.5,0.9999999974648031,0.9999999974648031
2025-03-20,18:00,119,0.0,0.0,0.0,0.5,0.9999999974648031,0.9999999974648031
2025-03-20,18:00,120,0.0,0.0,0.0,0.5,0.9999999974648031,0.9999999974648031
2025-03-20,18:00,121,0.0,0.0,0.0,0.5,0.9999999974648031,0.9999999974648031
2025-03-20,18:00,122,0.0,0.0,0.0,0.5,0.9999999974648031,0.9999999974648031
2025-03-20,18:00,123,0.0,0.0,0.0,0.5,0.9999999974648031,0.9999999974648031
2025-03-20,18:00,124,0.0,0.0,0.0,0.5,0.9999999974648031,0.9999999974648031
2025-03-20,18:00,125,0.0,0.0,0.0,0.5,0.9999999974648031,0.9999999974648031
2025-03-20,18:00,126,0.0,0.0,0.0,0.5,0.9999999974648031,0.9999999974648031
2025-03-20,18:00,127,0.0,0.0,0.0,0.5,0.9999999974648031,0.9999999974648031
2025-03-20,18:00,128,0.0,0.0,0.0,0.5,0.9999999974648031,0.9999999974648031
2025-03-20,18:00,129,0.0,0.0,0.0,0.5,0.9999999974648031,0.9999999974648031
2025-03-20,18:00,130,0.0,0.0,0.0,0.5,0.9999999974648031,0.9999999974648031
2025-03-20,18:00,131,0.0,0.0,0.0,0.5,0.9999999974648031,0.9999999974648031
2025-03-20,18:00,132,0.0,0.0,0.0,0.5,0.9999999974648031,0.9999999974648031
2025-03-20,18:00,133,0.0,0.0,0.0,0.5,0.9999999974648031,0.9999999974648031
2025-03-20,18:00,134,0.0,0.0,0.0,0.5,0.9999999974648031,0.9999999974648031
2025-03-20,18:00,135,0.0,0.0,0.0,0.5,0.9999999974648031,0.9999999974648031
2025-03-20,18:00,136,0.0,0.0,0.0,0.5,0.9999999974648031,0.9999999974648031
2025-03-20,18:00,137,0.0,0.0,0.0,0.5,0.9999999974648031,0.9999999974648031
2025-03-20,18:00,138,0.0,0.0,0.0,0.5,0.9999999974648031,0.9999999974648031
2025-03-20,18:00,139,0.0,0.0,0.0,0.5,0.9999999974648031,0.9999999974648031
2025-03-20,18:00,140,0.0,0.0,0.0,0.5,0.9999999974648031,0.9999999974648031
2025-03-20,18:00,141,0.0,0.0,0.0,0.5,0.9999999974648031,0.9999999974648031
2025-03-20,18:00,142,0.0,0.0,0.0,0.5,0.9999999974648031,0.9999999974648031
2025-03-20,18:00,143,0.0,0.0,0.0,0.5,0.9999999974648031,0.9999999974648031
2025-03-20,18:00,144,0.0,0.0,0.0,0.5,0.9999999974648031,0.9999999974648031
2025-03-21,00:00,1,0.0,0.0,0.0,1.0,0.0,0.0
2025-03-21,00:00,2,0.0,0.0,0.0,1.0,0.0,0.0
2025-03-21,00:00,3,0.0,0.0,0.0,1.0,0.0,0.0
2025-03-21,00:00,4,0.0,0.0,0.0,1.0,0.0,0.0
2025-03-21,00:00,5,0.0,0.0,0.0,1.0,0.0,0.0
2025-03-21,00:00,6,0.0,0.0,0.0,1.0,0.0,0.0
2025-03-21,00:00,7,0.0,0.0,0.0,1.0,0.0,0.0
2025-03-21,00:00,8,0.0,0.0,0.0,1.0,0.0,0.0
2025-03-21,00:00,9,0.0,0.0,0.0,1.0,0.0,0.0
2025-03-21,00:00,10,0.0,0.0,0.0,1.0,0.0,0.0
2025-03-21,00:00,11,0.0,0.0,0.0,1.0,0.0,0.0
2025-03-21,00:00,12,0.0,0.0,0.0,1.0,0.0,0.0
2025-03-21,00:00,13,0.0,0.0,0.0,1.0,0.0,0.0
2025-03-21,00:00,14,0.0,0.0,0.0,1.0,0.0,0.0
2025-03-21,00:00,15,0.0,0.0,0.0,1.0,0.0,0.0
2025-03-21,00:00,16,0.0,0.0,0.0,1.0,0.0,0.0
2025-03-21,00:00,17,0.0,0.0,0.0,1.0,0.0,0.0
2025-03-21,00:00,18,0.0,0.0,0.0,1.0,0.0,0.0
2025-03-21,00:00,19,0.0,0.0,0.0,1.0,0.0,0.0
2025-03-21,00:00,20,0.0,0.0,0.0,1.0,0.0,0.0
2025-03-21,00:00,21,0.0,0.0,0.0,1.0,0.0,0.0
2025-03-21,00:00,22,0.0,0.0,0.0,1.0,0.0,0.0
2025-03-21,00:00,23,0.0,0.0,0.0,1.0,0.0,0.0
2025-03-21,00:00,24,0.0,0.0,0.0,1.0,0.0,0.0
2025-03-21,00:00,25,0.0,0.0,0.0,1.0,0.0,0.0
2025-03-21,00:00,26,0.0,0.0,0.0,1.0,0.0,0.0
2025-03-21,00:00,27,0.0,0.0,0.0,1.0,0.0,0.0
2025-03-21,00:00,28,0.0,0.0,0.0,1.0,0.0,0.0
2025-03-21,00:00,29,0.0,0.0,0.0,1.0,0.0,0.0
2025-03-21,00:00,30,0.0,0.0,0.0,1.0,0.0,0.0
2025-03-21,00:00,31,0.0,0.0,0.0,1.0,0.0,0.0
2025-03-21,00:00,32,0.0,0.0,0.0,1.0,0.0,0.0
2025-03-21,00:00,33,0.0,0.0,0.0,1.0,0.0,0.0
2025-03-21,00:00,34,0.0,0.0,0.0,1.0,0.0,0.0
2025-03-21,00:00,35,0.0,0.0,0.0,1.0,0.0,0.0
2025-03-21,00:00,36,0.0,0.0,0.0,1.0,0.0,0.0
2025-03-21,00:00,37,45.02675,45.02675,45.02675,1.0,0.0,0.0
2025-03-21,00:00,38,90.0535,90.0535,90.0535,1.0,0.0,0.0
2025-03-21,00:00,39,135.08024999999998,135.08024999999998,135.08024999999998,1.0,0.0,0.0
2025-03-21,00:00,40,180.107,180.107,180.107,1.0,0.0,0.0
2025-03-21,00:00,41,225.13375,225.13375,225.13375,1.0,0.0,0.0
2025-03-21,00:00,42,270.16049999999996,270.16049999999996,270.16049999999996,1.0,0.0,0.0
2025-03-21,00:00,43,339.81083333333333,339.81083333333333,339.81083333333333,1.0,0.0,0.0
2025-03-21,00:00,44,409.4611666666666,409.4611666666666,409.4611666666666,1.0,0.0,0.0
2025-03-21,00:00,45,479.1115,479.1115,479.1115,1.0,0.0,0.0
2025-03-21,00:00,46,548.7618333333332,548.7618333333332,548.7618333333332,1.0,0.0,0.0
2025-03-21,00:00,47,618.4121666666666,618.4121666666666,618.4121666666666,1.0,0.0,0.0
2025-03-21,00:00,48,688.0625,688.0625,688.0625,1.0,0.0,0.0
2025-03-21,00:00,49,743.8125,743.8125,743.8125,1.0,0.0,0.0
2025-03-21,00:00,50,799.5625,799.5625,799.5625,1.0,0.0,0.0
2025-03-21,00:00,51,855.3125,855.3125,855.3125,1.0,0.0,0.0
2025-03-21,00:00,52,911.0625,911.0625,911.0625,1.0,0.0,0.0
2025-03-21,00:00,53,966.8125,966.8125,966.8125,1.0,0.0,0.0
2025-03-21,00:00,54,1022.5625,1022.5625,1022.5625,1.0,0.0,0.0
2025-03-21,00:00,55,1057.5214555555553,1057.5214555555553,1057.5214555555553,1.0,0.0,0.0
2025-03-21,00:00,56,1092.4804111111112,1092.4804111111112,1092.4804111111112,1.0,0.0,0.0
2025-03-21,00:00,57,1127.4393666666665,1127.4393666666665,1127.4393666666665,1.0,0.0,0.0
2025-03-21,00:00,58,1162.398322222222,1162.398322222222,1162.398322222222,1.0,0.0,0.0
2025-03-21,00:00,59,1197.3572777777777,1197.3572777777777,1197.3572777777777,1.0,0.0,0.0
2025-03-21,00:00,60,1232.3162333333332,1232.3162333333332,1232.3162333333332,1.0,0.0,0.0
2025-03-21,00:00,61,1248.849861111111,1248.849861111111,1248.849861111111,1.0,0.0,0.0
2025-03-21,00:00,62,1265.3834888888887,1265.3834888888887,1265.3834888888887,1.0,0.0,0.0
2025-03-21,00:00,63,1281.9171166666665,1281.9171166666665,1281.9171166666665,1.0,0.0,0.0
2025-03-21,00:00,64,1298.4507444444444,1298.4507444444444,1298.4507444444444,1.0,0.0,0.0
2025-03-21,00:00,65,1314.9843722222222,1314.9843722222222,1314.9843722222222,1.0,0.0,0.0
2025-03-21,00:00,66,1331.518,1331.518,1331.518,1.0,0.0,0.0
2025-03-21,00:00,67,1322.1721444444443,1322.1721444444443,1322.1721444444443,1.0,0.0,0.0
2025-03-21,00:00,68,1312.826288888889,1312.826288888889,1312.826288888889,1.0,0.0,0.0
2025-03-21,00:00,69,1303.4804333333332,1303.4804333333332,1303.4804333333332,1.0,0.0,0.0
2025-03-21,00:00,70,1294.1345777777776,1294.1345777777776,1294.1345777777776,1.0,0.0,0.0
2025-03-21,00:00,71,1284.788722222222,1284.788722222222,1284.788722222222,1.0,0.0,0.0
2025-03-21,00:00,72,1275.4428666666665,1275.4428666666665,1275.4428666666665,1.0,0.0,0.0
2025-03-21,00:00,73,1254.2967749999998,1254.2967749999998,1254.2967749999998,1.0,0.0,0.0
2025-03-21,00:00,74,1233.1506833333333,1233.1506833333333,1233.1506833333333,1.0,0.0,0.0
2025-03-21,00:00,75,1212.0045916666666,1212.0045916666666,1212.0045916666666,1.0,0.0,0.0
2025-03-21,00:00,76,1190.8584999999998,1190.8584999999998,1190.8584999999998,1.0,0.0,0.0
2025-03-21,00:00,77,1169.7124083333333,1169.7124083333333,1169.7124083333333,1.0,0.0,0.0
2025-03-21,00:00,78,1148.5663166666666,1148.5663166666666,1148.5663166666666,1.0,0.0,0.0
2025-03-21,00:00,79,1114.3763999999999,1114.3763999999999,1114.3763999999999,1.0,0.0,0.0
2025-03-21,00:00,80,1080.1864833333334,1080.1864833333334,1080.1864833333334,1.0,0.0,0.0
2025-03-21,00:00,81,1045.9965666666667,1045.9965666666667,1045.9965666666667,1.0,0.0,0.0
2025-03-21,00:00,82,1011.80665,1011.80665,1011.80665,1.0,0.0,0.0
2025-03-21,00:00,83,977.6167333333334,977.6167333333334,977.6167333333334,1.0,0.0,0.0
2025-03-21,00:00,84,943.4268166666667,943.4268166666667,943.4268166666667,1.0,0.0,0.0
2025-03-21,00:00,85,897.0984333333333,897.0984333333333,897.0984333333333,1.0,0.0,0.0
2025-03-21,00:00,86,850.7700500000001,850.7700500000001,850.7700500000001,1.0,0.0,0.0
2025-03-21,00:00,87,804.4416666666666,804.4416666666666,804.4416666666666,1.0,0.0,0.0
2025-03-21,00:00,88,758.1132833333332,758.1132833333332,758.1132833333332,1.0,0.0,0.0
2025-03-21,00:00,89,711.7848999999999,711.7848999999999,711.7848999999999,1.0,0.0,0.0
2025-03-21,00:00,90,665.4565166666666,665.4565166666666,665.4565166666666,1.0,0.0,0.0
2025-03-21,00:00,91,650.2709833333333,650.2709833333333,650.2709833333333,1.0,0.0,0.0
2025-03-21,00:00,92,635.0854499999999,635.0854499999999,635.0854499999999,1.0,0.0,0.0
2025-03-21,00:00,93,619.8999166666666,619.8999166666666,619.8999166666666,1.0,0.0,0.0
2025-03-21,00:00,94,604.7143833333333,604.7143833333333,604.7143833333333,1.0,0.0,0.0
2025-03-21,00:00,95,589.5288499999999,589.5288499999999,589.5288499999999,1.0,0.0,0.0
2025-03-21,00:00,96,574.3433166666666,574.3433166666666,574.3433166666666,1.0,0.0,0.0
2025-03-21,00:00,97,524.5136888888889,524.5136888888889,524.5136888888889,1.0,0.0,0.0
2025-03-21,00:00,98,474.6840611111111,474.6840611111111,474.6840611111111,1.0,0.0,0.0
2025-03-21,00:00,99,424.8544333333333,424.8544333333333,424.8544333333333,1.0,0.0,0.0
2025-03-21,00:00,100,375.02480555555553,375.02480555555553,375.02480555555553,1.0,0.0,0.0
2025-03-21,00:00,101,325.19517777777776,325.19517777777776,325.19517777777776,1.0,0.0,0.0
2025-03-21,00:00,102,275.36555,275.36555,275.36555,1.0,0.0,0.0
2025-03-21,00:00,103,229.47129166666664,229.47129166666664,229.47129166666664,1.0,0.0,0.0
2025-03-21,00:00,104,183.5770333333333,183.5770333333333,183.5770333333333,1.0,0.0,0.0
2025-03-21,00:00,105,137.682775,137.682775,137.682775,1.0,0.0,0.0
2025-03-21,00:00,106,91.78851666666665,91.78851666666665,91.78851666666665,1.0,0.0,0.0
2025-03-21,00:00,107,45.894258333333326,45.894258333333326,45.894258333333326,1.0,0.0,0.0
2025-03-21,00:00,108,0.0,0.0,0.0,1.0,0.0,0.0
2025-03-21,00:00,109,0.0,0.0,0.0,1.0,0.0,0.0
2025-03-21,00:00,110,0.0,0.0,0.0,1.0,0.0,0.0
2025-03-21,00:00,111,0.0,0.0,0.0,1.0,0.0,0.0
2025-03-21,00:00,112,0.0,0.0,0.0,1.0,0.0,0.0
2025-03-21,00:00,113,0.0,0.0,0.0,1.0,0.0,0.0
2025-03-21,00:00,114,0.0,0.0,0.0,1.0,0.0,0.0
2025-03-21,00:00,115,0.0,0.0,0.0,1.0,0.0,0.0
2025-03-21,00:00,116,0.0,0.0,0.0,1.0,0.0,0.0
2025-03-21,00:00,117,0.0,0.0,0.0,1.0,0.0,0.0
2025-03-21,00:00,118,0.0,0.0,0.0,1.0,0.0,0.0
2025-03-21,00:00,119,0.0,0.0,0.0,1.0,0.0,0.0
2025-03-21,00:00,120,0.0,0.0,0.0,1.0,0.0,0.0
2025-03-21,00:00,121,0.0,0.0,0.0,1.0,0.0,0.0
2025-03-21,00:00,122,0.0,0.0,0.0,1.0,0.0,0.0
2025-03-21,00:00,123,0.0,0.0,0.0,1.0,0.0,0.0
2025-03-21,00:00,124,0.0,0.0,0.0,1.0,0.0,0.0
2025-03-21,00:00,125,0.0,0.0,0.0,1.0,0.0,0.0
2025-03-21,00:00,126,0.0,0.0,0.0,1.0,0.0,0.0
2025-03-21,00:00,127,0.0,0.0,0.0,1.0,0.0,0.0
2025-03-21,00:00,128,0.0,0.0,0.0,1.0,0.0,0.0
2025-03-21,00:00,129,0.0,0.0,0.0,1.0,0.0,0.0
2025-03-21,00:00,130,0.0,0.0,0.0,1.0,0.0,0.0
2025-03-21,00:00,131,0.0,0.0,0.0,1.0,0.0,0.0
2025-03-21,00:00,132,0.0,0.0,0.0,1.0,0.0,0.0
2025-03-21,00:00,133,0.0,0.0,0.0,1.0,0.0,0.0
2025-03-21,00:00,134,0.0,0.0,0.0,1.0,0.0,0.0
2025-03-21,00:00,135,0.0,0.0,0.0,1.0,0.0,0.0
2025-03-21,00:00,136,0.0,0.0,0.0,1.0,0.0,0.0
2025-03-21,00:00,137,0.0,0.0,0.0,1.0,0.0,0.0
2025-03-21,00:00,138,0.0,0.0,0.0,1.0,0.0,0.0
2025-03-21,00:00,139,0.0,0.0,0.0,1.0,0.0,0.0
2025-03-21,00:00,140,0.0,0.0,0.0,1.0,0.0,0.0
2025-03-21,00:00,141,0.0,0.0,0.0,1.0,0.0,0.0
2025-03-21,00:00,142,0.0,0.0,0.0,1.0,0.0,0.0
2025-03-21,00:00,143,0.0,0.0,0.0,1.0,0.0,0.0
2025-03-21,00:00,144,0.0,0.0,0.0,1.0,0.0,0.0
2025-03-21,06:00,37,45.02675,42.26085555555555,43.53281127681804,0.5401286105414042,0.08484218504508909,0.07223556011911232
2025-03-21,06:00,38,90.0535,84.5217111111111,87.06562255363608,0.5401286105414042,0.08484218504508909,0.07223556011911232
2025-03-21,06:00,39,135.08024999999998,126.78256666666665,130.5984338304541,0.5401286105414042,0.08484218504508909,0.07223556011911232
2025-03-21,06:00,40,180.107,169.0434222222222,174.13124510727215,0.5401286105414042,0.08484218504508909,0.07223556011911232
2025-03-21,06:00,41,225.13375,211.30427777777777,217.66405638409015,0.5401286105414042,0.08484218504508909,0.07223556011911232
2025-03-21,06:00,42,270.16049999999996,253.5651333333333,261.1968676609082,0.5401286105414042,0.08484218504508909,0.07223556011911232
2025-03-21,06:00,43,339.81083333333333,321.67412777777776,330.01467976181254,0.5401286105414042,0.08484218504508909,0.07223556011911232
2025-03-21,06:00,44,409.4611666666666,389.78312222222223,398.8324918627169,0.5401286105414042,0.08484218504508909,0.07223556011911232
2025-03-21,06:00,45,479.1115,457.8921166666667,467.65030396362124,0.5401286105414042,0.08484218504508909,0.07223556011911232
2025-03-21,06:00,46,548.7618333333332,526.0011111111112,536.4681160645256,0.5401286105414042,0.08484218504508909,0.07223556011911232
2025-03-21,06:00,47,618.4121666666666,594.1101055555556,605.2859281654299,0.5401286105414042,0.08484218504508909,0.07223556011911232
2025-03-21,06:00,48,688.0625,662.2191,674.1037402663343,0.5401286105414042,0.08484218504508909,0.07223556011911232
2025-03-21,06:00,49,743.8125,708.5251111111111,724.7527716698103,0.5401286105414042,0.08484218504508909,0.07223556011911232
2025-03-21,06:00,50,799.5625,754.8311222222221,775.4018030732861,0.5401286105414042,0.08484218504508909,0.07223556011911232
2025-03-21,06:00,51,855.3125,801.1371333333333,826.0508344767622,0.5401286105414042,0.08484218504508909,0.07223556011911232
2025-03-21,06:00,52,911.0625,847.4431444444444,876.6998658802382,0.5401286105414042,0.08484218504508909,0.07223556011911232
2025-03-21,06:00,53,966.8125,893.7491555555555,927.3488972837142,0.5401286105414042,0.08484218504508909,0.07223556011911232
2025-03-21,06:00,54,1022.5625,940.0551666666667,977.9979286871902,0.5401286105414042,0.08484218504508909,0.07223556011911232
2025-03-21,06:00,55,1057.5214555555553,974.1590527777777,1012.4950367718013,0.5401286105414042,0.08484218504508909,0.07223556011911232
2025-03-21,06:00,56,1092.4804111111112,1008.2629388888888,1046.992144856413,0.5401286105414042,0.08484218504508909,0.07223556011911232
2025-03-21,06:00,57,1127.4393666666665,1042.366825,1081.4892529410242,0.5401286105414042,0.08484218504508909,0.07223556011911232
2025-03-21,06:00,58,1162.398322222222,1076.470711111111,1115.9863610256357,0.5401286105414042,0.08484218504508909,0.07223556011911232
2025-03-21,06:00,59,1197.3572777777777,1110.574597222222,1150.483469110247,0.5401286105414042,0.08484218504508909,0.07223556011911232
2025-03-21,06:00,60,1232.3162333333332,1144.6784833333331,1184.9805771948581,0.5401286105414042,0.08484218504508909,0.07223556011911232
2025-03-21,06:00,61,1248.849861111111,1186.0216888888888,1214.914567745866,0.5401286105414042,0.08484218504508909,0.07223556011911232
2025-03-21,06:00,62,1265.3834888888887,1227.3648944444444,1244.8485582968738,0.5401286105414042,0.08484218504508909,0.07223556011911232
2025-03-21,06:00,63,1281.9171166666665,1268.7080999999998,1274.7825488478816,0.5401286105414042,0.08484218504508909,0.07223556011911232
2025-03-21,06:00,64,1298.4507444444444,1310.0513055555552,1304.7165393988894,0.5401286105414042,0.08484218504508909,0.07223556011911232
2025-03-21,06:00,65,1314.9843722222222,1351.394511111111,1334.6505299498972,0.5401286105414042,0.08484218504508909,0.07223556011911232
2025-03-21,06:00,66,1331.518,1392.7377166666665,1364.584520500905,0.5401286105414042,0.08484218504508909,0.07223556011911232
2025-03-21,06:00,67,1322.1721444444443,1408.0178888888888,1368.5398871121147,0.5401286105414042,0.08484218504508909,0.07223556011911232
2025-03-21,06:00,68,1312.826288888889,1423.2980611111109,1372.4952537233244,0.5401286105414042,0.08484218504508909,0.07223556011911232
2025-03-21,06:00,69,1303.4804333333332,1438.5782333333332,1376.4506203345336,0.5401286105414042,0.08484218504508909,0.07223556011911232
2025-03-21,06:00,70,1294.1345777777776,1453.8584055555557,1380.4059869457433,0.5401286105414042,0.08484218504508909,0.07223556011911232
2025-03-21,06:00,71,1284.788722222222,1469.1385777777778,1384.361353556953,0.5401286105414042,0.08484218504508909,0.07223556011911232
2025-03-21,06:00,72,1275.4428666666665,1484.41875,1388.3167201681626,0.5401286105414042,0.08484218504508909,0.07223556011911232
2025-03-21,06:00,73,1254.2967749999998,1468.3332666666668,1369.9040078490734,0.5401286105414042,0.08484218504508909,0.07223556011911232
2025-03-21,06:00,74,1233.1506833333333,1452.2477833333335,1351.4912955299847,0.5401286105414042,0.08484218504508909,0.07223556011911232
2025-03-21,06:00,75,1212.0045916666666,1436.1623,1333.0785832108952,0.5401286105414042,0.08484218504508909,0.07223556011911232
2025-03-21,06:00,76,1190.8584999999998,1420.0768166666667,1314.6658708918062,0.5401286105414042,0.08484218504508909,0.07223556011911232
2025-03-21,06:00,77,1169.7124083333333,1403.9913333333334,1296.2531585727172,0.5401286105414042,0.08484218504508909,0.07223556011911232
2025-03-21,06:00,78,1148.5663166666666,1387.90585,1277.8404462536282,0.5401286105414042,0.08484218504508909,0.07223556011911232
2025-03-21,06:00,79,1114.3763999999999,1350.3718805555554,1241.8443110065232,0.5401286105414042,0.08484218504508909,0.07223556011911232
2025-03-21,06:00,80,1080.1864833333334,1312.8379111111112,1205.8481757594184,0.5401286105414042,0.08484218504508909,0.07223556011911232
2025-03-21,06:00,81,1045.9965666666667,1275.3039416666666,1169.8520405123134,0.5401286105414042,0.08484218504508909,0.07223556011911232
2025-03-21,06:00,82,1011.80665,1237.7699722222221,1133.8559052652085,0.5401286105414042,0.08484218504508909,0.07223556011911232
2025-03-21,06:00,83,977.6167333333334,1200.2360027777777,1097.8597700181035,0.5401286105414042,0.08484218504508909,0.07223556011911232
2025-03-21,06:00,84,943.4268166666667,1162.7020333333332,1061.8636347709987,0.5401286105414042,0.08484218504508909,0.07223556011911232
2025-03-21,06:00,85,897.0984333333333,1125.7215138888887,1020.5843001715009,0.5401286105414042,0.08484218504508909,0.07223556011911232
2025-03-21,06:00,86,850.7700500000001,1088.7409944444444,979.3049655720034,0.5401286105414042,0.08484218504508909,0.07223556011911232
2025-03-21,06:00,87,804.4416666666666,1051.760475,938.0256309725058,0.5401286105414042,0.08484218504508909,0.07223556011911232
2025-03-21,06:00,88,758.1132833333332,1014.7799555555555,896.7462963730081,0.5401286105414042,0.08484218504508909,0.07223556011911232
2025-03-21,06:00,89,711.7848999999999,977.799436111111,855.4669617735105,0.5401286105414042,0.08484218504508909,0.07223556011911232
2025-03-21,06:00,90,665.4565166666666,940.8189166666666,814.187627174013,0.5401286105414042,0.08484218504508909,0.07223556011911232
2025-03-21,06:00,91,650.2709833333333,903.8761805555555,787.250406135051,0.5401286105414042,0.08484218504508909,0.07223556011911232
2025-03-21,06:00,92,635.0854499999999,866.9334444444444,760.3131850960889,0.5401286105414042,0.08484218504508909,0.07223556011911232
2025-03-21,06:00,93,619.8999166666666,829.9907083333334,733.3759640571269,0.5401286105414042,0.08484218504508909,0.07223556011911232
2025-03-21,06:00,94,604.7143833333333,793.0479722222223,706.4387430181649,0.5401286105414042,0.08484218504508909,0.07223556011911232
2025-03-21,06:00,95,589.5288499999999,756.1052361111111,679.5015219792028,0.5401286105414042,0.08484218504508909,0.07223556011911232
2025-03-21,06:00,96,574.3433166666666,719.1625,652.5643009402409,0.5401286105414042,0.08484218504508909,0.07223556011911232
2025-03-21,06:00,97,524.5136888888889,653.5445555555556,594.2069516185088,0.5401286105414042,0.08484218504508909,0.07223556011911232
2025-03-21,06:00,98,474.6840611111111,587.9266111111111,535.8496022967765,0.5401286105414042,0.08484218504508909,0.07223556011911232
2025-03-21,06:00,99,424.8544333333333,522.3086666666667,477.4922529750445,0.5401286105414042,0.08484218504508909,0.07223556011911232
2025-03-21,06:00,100,375.02480555555553,456.69072222222223,419.13490365331234,0.5401286105414042,0.08484218504508909,0.07223556011911232
2025-03-21,06:00,101,325.19517777777776,391.0727777777778,360.7775543315802,0.5401286105414042,0.08484218504508909,0.07223556011911232
2025-03-21,06:00,102,275.36555,325.45483333333334,302.420205009848,0.5401286105414042,0.08484218504508909,0.07223556011911232
2025-03-21,06:00,103,229.47129166666664,271.2123611111111,252.0168375082067,0.5401286105414042,0.08484218504508909,0.07223556011911232
2025-03-21,06:00,104,183.5770333333333,216.96988888888887,201.61347000656534,0.5401286105414042,0.08484218504508909,0.07223556011911232
2025-03-21,06:00,105,137.682775,162.72741666666664,151.210102504924,0.5401286105414042,0.08484218504508909,0.07223556011911232
2025-03-21,06:00,106,91.78851666666665,108.48494444444444,100.80673500328267,0.5401286105414042,0.08484218504508909,0.07223556011911232
2025-03-21,06:00,107,45.894258333333326,54.242472222222204,50.40336750164133,0.5401286105414042,0.08484218504508909,0.07223556011911232
2025-03-21,06:00,108,0.0,0.0,0.0,0.5401286105414042,0.08484218504508909,0.07223556011911232
2025-03-21,06:00,109,0.0,0.0,0.0,0.5401286105414042,0.08484218504508909,0.07223556011911232
2025-03-21,06:00,110,0.0,0.0,0.0,0.5401286105414042,0.08484218504508909,0.07223556011911232
2025-03-21,06:00,111,0.0,0.0,0.0,0.5401286105414042,0.08484218504508909,0.07223556011911232
2025-03-21,06:00,112,0.0,0.0,0.0,0.5401286105414042,0.08484218504508909,0.07223556011911232
2025-03-21,06:00,113,0.0,0.0,0.0,0.5401286105414042,0.08484218504508909,0.07223556011911232
2025-03-21,06:00,114,0.0,0.0,0.0,0.5401286105414042,0.08484218504508909,0.07223556011911232
2025-03-21,06:00,115,0.0,0.0,0.0,0.5401286105414042,0.08484218504508909,0.07223556011911232
2025-03-21,06:00,116,0.0,0.0,0.0,0.5401286105414042,0.08484218504508909,0.07223556011911232
2025-03-21,06:00,117,0.0,0.0,0.0,0.5401286105414042,0.08484218504508909,0.07223556011911232
2025-03-21,06:00,118,0.0,0.0,0.0,0.5401286105414042,0.08484218504508909,0.07223556011911232
2025-03-21,06:00,119,0.0,0.0,0.0,0.5401286105414042,0.08484218504508909,0.07223556011911232
2025-03-21,06:00,120,0.0,0.0,0.0,0.5401286105414042,0.08484218504508909,0.07223556011911232
2025-03-21,06:00,121,0.0,0.0,0.0,0.5401286105414042,0.08484218504508909,0.07223556011911232
2025-03-21,06:00,122,0.0,0.0,0.0,0.5401286105414042,0.08484218504508909,0.07223556011911232
2025-03-21,06:00,123,0.0,0.0,0.0,0.5401286105414042,0.08484218504508909,0.07223556011911232
2025-03-21,06:00,124,0.0,0.0,0.0,0.5401286105414042,0.08484218504508909,0.07223556011911232
2025-03-21,06:00,125,0.0,0.0,0.0,0.5401286105414042,0.08484218504508909,0.07223556011911232
2025-03-21,06:00,126,0.0,0.0,0.0,0.5401286105414042,0.08484218504508909,0.07223556011911232
2025-03-21,06:00,127,0.0,0.0,0.0,0.5401286105414042,0.08484218504508909,0.07223556011911232
2025-03-21,06:00,128,0.0,0.0,0.0,0.5401286105414042,0.08484218504508909,0.07223556011911232
2025-03-21,06:00,129,0.0,0.0,0.0,0.5401286105414042,0.08484218504508909,0.07223556011911232
2025-03-21,06:00,130,0.0,0.0,0.0,0.5401286105414042,0.08484218504508909,0.07223556011911232
2025-03-21,06:00,131,0.0,0.0,0.0,0.5401286105414042,0.08484218504508909,0.07223556011911232
2025-03-21,06:00,132,0.0,0.0,0.0,0.5401286105414042,0.08484218504508909,0.07223556011911232
2025-03-21,06:00,133,0.0,0.0,0.0,0.5401286105414042,0.08484218504508909,0.07223556011911232
2025-03-21,06:00,134,0.0,0.0,0.0,0.5401286105414042,0.08484218504508909,0.07223556011911232
2025-03-21,06:00,135,0.0,0.0,0.0,0.5401286105414042,0.08484218504508909,0.07223556011911232
2025-03-21,06:00,136,0.0,0.0,0.0,0.5401286105414042,0.08484218504508909,0.07223556011911232
2025-03-21,06:00,137,0.0,0.0,0.0,0.5401286105414042,0.08484218504508909,0.07223556011911232
2025-03-21,06:00,138,0.0,0.0,0.0,0.5401286105414042,0.08484218504508909,0.07223556011911232
2025-03-21,06:00,139,0.0,0.0,0.0,0.5401286105414042,0.08484218504508909,0.07223556011911232
2025-03-21,06:00,140,0.0,0.0,0.0,0.5401286105414042,0.08484218504508909,0.07223556011911232
2025-03-21,06:00,141,0.0,0.0,0.0,0.5401286105414042,0.08484218504508909,0.07223556011911232
2025-03-21,06:00,142,0.0,0.0,0.0,0.5401286105414042,0.08484218504508909,0.07223556011911232
2025-03-21,06:00,143,0.0,0.0,0.0,0.5401286105414042,0.08484218504508909,0.07223556011911232
2025-03-21,06:00,144,0.0,0.0,0.0,0.5401286105414042,0.08484218504508909,0.07223556011911232
2025-03-21,12:00,73,1369.9040078490734,1458.68925,1428.3480556667432,0.6582630896959252,0.0654907827413013,0.033999497970460896
2025-03-21,12:00,74,1351.4912955299847,1432.95975,1405.1189720821687,0.6582630896959252,0.0654907827413013,0.033999497970460896
2025-03-21,12:00,75,1333.0785832108952,1407.2302499999998,1381.889888497594,0.6582630896959252,0.0654907827413013,0.033999497970460896
2025-03-21,12:00,76,1314.6658708918062,1381.5007500000002,1358.6608049130195,0.6582630896959252,0.0654907827413013,0.033999497970460896
2025-03-21,12:00,77,1296.2531585727172,1355.77125,1335.431721328445,0.6582630896959252,0.0654907827413013,0.033999497970460896
2025-03-21,12:00,78,1277.8404462536282,1330.0417499999999,1312.2026377438704,0.6582630896959252,0.0654907827413013,0.033999497970460896
2025-03-21,12:00,79,1241.8443110065232,1308.0046277777778,1285.3952055396303,0.6582630896959252,0.0654907827413013,0.033999497970460896
2025-03-21,12:00,80,1205.8481757594184,1285.9675055555554,1258.5877733353905,0.6582630896959252,0.0654907827413013,0.033999497970460896
2025-03-21,12:00,81,1169.8520405123134,1263.9303833333333,1231.7803411311504,0.6582630896959252,0.0654907827413013,0.033999497970460896
2025-03-21,12:00,82,1133.8559052652085,1241.893261111111,1204.9729089269106,0.6582630896959252,0.0654907827413013,0.033999497970460896
2025-03-21,12:00,83,1097.8597700181035,1219.8561388888888,1178.1654767226705,0.6582630896959252,0.0654907827413013,0.033999497970460896
2025-03-21,12:00,84,1061.8636347709987,1197.8190166666666,1151.3580445184305,0.6582630896959252,0.0654907827413013,0.033999497970460896
2025-03-21,12:00,85,1020.5843001715009,1150.5557333333331,1106.139697336816,0.6582630896959252,0.0654907827413013,0.033999497970460896
2025-03-21,12:00,86,979.3049655720034,1103.29245,1060.9213501552017,0.6582630896959252,0.0654907827413013,0.033999497970460896
2025-03-21,12:00,87,938.0256309725058,1056.0291666666667,1015.7030029735877,0.6582630896959252,0.0654907827413013,0.033999497970460896
2025-03-21,12:00,88,896.7462963730081,1008.7658833333335,970.4846557919732,0.6582630896959252,0.0654907827413013,0.033999497970460896
2025-03-21,12:00,89,855.4669617735105,961.5026,925.2663086103588,0.6582630896959252,0.0654907827413013,0.033999497970460896
2025-03-21,12:00,90,814.187627174013,914.2393166666667,880.0479614287444,0.6582630896959252,0.0654907827413013,0.033999497970460896
2025-03-21,12:00,91,787.250406135051,874.8463250000001,844.911566331846,0.6582630896959252,0.0654907827413013,0.033999497970460896
2025-03-21,12:00,92,760.3131850960889,835.4533333333334,809.7751712349473,0.6582630896959252,0.0654907827413013,0.033999497970460896
2025-03-21,12:00,93,733.3759640571269,796.0603416666665,774.6387761380486,0.6582630896959252,0.0654907827413013,0.033999497970460896
2025-03-21,12:00,94,706.4387430181649,756.6673499999999,739.50238104115,0.6582630896959252,0.0654907827413013,0.033999497970460896
2025-03-21,12:00,95,679.5015219792028,717.2743583333333,704.3659859442513,0.6582630896959252,0.0654907827413013,0.033999497970460896
2025-03-21,12:00,96,652.5643009402409,677.8813666666666,669.2295908473527,0.6582630896959252,0.0654907827413013,0.033999497970460896
2025-03-21,12:00,97,594.2069516185088,608.9950749999999,603.9414274064137,0.6582630896959252,0.0654907827413013,0.033999497970460896
2025-03-21,12:00,98,535.8496022967765,540.1087833333333,538.6532639654747,0.6582630896959252,0.0654907827413013,0.033999497970460896
2025-03-21,12:00,99,477.4922529750445,471.22249166666666,473.3651005245357,0.6582630896959252,0.0654907827413013,0.033999497970460896
2025-03-21,12:00,100,419.13490365331234,402.3362,408.0769370835967,0.6582630896959252,0.0654907827413013,0.033999497970460896
2025-03-21,12:00,101,360.7775543315802,333.4499083333333,342.7887736426577,0.6582630896959252,0.0654907827413013,0.033999497970460896
2025-03-21,12:00,102,302.420205009848,264.56361666666663,277.5006102017187,0.6582630896959252,0.0654907827413013,0.033999497970460896
2025-03-21,12:00,103,252.0168375082067,220.4696805555555,231.25050850143222,0.6582630896959252,0.0654907827413013,0.033999497970460896
2025-03-21,12:00,104,201.61347000656534,176.37574444444442,185.0004068011458,0.6582630896959252,0.0654907827413013,0.033999497970460896
2025-03-21,12:00,105,151.210102504924,132.28180833333332,138.75030510085935,0.6582630896959252,0.0654907827413013,0.033999497970460896
2025-03-21,12:00,106,100.80673500328267,88.18787222222218,92.50020340057287,0.6582630896959252,0.0654907827413013,0.033999497970460896
2025-03-21,12:00,107,50.40336750164133,44.09393611111109,46.250101700286436,0.6582630896959252,0.0654907827413013,0.033999497970460896
2025-03-21,12:00,108,0.0,0.0,0.0,0.6582630896959252,0.0654907827413013,0.033999497970460896
2025-03-21,12:00,109,0.0,0.0,0.0,0.6582630896959252,0.0654907827413013,0.033999497970460896
2025-03-21,12:00,110,0.0,0.0,0.0,0.6582630896959252,0.0654907827413013,0.033999497970460896
2025-03-21,12:00,111,0.0,0.0,0.0,0.6582630896959252,0.0654907827413013,0.033999497970460896
2025-03-21,12:00,112,0.0,0.0,0.0,0.6582630896959252,0.0654907827413013,0.033999497970460896
2025-03-21,12:00,113,0.0,0.0,0.0,0.6582630896959252,0.0654907827413013,0.033999497970460896
2025-03-21,12:00,114,0.0,0.0,0.0,0.6582630896959252,0.0654907827413013,0.033999497970460896
2025-03-21,12:00,115,0.0,0.0,0.0,0.6582630896959252,0.0654907827413013,0.033999497970460896
2025-03-21,12:00,116,0.0,0.0,0.0,0.6582630896959252,0.0654907827413013,0.033999497970460896
2025-03-21,12:00,117,0.0,0.0,0.0,0.6582630896959252,0.0654907827413013,0.033999497970460896
2025-03-21,12:00,118,0.0,0.0,0.0,0.6582630896959252,0.0654907827413013,0.033999497970460896
2025-03-21,12:00,119,0.0,0.0,0.0,0.6582630896959252,0.0654907827413013,0.033999497970460896
2025-03-21,12:00,120,0.0,0.0,0.0,0.6582630896959252,0.0654907827413013,0.033999497970460896
2025-03-21,12:00,121,0.0,0.0,0.0,0.6582630896959252,0.0654907827413013,0.033999497970460896
2025-03-21,12:00,122,0.0,0.0,0.0,0.6582630896959252,0.0654907827413013,0.033999497970460896
2025-03-21,12:00,123,0.0,0.0,0.0,0.6582630896959252,0.0654907827413013,0.033999497970460896
2025-03-21,12:00,124,0.0,0.0,0.0,0.6582630896959252,0.0654907827413013,0.033999497970460896
2025-03-21,12:00,125,0.0,0.0,0.0,0.6582630896959252,0.0654907827413013,0.033999497970460896
2025-03-21,12:00,126,0.0,0.0,0.0,0.6582630896959252,0.0654907827413013,0.033999497970460896
2025-03-21,12:00,127,0.0,0.0,0.0,0.6582630896959252,0.0654907827413013,0.033999497970460896
2025-03-21,12:00,128,0.0,0.0,0.0,0.6582630896959252,0.0654907827413013,0.033999497970460896
2025-03-21,12:00,129,0.0,0.0,0.0,0.6582630896959252,0.0654907827413013,0.033999497970460896
2025-03-21,12:00,130,0.0,0.0,0.0,0.6582630896959252,0.0654907827413013,0.033999497970460896
2025-03-21,12:00,131,0.0,0.0,0.0,0.6582630896959252,0.0654907827413013,0.033999497970460896
2025-03-21,12:00,132,0.0,0.0,0.0,0.6582630896959252,0.0654907827413013,0.033999497970460896
2025-03-21,12:00,133,0.0,0.0,0.0,0.6582630896959252,0.0654907827413013,0.033999497970460896
2025-03-21,12:00,134,0.0,0.0,0.0,0.6582630896959252,0.0654907827413013,0.033999497970460896
2025-03-21,12:00,135,0.0,0.0,0.0,0.6582630896959252,0.0654907827413013,0.033999497970460896
2025-03-21,12:00,136,0.0,0.0,0.0,0.6582630896959252,0.0654907827413013,0.033999497970460896
2025-03-21,12:00,137,0.0,0.0,0.0,0.6582630896959252,0.0654907827413013,0.033999497970460896
2025-03-21,12:00,138,0.0,0.0,0.0,0.6582630896959252,0.0654907827413013,0.033999497970460896
2025-03-21,12:00,139,0.0,0.0,0.0,0.6582630896959252,0.0654907827413013,0.033999497970460896
2025-03-21,12:00,140,0.0,0.0,0.0,0.6582630896959252,0.0654907827413013,0.033999497970460896
2025-03-21,12:00,141,0.0,0.0,0.0,0.6582630896959252,0.0654907827413013,0.033999497970460896
2025-03-21,12:00,142,0.0,0.0,0.0,0.6582630896959252,0.0654907827413013,0.033999497970460896
2025-03-21,12:00,143,0.0,0.0,0.0,0.6582630896959252,0.0654907827413013,0.033999497970460896
2025-03-21,12:00,144,0.0,0.0,0.0,0.6582630896959252,0.0654907827413013,0.033999497970460896
2025-03-21,18:00,109,0.0,0.0,0.0,0.5,0.9999999978888479,0.9999999978888479
2025-03-21,18:00,110,0.0,0.0,0.0,0.5,0.9999999978888479,0.9999999978888479
2025-03-21,18:00,111,0.0,0.0,0.0,0.5,0.9999999978888479,0.9999999978888479
2025-03-21,18:00,112,0.0,0.0,0.0,0.5,0.9999999978888479,0.9999999978888479
2025-03-21,18:00,113,0.0,0.0,0.0,0.5,0.9999999978888479,0.9999999978888479
2025-03-21,18:00,114,0.0,0.0,0.0,0.5,0.9999999978888479,0.9999999978888479
2025-03-21,18:00,115,0.0,0.0,0.0,0.5,0.9999999978888479,0.9999999978888479
2025-03-21,18:00,116,0.0,0.0,0.0,0.5,0.9999999978888479,0.9999999978888479
2025-03-21,18:00,117,0.0,0.0,0.0,0.5,0.9999999978888479,0.9999999978888479
2025-03-21,18:00,118,0.0,0.0,0.0,0.5,0.9999999978888479,0.9999999978888479
2025-03-21,18:00,119,0.0,0.0,0.0,0.5,0.9999999978888479,0.9999999978888479
2025-03-21,18:00,120,0.0,0.0,0.0,0.5,0.9999999978888479,0.9999999978888479
2025-03-21,18:00,121,0.0,0.0,0.0,0.5,0.9999999978888479,0.9999999978888479
2025-03-21,18:00,122,0.0,0.0,0.0,0.5,0.9999999978888479,0.9999999978888479
2025-03-21,18:00,123,0.0,0.0,0.0,0.5,0.9999999978888479,0.9999999978888479
2025-03-21,18:00,124,0.0,0.0,0.0,0.5,0.9999999978888479,0.9999999978888479
2025-03-21,18:00,125,0.0,0.0,0.0,0.5,0.9999999978888479,0.9999999978888479
2025-03-21,18:00,126,0.0,0.0,0.0,0.5,0.9999999978888479,0.9999999978888479
2025-03-21,18:00,127,0.0,0.0,0.0,0.5,0.9999999978888479,0.9999999978888479
2025-03-21,18:00,128,0.0,0.0,0.0,0.5,0.9999999978888479,0.9999999978888479
2025-03-21,18:00,129,0.0,0.0,0.0,0.5,0.9999999978888479,0.9999999978888479
2025-03-21,18:00,130,0.0,0.0,0.0,0.5,0.9999999978888479,0.9999999978888479
2025-03-21,18:00,131,0.0,0.0,0.0,0.5,0.9999999978888479,0.9999999978888479
2025-03-21,18:00,132,0.0,0.0,0.0,0.5,0.9999999978888479,0.9999999978888479
2025-03-21,18:00,133,0.0,0.0,0.0,0.5,0.9999999978888479,0.9999999978888479
2025-03-21,18:00,134,0.0,0.0,0.0,0.5,0.9999999978888479,0.9999999978888479
2025-03-21,18:00,135,0.0,0.0,0.0,0.5,0.9999999978888479,0.9999999978888479
2025-03-21,18:00,136,0.0,0.0,0.0,0.5,0.9999999978888479,0.9999999978888479
2025-03-21,18:00,137,0.0,0.0,0.0,0.5,0.9999999978888479,0.9999999978888479
2025-03-21,18:00,138,0.0,0.0,0.0,0.5,0.9999999978888479,0.9999999978888479
2025-03-21,18:00,139,0.0,0.0,0.0,0.5,0.9999999978888479,0.9999999978888479
2025-03-21,18:00,140,0.0,0.0,0.0,0.5,0.9999999978888479,0.9999999978888479
2025-03-21,18:00,141,0.0,0.0,0.0,0.5,0.9999999978888479,0.9999999978888479
2025-03-21,18:00,142,0.0,0.0,0.0,0.5,0.9999999978888479,0.9999999978888479
2025-03-21,18:00,143,0.0,0.0,0.0,0.5,0.9999999978888479,0.9999999978888479
2025-03-21,18:00,144,0.0,0.0,0.0,0.5,0.9999999978888479,0.9999999978888479
2025-03-22,00:00,1,0.0,0.0,0.0,1.0,0.0,0.0
2025-03-22,00:00,2,0.0,0.0,0.0,1.0,0.0,0.0
2025-03-22,00:00,3,0.0,0.0,0.0,1.0,0.0,0.0
2025-03-22,00:00,4,0.0,0.0,0.0,1.0,0.0,0.0
2025-03-22,00:00,5,0.0,0.0,0.0,1.0,0.0,0.0
2025-03-22,00:00,6,0.0,0.0,0.0,1.0,0.0,0.0
2025-03-22,00:00,7,0.0,0.0,0.0,1.0,0.0,0.0
2025-03-22,00:00,8,0.0,0.0,0.0,1.0,0.0,0.0
2025-03-22,00:00,9,0.0,0.0,0.0,1.0,0.0,0.0
2025-03-22,00:00,10,0.0,0.0,0.0,1.0,0.0,0.0
2025-03-22,00:00,11,0.0,0.0,0.0,1.0,0.0,0.0
2025-03-22,00:00,12,0.0,0.0,0.0,1.0,0.0,0.0
2025-03-22,00:00,13,0.0,0.0,0.0,1.0,0.0,0.0
2025-03-22,00:00,14,0.0,0.0,0.0,1.0,0.0,0.0
2025-03-22,00:00,15,0.0,0.0,0.0,1.0,0.0,0.0
2025-03-22,00:00,16,0.0,0.0,0.0,1.0,0.0,0.0
2025-03-22,00:00,17,0.0,0.0,0.0,1.0,0.0,0.0
2025-03-22,00:00,18,0.0,0.0,0.0,1.0,0.0,0.0
2025-03-22,00:00,19,0.0,0.0,0.0,1.0,0.0,0.0
2025-03-22,00:00,20,0.0,0.0,0.0,1.0,0.0,0.0
2025-03-22,00:00,21,0.0,0.0,0.0,1.0,0.0,0.0
2025-03-22,00:00,22,0.0,0.0,0.0,1.0,0.0,0.0
2025-03-22,00:00,23,0.0,0.0,0.0,1.0,0.0,0.0
2025-03-22,00:00,24,0.0,0.0,0.0,1.0,0.0,0.0
2025-03-22,00:00,25,0.0,0.0,0.0,1.0,0.0,0.0
2025-03-22,00:00,26,0.0,0.0,0.0,1.0,0.0,0.0
2025-03-22,00:00,27,0.0,0.0,0.0,1.0,0.0,0.0
2025-03-22,00:00,28,0.0,0.0,0.0,1.0,0.0,0.0
2025-03-22,00:00,29,0.0,0.0,0.0,1.0,0.0,0.0
2025-03-22,00:00,30,0.0,0.0,0.0,1.0,0.0,0.0
2025-03-22,00:00,31,0.0,0.0,0.0,1.0,0.0,0.0
2025-03-22,00:00,32,0.0,0.0,0.0,1.0,0.0,0.0
2025-03-22,00:00,33,0.0,0.0,0.0,1.0,0.0,0.0
2025-03-22,00:00,34,0.0,0.0,0.0,1.0,0.0,0.0
2025-03-22,00:00,35,0.0,0.0,0.0,1.0,0.0,0.0
2025-03-22,00:00,36,0.0,0.0,0.0,1.0,0.0,0.0
2025-03-22,00:00,37,43.257616666666664,43.257616666666664,43.257616666666664,1.0,0.0,0.0
2025-03-22,00:00,38,86.51523333333333,86.51523333333333,86.51523333333333,1.0,0.0,0.0
2025-03-22,00:00,39,129.77285,129.77285,129.77285,1.0,0.0,0.0
2025-03-22,00:00,40,173.03046666666665,173.03046666666665,173.03046666666665,1.0,0.0,0.0
2025-03-22,00:00,41,216.2880833333333,216.2880833333333,216.2880833333333,1.0,0.0,0.0
2025-03-22,00:00,42,259.5457,259.5457,259.5457,1.0,0.0,0.0
2025-03-22,00:00,43,307.9887611111111,307.9887611111111,307.9887611111111,1.0,0.0,0.0
2025-03-22,00:00,44,356.4318222222222,356.4318222222222,356.4318222222222,1.0,0.0,0.0
2025-03-22,00:00,45,404.8748833333333,404.8748833333333,404.8748833333333,1.0,0.0,0.0
2025-03-22,00:00,46,453.3179444444445,453.3179444444445,453.3179444444445,1.0,0.0,0.0
2025-03-22,00:00,47,501.7610055555556,501.7610055555556,501.7610055555556,1.0,0.0,0.0
2025-03-22,00:00,48,550.2040666666667,550.2040666666667,550.2040666666667,1.0,0.0,0.0
2025-03-22,00:00,49,601.9702194444444,601.9702194444444,601.9702194444444,1.0,0.0,0.0
2025-03-22,00:00,50,653.7363722222221,653.7363722222221,653.7363722222221,1.0,0.0,0.0
2025-03-22,00:00,51,705.502525,705.502525,705.502525,1.0,0.0,0.0
2025-03-22,00:00,52,757.2686777777777,757.2686777777777,757.2686777777777,1.0,0.0,0.0
2025-03-22,00:00,53,809.0348305555556,809.0348305555556,809.0348305555556,1.0,0.0,0.0
2025-03-22,00:00,54,860.8009833333333,860.8009833333333,860.8009833333333,1.0,0.0,0.0
2025-03-22,00:00,55,891.2644972222222,891.2644972222222,891.2644972222222,1.0,0.0,0.0
2025-03-22,00:00,56,921.7280111111111,921.7280111111111,921.7280111111111,1.0,0.0,0.0
2025-03-22,00:00,57,952.191525,952.191525,952.191525,1.0,0.0,0.0
2025-03-22,00:00,58,982.6550388888888,982.6550388888888,982.6550388888888,1.0,0.0,0.0
2025-03-22,00:00,59,1013.1185527777777,1013.1185527777777,1013.1185527777777,1.0,0.0,0.0
2025-03-22,00:00,60,1043.5820666666666,1043.5820666666666,1043.5820666666666,1.0,0.0,0.0
2025-03-22,00:00,61,1080.6371972222223,1080.6371972222223,1080.6371972222223,1.0,0.0,0.0
2025-03-22,00:00,62,1117.6923277777778,1117.6923277777778,1117.6923277777778,1.0,0.0,0.0
2025-03-22,00:00,63,1154.7474583333333,1154.7474583333333,1154.7474583333333,1.0,0.0,0.0
2025-03-22,00:00,64,1191.8025888888887,1191.8025888888887,1191.8025888888887,1.0,0.0,0.0
2025-03-22,00:00,65,1228.8577194444445,1228.8577194444445,1228.8577194444445,1.0,0.0,0.0
2025-03-22,00:00,66,1265.91285,1265.91285,1265.91285,1.0,0.0,0.0
2025-03-22,00:00,67,1282.569386111111,1282.569386111111,1282.569386111111,1.0,0.0,0.0
2025-03-22,00:00,68,1299.2259222222222,1299.2259222222222,1299.2259222222222,1.0,0.0,0.0
2025-03-22,00:00,69,1315.8824583333333,1315.8824583333333,1315.8824583333333,1.0,0.0,0.0
2025-03-22,00:00,70,1332.5389944444444,1332.5389944444444,1332.5389944444444,1.0,0.0,0.0
2025-03-22,00:00,71,1349.1955305555555,1349.1955305555555,1349.1955305555555,1.0,0.0,0.0
2025-03-22,00:00,72,1365.8520666666666,1365.8520666666666,1365.8520666666666,1.0,0.0,0.0
2025-03-22,00:00,73,1333.4732694444442,1333.4732694444442,1333.4732694444442,1.0,0.0,0.0
2025-03-22,00:00,74,1301.094472222222,1301.094472222222,1301.094472222222,1.0,0.0,0.0
2025-03-22,00:00,75,1268.715675,1268.715675,1268.715675,1.0,0.0,0.0
2025-03-22,00:00,76,1236.3368777777778,1236.3368777777778,1236.3368777777778,1.0,0.0,0.0
2025-03-22,00:00,77,1203.9580805555554,1203.9580805555554,1203.9580805555554,1.0,0.0,0.0
2025-03-22,00:00,78,1171.5792833333333,1171.5792833333333,1171.5792833333333,1.0,0.0,0.0
2025-03-22,00:00,79,1121.8807194444444,1121.8807194444444,1121.8807194444444,1.0,0.0,0.0
2025-03-22,00:00,80,1072.1821555555555,1072.1821555555555,1072.1821555555555,1.0,0.0,0.0
2025-03-22,00:00,81,1022.4835916666667,1022.4835916666667,1022.4835916666667,1.0,0.0,0.0
2025-03-22,00:00,82,972.7850277777777,972.7850277777777,972.7850277777777,1.0,0.0,0.0
2025-03-22,00:00,83,923.0864638888888,923.0864638888888,923.0864638888888,1.0,0.0,0.0
2025-03-22,00:00,84,873.3879,873.3879,873.3879,1.0,0.0,0.0
2025-03-22,00:00,85,858.547725,858.547725,858.547725,1.0,0.0,0.0
2025-03-22,00:00,86,843.7075500000001,843.7075500000001,843.7075500000001,1.0,0.0,0.0
2025-03-22,00:00,87,828.867375,828.867375,828.867375,1.0,0.0,0.0
2025-03-22,00:00,88,814.0272,814.0272,814.0272,1.0,0.0,0.0
2025-03-22,00:00,89,799.187025,799.187025,799.187025,1.0,0.0,0.0
2025-03-22,00:00,90,784.34685,784.34685,784.34685,1.0,0.0,0.0
2025-03-22,00:00,91,738.8305499999999,738.8305499999999,738.8305499999999,1.0,0.0,0.0
2025-03-22,00:00,92,693.31425,693.31425,693.31425,1.0,0.0,0.0
2025-03-22,00:00,93,647.7979499999999,647.7979499999999,647.7979499999999,1.0,0.0,0.0
2025-03-22,00:00,94,602.28165,602.28165,602.28165,1.0,0.0,0.0
2025-03-22,00:00,95,556.7653499999999,556.7653499999999,556.7653499999999,1.0,0.0,0.0
2025-03-22,00:00,96,511.24904999999995,511.24904999999995,511.24904999999995,1.0,0.0,0.0
2025-03-22,00:00,97,465.6998583333333,465.6998583333333,465.6998583333333,1.0,0.0,0.0
2025-03-22,00:00,98,420.15066666666667,420.15066666666667,420.15066666666667,1.0,0.0,0.0
2025-03-22,00:00,99,374.601475,374.601475,374.601475,1.0,0.0,0.0
2025-03-22,00:00,100,329.0522833333333,329.0522833333333,329.0522833333333,1.0,0.0,0.0
2025-03-22,00:00,101,283.50309166666665,283.50309166666665,283.50309166666665,1.0,0.0,0.0
2025-03-22,00:00,102,237.9539,237.9539,237.9539,1.0,0.0,0.0
2025-03-22,00:00,103,198.29491666666667,198.29491666666667,198.29491666666667,1.0,0.0,0.0
2025-03-22,00:00,104,158.63593333333336,158.63593333333336,158.63593333333336,1.0,0.0,0.0
2025-03-22,00:00,105,118.97695,118.97695,118.97695,1.0,0.0,0.0
2025-03-22,00:00,106,79.31796666666668,79.31796666666668,79.31796666666668,1.0,0.0,0.0
2025-03-22,00:00,107,39.658983333333325,39.658983333333325,39.658983333333325,1.0,0.0,0.0
2025-03-22,00:00,108,0.0,0.0,0.0,1.0,0.0,0.0
2025-03-22,00:00,109,0.0,0.0,0.0,1.0,0.0,0.0
2025-03-22,00:00,110,0.0,0.0,0.0,1.0,0.0,0.0
2025-03-22,00:00,111,0.0,0.0,0.0,1.0,0.0,0.0
2025-03-22,00:00,112,0.0,0.0,0.0,1.0,0.0,0.0
2025-03-22,00:00,113,0.0,0.0,0.0,1.0,0.0,0.0
2025-03-22,00:00,114,0.0,0.0,0.0,1.0,0.0,0.0
2025-03-22,00:00,115,0.0,0.0,0.0,1.0,0.0,0.0
2025-03-22,00:00,116,0.0,0.0,0.0,1.0,0.0,0.0
2025-03-22,00:00,117,0.0,0.0,0.0,1.0,0.0,0.0
2025-03-22,00:00,118,0.0,0.0,0.0,1.0,0.0,0.0
2025-03-22,00:00,119,0.0,0.0,0.0,1.0,0.0,0.0
2025-03-22,00:00,120,0.0,0.0,0.0,1.0,0.0,0.0
2025-03-22,00:00,121,0.0,0.0,0.0,1.0,0.0,0.0
2025-03-22,00:00,122,0.0,0.0,0.0,1.0,0.0,0.0
2025-03-22,00:00,123,0.0,0.0,0.0,1.0,0.0,0.0
2025-03-22,00:00,124,0.0,0.0,0.0,1.0,0.0,0.0
2025-03-22,00:00,125,0.0,0.0,0.0,1.0,0.0,0.0
2025-03-22,00:00,126,0.0,0.0,0.0,1.0,0.0,0.0
2025-03-22,00:00,127,0.0,0.0,0.0,1.0,0.0,0.0
2025-03-22,00:00,128,0.0,0.0,0.0,1.0,0.0,0.0
2025-03-22,00:00,129,0.0,0.0,0.0,1.0,0.0,0.0
2025-03-22,00:00,130,0.0,0.0,0.0,1.0,0.0,0.0
2025-03-22,00:00,131,0.0,0.0,0.0,1.0,0.0,0.0
2025-03-22,00:00,132,0.0,0.0,0.0,1.0,0.0,0.0
2025-03-22,00:00,133,0.0,0.0,0.0,1.0,0.0,0.0
2025-03-22,00:00,134,0.0,0.0,0.0,1.0,0.0,0.0
2025-03-22,00:00,135,0.0,0.0,0.0,1.0,0.0,0.0
2025-03-22,00:00,136,0.0,0.0,0.0,1.0,0.0,0.0
2025-03-22,00:00,137,0.0,0.0,0.0,1.0,0.0,0.0
2025-03-22,00:00,138,0.0,0.0,0.0,1.0,0.0,0.0
2025-03-22,00:00,139,0.0,0.0,0.0,1.0,0.0,0.0
2025-03-22,00:00,140,0.0,0.0,0.0,1.0,0.0,0.0
2025-03-22,00:00,141,0.0,0.0,0.0,1.0,0.0,0.0
2025-03-22,00:00,142,0.0,0.0,0.0,1.0,0.0,0.0
2025-03-22,00:00,143,0.0,0.0,0.0,1.0,0.0,0.0
2025-03-22,00:00,144,0.0,0.0,0.0,1.0,0.0,0.0
2025-03-22,06:00,37,43.257616666666664,46.88463611111111,45.39544030978578,0.5894160965675708,0.09725172655804923,0.06774499704021499
2025-03-22,06:00,38,86.51523333333333,93.76927222222221,90.79088061957157,0.5894160965675708,0.09725172655804923,0.06774499704021499
2025-03-22,06:00,39,129.77285,140.65390833333333,136.18632092935738,0.5894160965675708,0.09725172655804923,0.06774499704021499
2025-03-22,06:00,40,173.03046666666665,187.53854444444443,181.58176123914313,0.5894160965675708,0.09725172655804923,0.06774499704021499
2025-03-22,06:00,41,216.2880833333333,234.42318055555555,226.97720154892892,0.5894160965675708,0.09725172655804923,0.06774499704021499
2025-03-22,06:00,42,259.5457,281.30781666666667,272.37264185871476,0.5894160965675708,0.09725172655804923,0.06774499704021499
2025-03-22,06:00,43,307.9887611111111,328.09833055555555,319.8416650367101,0.5894160965675708,0.09725172655804923,0.06774499704021499
2025-03-22,06:00,44,356.4318222222222,374.8888444444445,367.31068821470535,0.5894160965675708,0.09725172655804923,0.06774499704021499
2025-03-22,06:00,45,404.8748833333333,421.6793583333333,414.7797113927006,0.5894160965675708,0.09725172655804923,0.06774499704021499
2025-03-22,06:00,46,453.3179444444445,468.46987222222225,462.248734570696,0.5894160965675708,0.09725172655804923,0.06774499704021499
2025-03-22,06:00,47,501.7610055555556,515.2603861111111,509.71775774869127,0.5894160965675708,0.09725172655804923,0.06774499704021499
2025-03-22,06:00,48,550.2040666666667,562.0509,557.1867809266865,0.5894160965675708,0.09725172655804923,0.06774499704021499
2025-03-22,06:00,49,601.9702194444444,603.0835611111111,602.6264409437571,0.5894160965675708,0.09725172655804923,0.06774499704021499
2025-03-22,06:00,50,653.7363722222221,644.1162222222222,648.0661009608276,0.5894160965675708,0.09725172655804923,0.06774499704021499
2025-03-22,06:00,51,705.502525,685.1488833333333,693.5057609778983,0.5894160965675708,0.09725172655804923,0.06774499704021499
2025-03-22,06:00,52,757.2686777777777,726.1815444444444,738.9454209949688,0.5894160965675708,0.09725172655804923,0.06774499704021499
2025-03-22,06:00,53,809.0348305555556,767.2142055555556,784.3850810120394,0.5894160965675708,0.09725172655804923,0.06774499704021499
2025-03-22,06:00,54,860.8009833333333,808.2468666666666,829.8247410291099,0.5894160965675708,0.09725172655804923,0.06774499704021499
2025-03-22,06:00,55,891.2644972222222,846.7978194444445,865.0551215791165,0.5894160965675708,0.09725172655804923,0.06774499704021499
2025-03-22,06:00,56,921.7280111111111,885.3487722222222,900.2855021291231,0.5894160965675708,0.09725172655804923,0.06774499704021499
2025-03-22,06:00,57,952.191525,923.8997249999999,935.5158826791294,0.5894160965675708,0.09725172655804923,0.06774499704021499
2025-03-22,06:00,58,982.6550388888888,962.4506777777776,970.746263229136,0.5894160965675708,0.09725172655804923,0.06774499704021499
2025-03-22,06:00,59,1013.1185527777777,1001.0016305555555,1005.9766437791426,0.5894160965675708,0.09725172655804923,0.06774499704021499
2025-03-22,06:00,60,1043.5820666666666,1039.5525833333331,1041.2070243291491,0.5894160965675708,0.09725172655804923,0.06774499704021499
2025-03-22,06:00,61,1080.6371972222223,1085.0672333333332,1083.2483318144868,0.5894160965675708,0.09725172655804923,0.06774499704021499
2025-03-22,06:00,62,1117.6923277777778,1130.5818833333333,1125.289639299824,0.5894160965675708,0.09725172655804923,0.06774499704021499
2025-03-22,06:00,63,1154.7474583333333,1176.0965333333334,1167.3309467851616,0.5894160965675708,0.09725172655804923,0.06774499704021499
2025-03-22,06:00,64,1191.8025888888887,1221.6111833333332,1209.372254270499,0.5894160965675708,0.09725172655804923,0.06774499704021499
2025-03-22,06:00,65,1228.8577194444445,1267.125833333333,1251.4135617558363,0.5894160965675708,0.09725172655804923,0.06774499704021499
2025-03-22,06:00,66,1265.91285,1312.6404833333331,1293.454869241174,0.5894160965675708,0.09725172655804923,0.06774499704021499
2025-03-22,06:00,67,1282.569386111111,1341.2448805555555,1317.1536670107275,0.5894160965675708,0.09725172655804923,0.06774499704021499
2025-03-22,06:00,68,1299.2259222222222,1369.8492777777776,1340.8524647802815,0.5894160965675708,0.09725172655804923,0.06774499704021499
2025-03-22,06:00,69,1315.8824583333333,1398.453675,1364.551262549835,0.5894160965675708,0.09725172655804923,0.06774499704021499
2025-03-22,06:00,70,1332.5389944444444,1427.058072222222,1388.2500603193887,0.5894160965675708,0.09725172655804923,0.06774499704021499
2025-03-22,06:00,71,1349.1955305555555,1455.6624694444445,1411.9488580889424,0.5894160965675708,0.09725172655804923,0.06774499704021499
2025-03-22,06:00,72,1365.8520666666666,1484.2668666666664,1435.6476558584961,0.5894160965675708,0.09725172655804923,0.06774499704021499
2025-03-22,06:00,73,1333.4732694444442,1479.8996444444442,1419.7793318314834,0.5894160965675708,0.09725172655804923,0.06774499704021499
2025-03-22,06:00,74,1301.094472222222,1475.532422222222,1403.9110078044712,0.5894160965675708,0.09725172655804923,0.06774499704021499
2025-03-22,06:00,75,1268.715675,1471.1652,1388.0426837774587,0.5894160965675708,0.09725172655804923,0.06774499704021499
2025-03-22,06:00,76,1236.3368777777778,1466.7979777777775,1372.1743597504462,0.5894160965675708,0.09725172655804923,0.06774499704021499
2025-03-22,06:00,77,1203.9580805555554,1462.4307555555554,1356.3060357234338,0.5894160965675708,0.09725172655804923,0.06774499704021499
2025-03-22,06:00,78,1171.5792833333333,1458.0635333333332,1340.4377116964213,0.5894160965675708,0.09725172655804923,0.06774499704021499
2025-03-22,06:00,79,1121.8807194444444,1401.9059555555555,1286.9321010534677,0.5894160965675708,0.09725172655804923,0.06774499704021499
2025-03-22,06:00,80,1072.1821555555555,1345.7483777777777,1233.4264904105144,0.5894160965675708,0.09725172655804923,0.06774499704021499
2025-03-22,06:00,81,1022.4835916666667,1289.5908,1179.920879767561,0.5894160965675708,0.09725172655804923,0.06774499704021499
2025-03-22,06:00,82,972.7850277777777,1233.4332222222222,1126.4152691246072,0.5894160965675708,0.09725172655804923,0.06774499704021499
2025-03-22,06:00,83,923.0864638888888,1177.2756444444444,1072.9096584816539,0.5894160965675708,0.09725172655804923,0.06774499704021499
2025-03-22,06:00,84,873.3879,1121.1180666666667,1019.4040478387004,0.5894160965675708,0.09725172655804923,0.06774499704021499
2025-03-22,06:00,85,858.547725,1085.2557444444444,992.1730808815093,0.5894160965675708,0.09725172655804923,0.06774499704021499
2025-03-22,06:00,86,843.7075500000001,1049.3934222222222,964.9421139243184,0.5894160965675708,0.09725172655804923,0.06774499704021499
2025-03-22,06:00,87,828.867375,1013.5310999999999,937.7111469671273,0.5894160965675708,0.09725172655804923,0.06774499704021499
2025-03-22,06:00,88,814.0272,977.6687777777777,910.4801800099362,0.5894160965675708,0.09725172655804923,0.06774499704021499
2025-03-22,06:00,89,799.187025,941.8064555555554,883.2492130527452,0.5894160965675708,0.09725172655804923,0.06774499704021499
2025-03-22,06:00,90,784.34685,905.9441333333332,856.0182460955542,0.5894160965675708,0.09725172655804923,0.06774499704021499
2025-03-22,06:00,91,738.8305499999999,848.6777777777777,803.5762742155466,0.5894160965675708,0.09725172655804923,0.06774499704021499
2025-03-22,06:00,92,693.31425,791.4114222222221,751.1343023355389,0.5894160965675708,0.09725172655804923,0.06774499704021499
2025-03-22,06:00,93,647.7979499999999,734.1450666666666,698.6923304555312,0.5894160965675708,0.09725172655804923,0.06774499704021499
2025-03-22,06:00,94,602.28165,676.878711111111,646.2503585755236,0.5894160965675708,0.09725172655804923,0.06774499704021499
2025-03-22,06:00,95,556.7653499999999,619.6123555555555,593.808386695516,0.5894160965675708,0.09725172655804923,0.06774499704021499
2025-03-22,06:00,96,511.24904999999995,562.346,541.3664148155083,0.5894160965675708,0.09725172655804923,0.06774499704021499
2025-03-22,06:00,97,465.6998583333333,512.2906555555555,493.1612241680267,0.5894160965675708,0.09725172655804923,0.06774499704021499
2025-03-22,06:00,98,420.15066666666667,462.2353111111111,444.95603352054525,0.5894160965675708,0.09725172655804923,0.06774499704021499
2025-03-22,06:00,99,374.601475,412.17996666666664,396.7508428730637,0.5894160965675708,0.09725172655804923,0.06774499704021499
2025-03-22,06:00,100,329.0522833333333,362.12462222222223,348.5456522255821,0.5894160965675708,0.09725172655804923,0.06774499704021499
2025-03-22,06:00,101,283.50309166666665,312.06927777777776,300.34046157810053,0.5894160965675708,0.09725172655804923,0.06774499704021499
2025-03-22,06:00,102,237.9539,262.0139333333333,252.13527093061896,0.5894160965675708,0.09725172655804923,0.06774499704021499
2025-03-22,06:00,103,198.29491666666667,218.34494444444442,210.1127257755158,0.5894160965675708,0.09725172655804923,0.06774499704021499
2025-03-22,06:00,104,158.63593333333336,174.6759555555555,168.09018062041264,0.5894160965675708,0.09725172655804923,0.06774499704021499
2025-03-22,06:00,105,118.97695,131.00696666666664,126.06763546530948,0.5894160965675708,0.09725172655804923,0.06774499704021499
2025-03-22,06:00,106,79.31796666666668,87.33797777777775,84.04509031020632,0.5894160965675708,0.09725172655804923,0.06774499704021499
2025-03-22,06:00,107,39.658983333333325,43.6689888888889,42.02254515510316,0.5894160965675708,0.09725172655804923,0.06774499704021499
2025-03-22,06:00,108,0.0,0.0,0.0,0.5894160965675708,0.09725172655804923,0.06774499704021499
2025-03-22,06:00,109,0.0,0.0,0.0,0.5894160965675708,0.09725172655804923,0.06774499704021499
2025-03-22,06:00,110,0.0,0.0,0.0,0.5894160965675708,0.09725172655804923,0.06774499704021499
2025-03-22,06:00,111,0.0,0.0,0.0,0.5894160965675708,0.09725172655804923,0.06774499704021499
2025-03-22,06:00,112,0.0,0.0,0.0,0.5894160965675708,0.09725172655804923,0.06774499704021499
2025-03-22,06:00,113,0.0,0.0,0.0,0.5894160965675708,0.09725172655804923,0.06774499704021499
2025-03-22,06:00,114,0.0,0.0,0.0,0.5894160965675708,0.09725172655804923,0.06774499704021499
2025-03-22,06:00,115,0.0,0.0,0.0,0.5894160965675708,0.09725172655804923,0.06774499704021499
2025-03-22,06:00,116,0.0,0.0,0.0,0.5894160965675708,0.09725172655804923,0.06774499704021499
2025-03-22,06:00,117,0.0,0.0,0.0,0.5894160965675708,0.09725172655804923,0.06774499704021499
2025-03-22,06:00,118,0.0,0.0,0.0,0.5894160965675708,0.09725172655804923,0.06774499704021499
2025-03-22,06:00,119,0.0,0.0,0.0,0.5894160965675708,0.09725172655804923,0.06774499704021499
2025-03-22,06:00,120,0.0,0.0,0.0,0.5894160965675708,0.09725172655804923,0.06774499704021499
2025-03-22,06:00,121,0.0,0.0,0.0,0.5894160965675708,0.09725172655804923,0.06774499704021499
2025-03-22,06:00,122,0.0,0.0,0.0,0.5894160965675708,0.09725172655804923,0.06774499704021499
2025-03-22,06:00,123,0.0,0.0,0.0,0.5894160965675708,0.09725172655804923,0.06774499704021499
2025-03-22,06:00,124,0.0,0.0,0.0,0.5894160965675708,0.09725172655804923,0.06774499704021499
2025-03-22,06:00,125,0.0,0.0,0.0,0.5894160965675708,0.09725172655804923,0.06774499704021499
2025-03-22,06:00,126,0.0,0.0,0.0,0.5894160965675708,0.09725172655804923,0.06774499704021499
2025-03-22,06:00,127,0.0,0.0,0.0,0.5894160965675708,0.09725172655804923,0.06774499704021499
2025-03-22,06:00,128,0.0,0.0,0.0,0.5894160965675708,0.09725172655804923,0.06774499704021499
2025-03-22,06:00,129,0.0,0.0,0.0,0.5894160965675708,0.09725172655804923,0.06774499704021499
2025-03-22,06:00,130,0.0,0.0,0.0,0.5894160965675708,0.09725172655804923,0.06774499704021499
2025-03-22,06:00,131,0.0,0.0,0.0,0.5894160965675708,0.09725172655804923,0.06774499704021499
2025-03-22,06:00,132,0.0,0.0,0.0,0.5894160965675708,0.09725172655804923,0.06774499704021499
2025-03-22,06:00,133,0.0,0.0,0.0,0.5894160965675708,0.09725172655804923,0.06774499704021499
2025-03-22,06:00,134,0.0,0.0,0.0,0.5894160965675708,0.09725172655804923,0.06774499704021499
2025-03-22,06:00,135,0.0,0.0,0.0,0.5894160965675708,0.09725172655804923,0.06774499704021499
2025-03-22,06:00,136,0.0,0.0,0.0,0.5894160965675708,0.09725172655804923,0.06774499704021499
2025-03-22,06:00,137,0.0,0.0,0.0,0.5894160965675708,0.09725172655804923,0.06774499704021499
2025-03-22,06:00,138,0.0,0.0,0.0,0.5894160965675708,0.09725172655804923,0.06774499704021499
2025-03-22,06:00,139,0.0,0.0,0.0,0.5894160965675708,0.09725172655804923,0.06774499704021499
2025-03-22,06:00,140,0.0,0.0,0.0,0.5894160965675708,0.09725172655804923,0.06774499704021499
2025-03-22,06:00,141,0.0,0.0,0.0,0.5894160965675708,0.09725172655804923,0.06774499704021499
2025-03-22,06:00,142,0.0,0.0,0.0,0.5894160965675708,0.09725172655804923,0.06774499704021499
2025-03-22,06:00,143,0.0,0.0,0.0,0.5894160965675708,0.09725172655804923,0.06774499704021499
2025-03-22,06:00,144,0.0,0.0,0.0,0.5894160965675708,0.09725172655804923,0.06774499704021499
2025-03-22,12:00,73,1419.7793318314834,1350.8390916666665,1373.0463886531688,0.6778761296245728,0.06883513648088876,0.0327101605359704
2025-03-22,12:00,74,1403.9110078044712,1336.484433333333,1358.204142468133,0.6778761296245728,0.06883513648088876,0.0327101605359704
2025-03-22,12:00,75,1388.0426837774587,1322.1297749999999,1343.3618962830974,0.6778761296245728,0.06883513648088876,0.0327101605359704
2025-03-22,12:00,76,1372.1743597504462,1307.7751166666667,1328.5196500980617,0.6778761296245728,0.06883513648088876,0.0327101605359704
2025-03-22,12:00,77,1356.3060357234338,1293.4204583333333,1313.677403913026,0.6778761296245728,0.06883513648088876,0.0327101605359704
2025-03-22,12:00,78,1340.4377116964213,1279.0657999999999,1298.83515772799,0.6778761296245728,0.06883513648088876,0.0327101605359704
2025-03-22,12:00,79,1286.9321010534677,1238.1129805555556,1253.8387845986674,0.6778761296245728,0.06883513648088876,0.0327101605359704
2025-03-22,12:00,80,1233.4264904105144,1197.160161111111,1208.8424114693444,0.6778761296245728,0.06883513648088876,0.0327101605359704
2025-03-22,12:00,81,1179.920879767561,1156.2073416666667,1163.846038340022,0.6778761296245728,0.06883513648088876,0.0327101605359704
2025-03-22,12:00,82,1126.4152691246072,1115.2545222222222,1118.8496652106992,0.6778761296245728,0.06883513648088876,0.0327101605359704
2025-03-22,12:00,83,1072.9096584816539,1074.3017027777778,1073.8532920813764,0.6778761296245728,0.06883513648088876,0.0327101605359704
2025-03-22,12:00,84,1019.4040478387004,1033.3488833333333,1028.8569189520535,0.6778761296245728,0.06883513648088876,0.0327101605359704
2025-03-22,12:00,85,992.1730808815093,998.897375,996.731319353009,0.6778761296245728,0.06883513648088876,0.0327101605359704
2025-03-22,12:00,86,964.9421139243184,964.4458666666667,964.6057197539646,0.6778761296245728,0.06883513648088876,0.0327101605359704
2025-03-22,12:00,87,937.7111469671273,929.9943583333334,932.4801201549202,0.6778761296245728,0.06883513648088876,0.0327101605359704
2025-03-22,12:00,88,910.4801800099362,895.5428499999999,900.3545205558756,0.6778761296245728,0.06883513648088876,0.0327101605359704
2025-03-22,12:00,89,883.2492130527452,861.0913416666667,868.2289209568313,0.6778761296245728,0.06883513648088876,0.0327101605359704
2025-03-22,12:00,90,856.0182460955542,826.6398333333333,836.1033213577867,0.6778761296245728,0.06883513648088876,0.0327101605359704
2025-03-22,12:00,91,803.5762742155466,780.6194027777776,788.0143590570228,0.6778761296245728,0.06883513648088876,0.0327101605359704
2025-03-22,12:00,92,751.1343023355389,734.5989722222222,739.9253967562591,0.6778761296245728,0.06883513648088876,0.0327101605359704
2025-03-22,12:00,93,698.6923304555312,688.5785416666668,691.8364344554954,0.6778761296245728,0.06883513648088876,0.0327101605359704
2025-03-22,12:00,94,646.2503585755236,642.5581111111111,643.7474721547314,0.6778761296245728,0.06883513648088876,0.0327101605359704
2025-03-22,12:00,95,593.808386695516,596.5376805555555,595.6585098539676,0.6778761296245728,0.06883513648088876,0.0327101605359704
2025-03-22,12:00,96,541.3664148155083,550.51725,547.5695475532038,0.6778761296245728,0.06883513648088876,0.0327101605359704
2025-03-22,12:00,97,493.1612241680267,503.28675000000004,500.0250764294184,0.6778761296245728,0.06883513648088876,0.0327101605359704
2025-03-22,12:00,98,444.95603352054525,456.05625,452.48060530563293,0.6778761296245728,0.06883513648088876,0.0327101605359704
2025-03-22,12:00,99,396.7508428730637,408.82574999999997,404.9361341818475,0.6778761296245728,0.06883513648088876,0.0327101605359704
2025-03-22,12:00,100,348.5456522255821,361.59524999999996,357.3916630580619,0.6778761296245728,0.06883513648088876,0.0327101605359704
2025-03-22,12:00,101,300.34046157810053,314.36474999999996,309.8471919342764,0.6778761296245728,0.06883513648088876,0.0327101605359704
2025-03-22,12:00,102,252.13527093061896,267.13424999999995,262.3027208104909,0.6778761296245728,0.06883513648088876,0.0327101605359704
2025-03-22,12:00,103,210.1127257755158,222.61187499999997,218.58560067540913,0.6778761296245728,0.06883513648088876,0.0327101605359704
2025-03-22,12:00,104,168.09018062041264,178.0895,174.86848054032728,0.6778761296245728,0.06883513648088876,0.0327101605359704
2025-03-22,12:00,105,126.06763546530948,133.56712499999998,131.15136040524544,0.6778761296245728,0.06883513648088876,0.0327101605359704
2025-03-22,12:00,106,84.04509031020632,89.04475000000002,87.43424027016367,0.6778761296245728,0.06883513648088876,0.0327101605359704
2025-03-22,12:00,107,42.02254515510316,44.52237500000001,43.717120135081835,0.6778761296245728,0.06883513648088876,0.0327101605359704
2025-03-22,12:00,108,0.0,0.0,0.0,0.6778761296245728,0.06883513648088876,0.0327101605359704
2025-03-22,12:00,109,0.0,0.0,0.0,0.6778761296245728,0.06883513648088876,0.0327101605359704
2025-03-22,12:00,110,0.0,0.0,0.0,0.6778761296245728,0.06883513648088876,0.0327101605359704
2025-03-22,12:00,111,0.0,0.0,0.0,0.6778761296245728,0.06883513648088876,0.0327101605359704
2025-03-22,12:00,112,0.0,0.0,0.0,0.6778761296245728,0.06883513648088876,0.0327101605359704
2025-03-22,12:00,113,0.0,0.0,0.0,0.6778761296245728,0.06883513648088876,0.0327101605359704
2025-03-22,12:00,114,0.0,0.0,0.0,0.6778761296245728,0.06883513648088876,0.0327101605359704
2025-03-22,12:00,115,0.0,0.0,0.0,0.6778761296245728,0.06883513648088876,0.0327101605359704
2025-03-22,12:00,116,0.0,0.0,0.0,0.6778761296245728,0.06883513648088876,0.0327101605359704
2025-03-22,12:00,117,0.0,0.0,0.0,0.6778761296245728,0.06883513648088876,0.0327101605359704
2025-03-22,12:00,118,0.0,0.0,0.0,0.6778761296245728,0.06883513648088876,0.0327101605359704
2025-03-22,12:00,119,0.0,0.0,0.0,0.6778761296245728,0.06883513648088876,0.0327101605359704
2025-03-22,12:00,120,0.0,0.0,0.0,0.6778761296245728,0.06883513648088876,0.0327101605359704
2025-03-22,12:00,121,0.0,0.0,0.0,0.6778761296245728,0.06883513648088876,0.0327101605359704
2025-03-22,12:00,122,0.0,0.0,0.0,0.6778761296245728,0.06883513648088876,0.0327101605359704
2025-03-22,12:00,123,0.0,0.0,0.0,0.6778761296245728,0.06883513648088876,0.0327101605359704
2025-03-22,12:00,124,0.0,0.0,0.0,0.6778761296245728,0.06883513648088876,0.0327101605359704
2025-03-22,12:00,125,0.0,0.0,0.0,0.6778761296245728,0.06883513648088876,0.0327101605359704
2025-03-22,12:00,126,0.0,0.0,0.0,0.6778761296245728,0.06883513648088876,0.0327101605359704
2025-03-22,12:00,127,0.0,0.0,0.0,0.6778761296245728,0.06883513648088876,0.0327101605359704
2025-03-22,12:00,128,0.0,0.0,0.0,0.6778761296245728,0.06883513648088876,0.0327101605359704
2025-03-22,12:00,129,0.0,0.0,0.0,0.6778761296245728,0.06883513648088876,0.0327101605359704
2025-03-22,12:00,130,0.0,0.0,0.0,0.6778761296245728,0.06883513648088876,0.0327101605359704
2025-03-22,12:00,131,0.0,0.0,0.0,0.6778761296245728,0.06883513648088876,0.0327101605359704
2025-03-22,12:00,132,0.0,0.0,0.0,0.6778761296245728,0.06883513648088876,0.0327101605359704
2025-03-22,12:00,133,0.0,0.0,0.0,0.6778761296245728,0.06883513648088876,0.0327101605359704
2025-03-22,12:00,134,0.0,0.0,0.0,0.6778761296245728,0.06883513648088876,0.0327101605359704
2025-03-22,12:00,135,0.0,0.0,0.0,0.6778761296245728,0.06883513648088876,0.0327101605359704
2025-03-22,12:00,136,0.0,0.0,0.0,0.6778761296245728,0.06883513648088876,0.0327101605359704
2025-03-22,12:00,137,0.0,0.0,0.0,0.6778761296245728,0.06883513648088876,0.0327101605359704
2025-03-22,12:00,138,0.0,0.0,0.0,0.6778761296245728,0.06883513648088876,0.0327101605359704
2025-03-22,12:00,139,0.0,0.0,0.0,0.6778761296245728,0.06883513648088876,0.0327101605359704
2025-03-22,12:00,140,0.0,0.0,0.0,0.6778761296245728,0.06883513648088876,0.0327101605359704
2025-03-22,12:00,141,0.0,0.0,0.0,0.6778761296245728,0.06883513648088876,0.0327101605359704
2025-03-22,12:00,142,0.0,0.0,0.0,0.6778761296245728,0.06883513648088876,0.0327101605359704
2025-03-22,12:00,143,0.0,0.0,0.0,0.6778761296245728,0.06883513648088876,0.0327101605359704
2025-03-22,12:00,144,0.0,0.0,0.0,0.6778761296245728,0.06883513648088876,0.0327101605359704
2025-03-22,18:00,109,0.0,0.0,0.0,0.5,0.9999999981624347,0.9999999981624347
2025-03-22,18:00,110,0.0,0.0,0.0,0.5,0.9999999981624347,0.9999999981624347
2025-03-22,18:00,111,0.0,0.0,0.0,0.5,0.9999999981624347,0.9999999981624347
2025-03-22,18:00,112,0.0,0.0,0.0,0.5,0.9999999981624347,0.9999999981624347
2025-03-22,18:00,113,0.0,0.0,0.0,0.5,0.9999999981624347,0.9999999981624347
2025-03-22,18:00,114,0.0,0.0,0.0,0.5,0.9999999981624347,0.9999999981624347
2025-03-22,18:00,115,0.0,0.0,0.0,0.5,0.9999999981624347,0.9999999981624347
2025-03-22,18:00,116,0.0,0.0,0.0,0.5,0.9999999981624347,0.9999999981624347
2025-03-22,18:00,117,0.0,0.0,0.0,0.5,0.9999999981624347,0.9999999981624347
2025-03-22,18:00,118,0.0,0.0,0.0,0.5,0.9999999981624347,0.9999999981624347
2025-03-22,18:00,119,0.0,0.0,0.0,0.5,0.9999999981624347,0.9999999981624347
2025-03-22,18:00,120,0.0,0.0,0.0,0.5,0.9999999981624347,0.9999999981624347
2025-03-22,18:00,121,0.0,0.0,0.0,0.5,0.9999999981624347,0.9999999981624347
2025-03-22,18:00,122,0.0,0.0,0.0,0.5,0.9999999981624347,0.9999999981624347
2025-03-22,18:00,123,0.0,0.0,0.0,0.5,0.9999999981624347,0.9999999981624347
2025-03-22,18:00,124,0.0,0.0,0.0,0.5,0.9999999981624347,0.9999999981624347
2025-03-22,18:00,125,0.0,0.0,0.0,0.5,0.9999999981624347,0.9999999981624347
2025-03-22,18:00,126,0.0,0.0,0.0,0.5,0.9999999981624347,0.9999999981624347
2025-03-22,18:00,127,0.0,0.0,0.0,0.5,0.9999999981624347,0.9999999981624347
2025-03-22,18:00,128,0.0,0.0,0.0,0.5,0.9999999981624347,0.9999999981624347
2025-03-22,18:00,129,0.0,0.0,0.0,0.5,0.9999999981624347,0.9999999981624347
2025-03-22,18:00,130,0.0,0.0,0.0,0.5,0.9999999981624347,0.9999999981624347
2025-03-22,18:00,131,0.0,0.0,0.0,0.5,0.9999999981624347,0.9999999981624347
2025-03-22,18:00,132,0.0,0.0,0.0,0.5,0.9999999981624347,0.9999999981624347
2025-03-22,18:00,133,0.0,0.0,0.0,0.5,0.9999999981624347,0.9999999981624347
2025-03-22,18:00,134,0.0,0.0,0.0,0.5,0.9999999981624347,0.9999999981624347
2025-03-22,18:00,135,0.0,0.0,0.0,0.5,0.9999999981624347,0.9999999981624347
2025-03-22,18:00,136,0.0,0.0,0.0,0.5,0.9999999981624347,0.9999999981624347
2025-03-22,18:00,137,0.0,0.0,0.0,0.5,0.9999999981624347,0.9999999981624347
2025-03-22,18:00,138,0.0,0.0,0.0,0.5,0.9999999981624347,0.9999999981624347
2025-03-22,18:00,139,0.0,0.0,0.0,0.5,0.9999999981624347,0.9999999981624347
2025-03-22,18:00,140,0.0,0.0,0.0,0.5,0.9999999981624347,0.9999999981624347
2025-03-22,18:00,141,0.0,0.0,0.0,0.5,0.9999999981624347,0.9999999981624347
2025-03-22,18:00,142,0.0,0.0,0.0,0.5,0.9999999981624347,0.9999999981624347
2025-03-22,18:00,143,0.0,0.0,0.0,0.5,0.9999999981624347,0.9999999981624347
2025-03-22,18:00,144,0.0,0.0,0.0,0.5,0.9999999981624347,0.9999999981624347
