date,slot,price_yuan_per_kwh,soc_day_start_kwh,x_plan_kwh,y_plan_kwh,q_plan_kwh,z_plan_kwh,soc_plan_end_kwh,soc_plan_start_kwh,grid_purchase_plan_kwh,pv_forecast_kwh,risk_adjusted_net_load_kwh,planned_cost_slot_yuan,price_forecast_yuan_per_kwh,price_real_yuan_per_kwh,settled_plan_cost_yuan,primary_status,secondary_status,max_constraint_violation
2025-03-20,1,0.4295,6000.0,0.0,598.6134833333334,0.0,0.0,6000.0,6000.0,598.6134833333334,0.0,598.6134833333334,257.1044910916667,0.4295,0.4487,268.5978699716667,optimal,optimal,1.00000761449337e-07
2025-03-20,2,0.42155,6000.0,333.33333333333337,597.8871750000001,0.0,0.0,6300.0,6000.0,931.2205083333334,0.0,597.8871750000001,392.5560052879167,0.42155,0.4373,407.22272829416676,optimal,optimal,1.00000761449337e-07
2025-03-20,3,0.42565,6000.0,0.0,602.6766666666667,0.0,0.0,6300.0,6300.0,602.6766666666667,0.0,602.6766666666667,256.5293231666667,0.42565,0.4311,259.813911,optimal,optimal,1.00000761449337e-07
2025-03-20,4,0.44705,6000.0,0.0,593.3185291666667,0.0,0.0,6300.0,6300.0,593.3185291666667,0.0,593.3185291666667,265.24304846395836,0.44705,0.4344,257.73756907,optimal,optimal,1.00000761449337e-07
2025-03-20,5,0.4535,6000.0,0.0,594.9526416666666,0.0,0.0,6300.0,6300.0,594.9526416666666,0.0,594.9526416666666,269.81102299583335,0.4535,0.4238,252.14092953833332,optimal,optimal,1.00000761449337e-07
2025-03-20,6,0.4403,6000.0,0.0,597.2791666666666,0.0,0.0,6300.0,6300.0,597.2791666666666,0.0,597.2791666666666,262.9820170833333,0.4403,0.4296,256.59112999999996,optimal,optimal,1.00000761449337e-07
2025-03-20,7,0.4319,6000.0,0.0,582.2485083333333,0.0,0.0,6300.0,6300.0,582.2485083333333,0.0,582.2485083333333,251.47313074916667,0.4319,0.4989,290.4837808075,optimal,optimal,1.00000761449337e-07
2025-03-20,8,0.42264999999999997,6000.0,0.0,574.7021083333334,0.0,0.0,6300.0,6300.0,574.7021083333334,0.0,574.7021083333334,242.89784608708334,0.42264999999999997,0.5083,292.12108166583334,optimal,optimal,1.00000761449337e-07
2025-03-20,9,0.41375,6000.0,833.3333333333334,558.8016666666667,0.0,0.0,7050.0,6300.0,1392.1350000000002,0.0,558.8016666666667,575.9958562500001,0.41375,0.4468,622.0059180000001,optimal,optimal,1.00000761449337e-07
2025-03-20,10,0.41775,6000.0,833.3333333333334,572.085825,0.0,0.0,7800.0,7050.0,1405.4191583333334,0.0,572.085825,587.11385339375,0.41775,0.4284,602.0815674300001,optimal,optimal,1.00000761449337e-07
2025-03-20,11,0.4344,6000.0,0.0,591.4264166666667,0.0,0.0,7800.0,7800.0,591.4264166666667,0.0,591.4264166666667,256.9156354,0.4344,0.4436,262.3567584333333,optimal,optimal,1.00000761449337e-07
2025-03-20,12,0.4359,6000.0,0.0,614.4375,0.0,0.0,7800.0,7800.0,614.4375,0.0,614.4375,267.83330625,0.4359,0.454,278.954625,optimal,optimal,1.00000761449337e-07
2025-03-20,13,0.39854999999999996,6000.0,833.3333333333334,599.6575416666666,0.0,0.0,8550.0,7800.0,1432.990875,0.0,599.6575416666666,571.11851323125,0.39854999999999996,0.4404,631.08918135,optimal,optimal,1.00000761449337e-07
2025-03-20,14,0.4071,6000.0,833.3333333333334,578.84785,0.0,0.0,9300.0,8550.0,1412.1811833333334,0.0,578.84785,574.8989597350001,0.4071,0.4405,622.0658112583334,optimal,optimal,1.00000761449337e-07
2025-03-20,15,0.45415,6000.0,0.0,579.9141666666666,0.0,0.0,9300.0,9300.0,579.9141666666666,0.0,579.9141666666666,263.3680187916666,0.45415,0.4545,263.57098874999997,optimal,optimal,1.00000761449337e-07
2025-03-20,16,0.4474,6000.0,0.0,602.1956916666667,0.0,0.0,9300.0,9300.0,602.1956916666667,0.0,602.1956916666667,269.42235245166665,0.4474,0.4389,264.3036890725,optimal,optimal,1.00000761449337e-07
2025-03-20,17,0.4296,6000.0,0.0,620.2602749999999,0.0,0.0,9300.0,9300.0,620.2602749999999,0.0,620.2602749999999,266.46381413999995,0.4296,0.3868,239.91667436999992,optimal,optimal,1.00000761449337e-07
2025-03-20,18,0.42279999999999995,6000.0,0.0,612.0408333333332,0.0,0.0,9300.0,9300.0,612.0408333333332,0.0,612.0408333333332,258.7708643333333,0.42279999999999995,0.3634,222.4156388333333,optimal,optimal,1.00000761449337e-07
2025-03-20,19,0.41085,6000.0,833.3333333333334,595.1794666666667,0.0,0.0,10050.0,9300.0,1428.5128,0.0,595.1794666666667,586.9044838799999,0.41085,0.4416,630.83125248,optimal,optimal,1.00000761449337e-07
2025-03-20,20,0.4437,6000.0,0.0,583.0254666666667,0.0,0.0,10050.0,10050.0,583.0254666666667,0.0,583.0254666666667,258.68839956,0.4437,0.4839,282.12602332,optimal,optimal,1.00000761449337e-07
2025-03-20,21,0.49124999999999996,6000.0,0.0,596.5766666666666,0.0,0.0,10050.0,10050.0,596.5766666666666,0.0,596.5766666666666,293.06828749999994,0.49124999999999996,0.4574,272.8741673333333,optimal,optimal,1.00000761449337e-07
2025-03-20,22,0.46545000000000003,6000.0,0.0,618.2958333333333,0.0,0.0,10050.0,10050.0,618.2958333333333,0.0,618.2958333333333,287.78579562500005,0.46545000000000003,0.4575,282.87034375,optimal,optimal,1.00000761449337e-07
2025-03-20,23,0.43185,6000.0,0.0,601.1224583333333,0.0,0.0,10050.0,10050.0,601.1224583333333,0.0,601.1224583333333,259.59473363125,0.43185,0.4629,278.25958596249995,optimal,optimal,1.00000761449337e-07
2025-03-20,24,0.44435,6000.0,0.0,591.5725000000001,0.0,0.0,10050.0,10050.0,591.5725000000001,0.0,591.5725000000001,262.86524037500004,0.44435,0.4426,261.82998850000007,optimal,optimal,1.00000761449337e-07
2025-03-20,25,0.4865,6000.0,0.0,617.1171116666666,0.0,0.0,10050.0,10050.0,617.1171116666666,0.00016333333333333334,617.1171116666666,300.22747482583327,0.4865,0.4023,248.26621402349997,optimal,optimal,1.00000761449337e-07
2025-03-20,26,0.47204999999999997,6000.0,0.0,620.7120916666667,0.0,0.0,10050.0,10050.0,620.7120916666667,0.0,620.7120916666667,293.00714287125,0.47204999999999997,0.4075,252.94017735416665,optimal,optimal,1.00000761449337e-07
2025-03-20,27,0.42035,6000.0,833.3333333333334,604.0766666666666,0.0,0.0,10800.0,10050.0,1437.4099999999999,0.0,604.0766666666666,604.2152934999999,0.42035,0.452,649.7093199999999,optimal,optimal,1.00000761449337e-07
2025-03-20,28,0.43279999999999996,6000.0,0.0,615.0322933333332,0.0,0.0,10800.0,10800.0,615.0322933333332,0.0030566666666666667,615.0322933333332,266.1859765546666,0.43279999999999996,0.4646,285.7440034826666,optimal,optimal,1.00000761449337e-07
2025-03-20,29,0.45075,6000.0,0.0,624.2508533333332,0.0,0.0,10800.0,10800.0,624.2508533333332,0.0,624.2508533333332,281.38107213999996,0.45075,0.4561,284.7208142053333,optimal,optimal,1.00000761449337e-07
2025-03-20,30,0.44095,6000.0,0.0,623.0091666666666,0.0,0.0,10800.0,10800.0,623.0091666666666,0.0,623.0091666666666,274.7158920416666,0.44095,0.4379,272.8157140833333,optimal,optimal,1.00000761449337e-07
2025-03-20,31,0.4355,6000.0,0.0,606.0989033333334,0.0,0.0,10800.0,10800.0,606.0989033333334,0.04253,606.0989033333334,263.9560724016667,0.4355,0.4177,253.16751192233338,optimal,optimal,1.00000761449337e-07
2025-03-20,32,0.45885,6000.0,0.0,611.7207749999999,0.0,0.0,10800.0,10800.0,611.7207749999999,0.0,611.7207749999999,280.68807760874995,0.45885,0.464,283.83843959999996,optimal,optimal,1.00000761449337e-07
2025-03-20,33,0.46695,6000.0,0.0,625.0291666666667,0.0,0.0,10800.0,10800.0,625.0291666666667,0.0,625.0291666666667,291.857369375,0.46695,0.4802,300.1390058333334,optimal,optimal,1.00000761449337e-07
2025-03-20,34,0.43125,6000.0,0.0,612.1366644444444,0.0,0.0,10800.0,10800.0,612.1366644444444,0.59233,612.1366644444444,263.98393654166665,0.43125,0.352,215.4721058844444,optimal,optimal,1.00000761449337e-07
2025-03-20,35,0.62795,6000.0,0.0,694.6252333333334,0.0,0.0,10800.0,10800.0,694.6252333333334,0.0,694.6252333333334,436.18991527166673,0.62795,0.5794,402.4658601933334,optimal,optimal,1.00000761449337e-07
2025-03-20,36,0.95275,6000.0,0.0,0.0,0.0,819.2675,9889.702777777778,10800.0,0.0,0.0,819.2675,0.0,0.95275,1.0185,0.0,optimal,optimal,1.00000761449337e-07
2025-03-20,37,0.9983,6000.0,0.0,0.0,0.0,782.0921733333331,9020.711474074074,9889.702777777778,0.0,18.320456666666665,782.0921733333331,0.0,0.9983,0.995,0.0,optimal,optimal,1.00000761449337e-07
2025-03-20,38,0.96255,6000.0,0.0,0.0,0.0,741.4102383333333,8196.922320370371,9020.711474074074,0.0,53.318703333333325,741.4102383333333,0.0,0.96255,0.8932,0.0,optimal,optimal,1.00000761449337e-07
2025-03-20,39,0.96385,6000.0,0.0,0.0,0.0,722.4187499999998,7394.234820370371,8196.922320370371,0.0,99.29249999999999,722.4187499999998,0.0,0.96385,0.9281,0.0,optimal,optimal,1.00000761449337e-07
2025-03-20,40,0.9196,6000.0,0.0,0.0,0.0,651.6506499999999,6670.178542592594,7394.234820370371,0.0,149.40335666666664,651.6506499999999,0.0,0.9196,0.9231,0.0,optimal,optimal,1.00000761449337e-07
2025-03-20,41,0.8866499999999999,6000.0,0.0,0.0,0.0,594.1306016666665,6010.0334296296305,6670.178542592594,0.0,200.68058333333335,594.1306016666665,0.0,0.8866499999999999,0.902,0.0,optimal,optimal,1.00000761449337e-07
2025-03-20,42,0.87785,6000.0,0.0,6.109666514930723e-06,0.0,575.2520772236668,5370.864454936667,6010.0334296296305,6.109666514930723e-06,251.61999999999998,575.2520833333333,5.363370750131935e-06,0.87785,0.8707,5.319686634550181e-06,optimal,optimal,1.00000761449337e-07
2025-03-20,43,0.8442000000000001,6000.0,0.0,517.1361183333335,0.0,0.0,5370.864454936667,5370.864454936667,517.1361183333335,301.33413999999993,517.1361183333335,436.56631109700015,0.8442000000000001,0.7992,413.2951857720001,optimal,optimal,1.00000761449337e-07
2025-03-20,44,0.81115,6000.0,0.0,447.678355,0.0,0.0,5370.864454936667,5370.864454936667,447.678355,349.51607,447.678355,363.13429765825003,0.81115,0.7957,356.21766707349997,optimal,optimal,1.00000761449337e-07
2025-03-20,45,0.7624500000000001,6000.0,0.0,399.38416666666666,0.0,0.0,5370.864454936667,5370.864454936667,399.38416666666666,396.44499999999994,399.38416666666666,304.51045787500004,0.7624500000000001,0.8046,321.3445005,optimal,optimal,1.00000761449337e-07
2025-03-20,46,0.6978,6000.0,44.799392662963434,324.44124166666666,0.0,0.0,5411.183908333334,5370.864454936667,369.2406343296301,443.84528,324.44124166666666,257.6561146352159,0.6978,0.7001,258.505368094174,optimal,optimal,1.00000761449337e-07
2025-03-20,47,0.90455,6000.0,0.0,0.0,0.0,407.00510166666663,4958.9560175925935,5411.183908333334,0.0,497.0211966666667,407.00510166666663,0.0,0.90455,0.8467,0.0,optimal,optimal,1.00000761449337e-07
2025-03-20,48,1.2366,6000.0,0.0,0.0,0.0,556.9224999999998,4340.153239814816,4958.9560175925935,0.0,552.7137500000001,556.9224999999998,0.0,1.2366,1.1788,0.0,optimal,optimal,1.00000761449337e-07
2025-03-20,49,1.22775,6000.0,0.0,0.0,0.0,495.49360500000023,3789.6047898148154,4340.153239814816,0.0,602.3679133333333,495.49360500000023,0.0,1.22775,1.2356,0.0,optimal,optimal,1.00000761449337e-07
2025-03-20,50,1.1435,6000.0,0.0,0.0,0.0,419.1413116666665,3323.892221296297,3789.6047898148154,0.0,653.61618,419.1413116666665,0.0,1.1435,1.1876,0.0,optimal,optimal,1.00000761449337e-07
2025-03-20,51,1.13185,6000.0,0.0,0.0,0.0,399.4587499999998,2880.0491657407415,3323.892221296297,0.0,708.19,399.4587499999998,0.0,1.13185,1.1569,0.0,optimal,optimal,1.00000761449337e-07
2025-03-20,52,1.08385,6000.0,0.0,0.0,0.0,329.7749283333337,2513.632578703704,2880.0491657407415,0.0,760.2035399999999,329.7749283333337,0.0,1.08385,1.0869,0.0,optimal,optimal,1.00000761449337e-07
2025-03-20,53,1.08035,6000.0,0.0,0.0,0.0,288.96323499999994,2192.562317592593,2513.632578703704,0.0,813.2562633333333,288.96323499999994,0.0,1.08035,1.0527,0.0,optimal,optimal,1.00000761449337e-07
2025-03-20,54,1.1149,6000.0,0.0,0.0,0.0,276.44791666666674,1885.3979657407408,2192.562317592593,0.0,867.6762499999999,276.44791666666674,0.0,1.1149,1.068,0.0,optimal,optimal,1.00000761449337e-07
2025-03-20,55,1.08635,6000.0,0.0,0.0,0.0,213.35997333333341,1648.3313287037035,1885.3979657407408,0.0,920.2651266666666,213.35997333333341,0.0,1.08635,1.0672,0.0,optimal,optimal,1.00000761449337e-07
2025-03-20,56,1.0612,6000.0,0.0,0.0,0.0,131.29966666666655,1502.4428101851852,1648.3313287037035,0.0,976.0295966666665,131.29966666666655,0.0,1.0612,1.0563,0.0,optimal,optimal,1.00000761449337e-07
2025-03-20,57,1.06155,6000.0,0.0,0.0,0.0,75.78750000000002,1418.234476851852,1502.4428101851852,0.0,1026.1200000000001,75.78750000000002,0.0,1.06155,1.0344,0.0,optimal,optimal,1.00000761449337e-07
2025-03-20,58,1.04305,6000.0,0.0,0.0,0.0,73.45842333333292,1336.614006481482,1418.234476851852,0.0,1053.2489033333334,73.45842333333292,0.0,1.04305,0.9937,0.0,optimal,optimal,1.00000761449337e-07
2025-03-20,59,1.043,6000.0,0.0,0.0,0.0,62.101998333333654,1267.6117861111113,1336.614006481482,0.0,1069.9281233333331,62.101998333333654,0.0,1.043,0.9971,0.0,optimal,optimal,1.00000761449337e-07
2025-03-20,60,1.0540500000000002,6000.0,0.0,0.0,0.0,47.91666666666697,1214.3710453703702,1267.6117861111113,0.0,1088.7199999999998,47.91666666666697,0.0,1.0540500000000002,1.0131,0.0,optimal,optimal,1.00000761449337e-07
2025-03-20,61,1.02235,6000.0,0.0,0.0,0.0,10.049664999999777,1203.204750925926,1214.3710453703702,0.0,1111.8264233333334,10.049664999999777,0.0,1.02235,0.948,0.0,optimal,optimal,1.00000761449337e-07
2025-03-20,62,0.9733,6000.0,0.0,0.0,0.0,2.8842758333332768,1200.0,1203.204750925926,0.0,1130.6338899999998,2.8842758333332768,0.0,0.9733,0.9058,0.0,optimal,optimal,1.00000761449337e-07
2025-03-20,63,0.9673,6000.0,0.0,0.0,29.283749999999714,0.0,1226.3553749999996,1200.0,0.0,1141.3537499999998,-29.283749999999714,0.0,0.9673,0.9279,0.0,optimal,optimal,1.00000761449337e-07
2025-03-20,64,1.00885,6000.0,0.0,0.0,60.31784055555545,0.0,1280.6414314999995,1226.3553749999996,0.0,1152.6206233333332,-60.31784055555545,0.0,1.00885,0.927,0.0,optimal,optimal,1.00000761449337e-07
2025-03-20,65,0.84195,6000.0,0.0,0.0,92.97298666666654,0.0,1364.3171194999993,1280.6414314999995,0.0,1190.9194366666666,-92.97298666666654,0.0,0.84195,0.7628,0.0,optimal,optimal,1.00000761449337e-07
2025-03-20,66,0.57495,6000.0,0.0,704.2245833333335,833.3333333333334,0.0,2114.3171194999995,1364.3171194999993,704.2245833333335,1240.23125,-129.10874999999987,404.8939241875001,0.57495,0.544,383.0981733333335,optimal,optimal,1.00000761449337e-07
2025-03-20,67,0.58705,6000.0,710.5830358333336,0.0,122.75029749999976,0.0,2864.3171194999995,2114.3171194999995,710.5830358333336,1258.5218699999998,-122.75029749999976,417.14777118595845,0.58705,0.5346,379.87769095650015,optimal,optimal,1.00000761449337e-07
2025-03-20,68,0.6368,6000.0,687.0912133333337,0.0,146.24211999999966,0.0,3614.3171194999995,2864.3171194999995,687.0912133333337,1284.3962366666665,-146.24211999999966,437.5396846506669,0.6368,0.5872,403.45996046933357,optimal,optimal,1.00000761449337e-07
2025-03-20,69,0.6034999999999999,6000.0,0.0,650.9150000000001,833.3333333333334,0.0,4364.3171194999995,3614.3171194999995,650.9150000000001,1312.56,-182.4183333333333,392.8272025,0.6034999999999999,0.577,375.57795500000003,optimal,optimal,1.00000761449337e-07
2025-03-20,70,0.60585,6000.0,0.0,697.2364244444442,833.3333333333334,0.0,5114.3171194999995,4364.3171194999995,697.2364244444442,1295.5422933333334,-136.09690888888917,422.4206877496665,0.60585,0.5241,365.42161005133323,optimal,optimal,1.00000761449337e-07
2025-03-20,71,0.5966,6000.0,703.2722999999999,0.0,130.0610333333335,0.0,5864.3171194999995,5114.3171194999995,703.2722999999999,1273.8330533333333,-130.0610333333335,419.5722541799999,0.5966,0.5111,359.4424725299999,optimal,optimal,1.00000761449337e-07
2025-03-20,72,0.5609,6000.0,0.0,612.6583333333336,833.3333333333334,0.0,6614.3171194999995,5864.3171194999995,612.6583333333336,1273.5324999999998,-220.67499999999973,343.6400591666668,0.5609,0.5158,316.0091683333335,optimal,optimal,1.00000761449337e-07
2025-03-20,73,0.5461,6000.0,0.0,580.9074100000001,833.3333333333334,0.0,7364.3171194999995,6614.3171194999995,580.9074100000001,1285.47513,-252.42592333333323,317.2335366010001,0.5461,0.4519,262.5120585790001,optimal,optimal,1.00000761449337e-07
2025-03-20,74,0.54115,6000.0,0.0,569.7581766666667,833.3333333333334,0.0,8114.3171194999995,7364.3171194999995,569.7581766666667,1306.6463066666668,-263.57515666666666,308.3246373031667,0.54115,0.4435,252.6877513516667,optimal,optimal,1.00000761449337e-07
2025-03-20,75,0.5137499999999999,6000.0,557.0766666666667,0.0,276.25666666666666,0.0,8864.3171195,8114.3171194999995,557.0766666666667,1309.9399999999998,-276.25666666666666,286.1981375,0.5137499999999999,0.4915,273.80318166666666,optimal,optimal,1.00000761449337e-07
2025-03-20,76,0.48275,6000.0,0.0,599.0914683333332,833.3333333333334,0.0,9614.3171195,8864.3171195,599.0914683333332,1265.72416,-234.2418650000002,289.2114063379166,0.48275,0.4972,297.86827805533323,optimal,optimal,1.00000761449337e-07
2025-03-20,77,0.6769499999999999,6000.0,0.0,435.6312461111128,620.4076327777794,0.0,10172.683989000001,9614.3171195,435.6312461111128,1235.4473866666667,-184.77638666666667,294.90057205491775,0.6769499999999999,0.6604,287.69087493177886,optimal,optimal,1.00000761449337e-07
2025-03-20,78,0.9670000000000001,6000.0,0.0,0.0,162.28375000000005,0.0,10318.739364000001,10172.683989000001,0.0,1236.2237499999999,-162.28375000000005,0.0,0.9670000000000001,0.9001,0.0,optimal,optimal,1.00000761449337e-07
2025-03-20,79,0.97315,6000.0,0.0,0.0,129.84255166666662,0.0,10435.597660500001,10318.739364000001,0.0,1226.6909533333333,-129.84255166666662,0.0,0.97315,0.9125,0.0,optimal,optimal,1.00000761449337e-07
2025-03-20,80,0.9414499999999999,6000.0,0.0,0.0,118.17817500000001,0.0,10541.958018000001,10435.597660500001,0.0,1201.6231266666666,-118.17817500000001,0.0,0.9414499999999999,0.919,0.0,optimal,optimal,1.00000761449337e-07
2025-03-20,81,0.98795,6000.0,0.0,0.0,111.18583333333277,0.0,10642.025268000001,10541.958018000001,0.0,1176.4599999999998,-111.18583333333277,0.0,0.98795,0.9817,0.0,optimal,optimal,1.00000761449337e-07
2025-03-20,82,0.9814499999999999,6000.0,0.0,0.0,76.77824166666642,0.0,10711.125685500001,10642.025268000001,0.0,1165.9459533333331,-76.77824166666642,0.0,0.9814499999999999,0.9361,0.0,optimal,optimal,1.00000761449337e-07
2025-03-20,83,0.9651000000000001,6000.0,0.0,0.0,60.22507166666662,0.0,10765.32825,10711.125685500001,0.0,1140.0393933333332,-60.22507166666662,0.0,0.9651000000000001,0.8829,0.0,optimal,optimal,1.00000761449337e-07
2025-03-20,84,0.9751000000000001,6000.0,0.0,0.0,38.5241666666667,0.0,10800.0,10765.32825,0.0,1092.85125,-38.5241666666667,0.0,0.9751000000000001,0.8924,0.0,optimal,optimal,1.00000761449337e-07
2025-03-20,85,0.9924,6000.0,0.0,0.0,0.0,16.26511166666637,10781.927653703704,10800.0,0.0,1048.9679500000002,16.26511166666637,0.0,0.9924,0.9351,0.0,optimal,optimal,1.00000761449337e-07
2025-03-20,86,0.99295,6000.0,0.0,0.0,0.0,53.823590000000195,10722.123664814815,10781.927653703704,0.0,1012.9687499999998,53.823590000000195,0.0,0.99295,0.9817,0.0,optimal,optimal,1.00000761449337e-07
2025-03-20,87,1.01845,6000.0,0.0,0.0,0.0,62.70499999999993,10652.451442592594,10722.123664814815,0.0,983.2637499999998,62.70499999999993,0.0,1.01845,1.0267,0.0,optimal,optimal,1.00000761449337e-07
2025-03-20,88,1.0995,6000.0,0.0,0.0,0.0,115.63820666666663,10523.964546296298,10652.451442592594,0.0,955.2829333333333,115.63820666666663,0.0,1.0995,1.0547,0.0,optimal,optimal,1.00000761449337e-07
2025-03-20,89,0.97375,6000.0,0.0,0.0,0.0,159.67895333333342,10346.543487037039,10523.964546296298,0.0,916.5155733333334,159.67895333333342,0.0,0.97375,0.9267,0.0,optimal,optimal,1.00000761449337e-07
2025-03-20,90,0.73145,6000.0,503.8405699588455,200.68583333333322,0.0,0.0,10800.0,10346.543487037039,704.5264032921787,872.2474999999998,200.68583333333322,515.3258376880641,0.73145,0.7137,502.8204940296279,optimal,optimal,1.00000761449337e-07
2025-03-20,91,0.7408,6000.0,0.0,206.18247333333318,0.0,0.0,10800.0,10800.0,206.18247333333318,838.97204,206.18247333333318,152.73997624533322,0.7408,0.6525,134.53406384999988,optimal,optimal,1.00000761449337e-07
2025-03-20,92,0.7897000000000001,6000.0,0.0,244.13751916666672,0.0,0.0,10800.0,10800.0,244.13751916666672,799.6456333333332,244.13751916666672,192.79539888591674,0.7897000000000001,0.6799,165.98909928141669,optimal,optimal,1.00000761449337e-07
2025-03-20,93,0.7849999999999999,6000.0,0.0,292.69666666666694,0.0,0.0,10800.0,10800.0,292.69666666666694,745.1387499999998,292.69666666666694,229.76688333333354,0.7849999999999999,0.7301,213.69783633333353,optimal,optimal,1.00000761449337e-07
2025-03-20,94,0.8454,6000.0,0.0,366.66665166666667,0.0,0.0,10800.0,10800.0,366.66665166666667,684.47569,366.66665166666667,309.97998731900003,0.8454,0.805,295.16665459166666,optimal,optimal,1.00000761449337e-07
2025-03-20,95,0.86625,6000.0,0.0,413.3553433333335,0.0,0.0,10800.0,10800.0,413.3553433333335,632.4123766666667,413.3553433333335,358.0690661625001,0.86625,0.8788,363.2566757213335,optimal,optimal,1.00000761449337e-07
2025-03-20,96,0.8332999999999999,6000.0,0.0,425.9024999999998,0.0,0.0,10800.0,10800.0,425.9024999999998,586.2662499999999,425.9024999999998,354.9045532499998,0.8332999999999999,0.9089,387.10278224999985,optimal,optimal,1.00000761449337e-07
2025-03-20,97,0.84975,6000.0,0.0,489.5105433333333,0.0,0.0,10800.0,10800.0,489.5105433333333,529.8698999999999,489.5105433333333,415.9615841975,0.84975,0.8767,429.15389334033335,optimal,optimal,1.00000761449337e-07
2025-03-20,98,0.89475,6000.0,0.0,561.1582333333333,0.0,0.0,10800.0,10800.0,561.1582333333333,467.72244666666666,561.1582333333333,502.096329275,0.89475,0.8888,498.7574377866667,optimal,optimal,1.00000761449337e-07
2025-03-20,99,0.93975,6000.0,0.0,615.3816666666667,0.0,0.0,10800.0,10800.0,615.3816666666667,406.19749999999993,615.3816666666667,578.30492125,0.93975,0.9441,580.9818315,optimal,optimal,1.00000761449337e-07
2025-03-20,100,0.9796,6000.0,0.0,673.8576350000001,0.0,0.0,10800.0,10800.0,673.8576350000001,347.95223999999996,673.8576350000001,660.110939246,0.9796,0.946,637.46932271,optimal,optimal,1.00000761449337e-07
2025-03-20,101,1.00355,6000.0,0.0,730.9829566666666,0.0,0.0,10800.0,10800.0,730.9829566666666,294.63045666666665,730.9829566666666,733.5779461628332,1.00355,0.9677,707.3722071663333,optimal,optimal,1.00000761449337e-07
2025-03-20,102,1.0209000000000001,6000.0,0.0,791.6933333333333,0.0,0.0,10800.0,10800.0,791.6933333333333,244.52749999999997,791.6933333333333,808.239724,1.0209000000000001,1.0139,802.6978706666666,optimal,optimal,1.00000761449337e-07
2025-03-20,103,1.05215,6000.0,0.0,839.6704699999999,0.0,0.0,10800.0,10800.0,839.6704699999999,194.16588,839.6704699999999,883.4592850104998,1.05215,1.0152,852.433461144,optimal,optimal,1.00000761449337e-07
2025-03-20,104,1.0776,6000.0,0.0,868.9055777777775,0.0,0.0,10800.0,10800.0,868.9055777777775,145.39690666666667,868.9055777777775,936.3326506133329,1.0776,1.0487,911.2212794155552,optimal,optimal,1.00000761449337e-07
2025-03-20,105,1.0855,6000.0,0.0,924.7966666666666,0.0,0.0,10800.0,10800.0,924.7966666666666,98.8475,924.7966666666666,1003.8667816666665,1.0855,1.0879,1006.0862936666667,optimal,optimal,1.00000761449337e-07
2025-03-20,106,1.09205,6000.0,0.0,1027.3435016666665,0.0,0.0,10800.0,10800.0,1027.3435016666665,54.38040666666666,1027.3435016666665,1121.9104709950832,1.09205,1.0391,1067.512632581833,optimal,optimal,1.00000761449337e-07
2025-03-20,107,1.1478000000000002,6000.0,0.0,939.1658166666665,0.0,0.0,10800.0,10800.0,939.1658166666665,19.08338,939.1658166666665,1077.97452437,1.1478000000000002,1.0932,1026.6960707799997,optimal,optimal,1.00000761449337e-07
2025-03-20,108,1.2346,6000.0,0.0,739.5666666666666,0.0,0.0,10800.0,10800.0,739.5666666666666,0.0,739.5666666666666,913.0690066666665,1.2346,1.2488,923.5708533333332,optimal,optimal,1.00000761449337e-07
2025-03-20,109,1.2777500000000002,6000.0,0.0,703.534175,0.0,0.0,10800.0,10800.0,703.534175,0.0,703.534175,898.9407921062501,1.2777500000000002,1.2993,914.1019535774999,optimal,optimal,1.00000761449337e-07
2025-03-20,110,1.28435,6000.0,0.0,237.12800500000134,0.0,499.23845833333195,10245.290601851853,10800.0,237.12800500000134,0.62445,736.3664633333333,304.5553532217517,1.28435,1.2761,302.5990471805017,optimal,optimal,1.00000761449337e-07
2025-03-20,111,1.2848,6000.0,0.0,0.0,0.0,736.8408333333332,9426.578564814816,10245.290601851853,0.0,0.0,736.8408333333332,0.0,1.2848,1.2567,0.0,optimal,optimal,1.00000761449337e-07
2025-03-20,112,1.29905,6000.0,0.0,0.0,0.0,738.59595,8605.916398148149,9426.578564814816,0.0,0.0,738.59595,0.0,1.29905,1.2773,0.0,optimal,optimal,1.00000761449337e-07
2025-03-20,113,1.2982999999999998,6000.0,0.0,0.0,0.0,737.5744083333332,7786.389277777778,8605.916398148149,0.0,0.04483333333333333,737.5744083333332,0.0,1.2982999999999998,1.2813,0.0,optimal,optimal,1.00000761449337e-07
2025-03-20,114,1.285,6000.0,0.0,0.0,0.0,735.5774999999999,6969.080944444445,7786.389277777778,0.0,0.0,735.5774999999999,0.0,1.285,1.2693,0.0,optimal,optimal,1.00000761449337e-07
2025-03-20,115,1.29215,6000.0,0.0,0.0,0.0,732.1434516666668,6155.58822037037,6969.080944444445,0.0,0.0,732.1434516666668,0.0,1.29215,1.2899,0.0,optimal,optimal,1.00000761449337e-07
2025-03-20,116,1.30115,6000.0,0.0,0.0,0.0,727.3404566666665,5347.432157407407,6155.58822037037,0.0,0.0032199999999999993,727.3404566666665,0.0,1.30115,1.2669,0.0,optimal,optimal,1.00000761449337e-07
2025-03-20,117,1.30085,6000.0,0.0,0.0,0.0,743.4449999999999,4521.382157407407,5347.432157407407,0.0,0.0,743.4449999999999,0.0,1.30085,1.2323,0.0,optimal,optimal,1.00000761449337e-07
2025-03-20,118,1.2967499999999998,6000.0,0.0,0.0,0.0,770.3334999999998,3665.4560462962963,4521.382157407407,0.0,0.0,770.3334999999998,0.0,1.2967499999999998,1.2902,0.0,optimal,optimal,1.00000761449337e-07
2025-03-20,119,1.2776,6000.0,0.0,755.2358533333335,0.0,0.0,3665.4560462962963,3665.4560462962963,755.2358533333335,0.00019666666666666666,755.2358533333335,964.8893262186668,1.2776,1.2824,968.5144583146669,optimal,optimal,1.00000761449337e-07
2025-03-20,120,1.25885,6000.0,0.0,731.4019444444444,0.0,0.0,3665.4560462962963,3665.4560462962963,731.4019444444444,0.0,731.4019444444444,920.7253377638889,1.25885,1.2233,894.7239986388889,optimal,optimal,1.00000761449337e-07
2025-03-20,121,1.2715,6000.0,0.0,743.2734333333333,0.0,0.0,3665.4560462962963,3665.4560462962963,743.2734333333333,0.0,743.2734333333333,945.0721704833334,1.2715,1.2789,950.5723938899998,optimal,optimal,1.00000761449337e-07
2025-03-20,122,1.2866499999999998,6000.0,0.0,0.0,0.0,746.8232499999999,2835.6524351851854,3665.4560462962963,0.0,0.0,746.8232499999999,0.0,1.2866499999999998,1.2779,0.0,optimal,optimal,1.00000761449337e-07
2025-03-20,123,1.3014999999999999,6000.0,0.0,0.0,0.0,730.1250000000001,2024.4024351851851,2835.6524351851854,0.0,0.0,730.1250000000001,0.0,1.3014999999999999,1.2388,0.0,optimal,optimal,1.00000761449337e-07
2025-03-20,124,1.3148,6000.0,0.0,0.0,0.0,741.9621916666666,1200.0,2024.4024351851851,0.0,0.0,741.9621916666666,0.0,1.3148,1.3228,0.0,optimal,optimal,1.00000761449337e-07
2025-03-20,125,1.17855,6000.0,0.0,762.0680249999999,0.0,0.0,1200.0,1200.0,762.0680249999999,0.0,762.0680249999999,898.13527086375,1.17855,1.1769,896.8778586225,optimal,optimal,1.00000761449337e-07
2025-03-20,126,0.96265,6000.0,0.0,773.1191666666666,0.0,0.0,1200.0,1200.0,773.1191666666666,0.0,773.1191666666666,744.2431657916666,0.96265,0.8862,685.1382054999999,optimal,optimal,1.00000761449337e-07
2025-03-20,127,0.90585,6000.0,0.0,751.9261583333331,0.0,0.0,1200.0,1200.0,751.9261583333331,0.0,751.9261583333331,681.1323105262499,0.90585,0.917,689.5162871916665,optimal,optimal,1.00000761449337e-07
2025-03-20,128,0.9097999999999999,6000.0,0.0,737.8657416666666,0.0,0.0,1200.0,1200.0,737.8657416666666,0.0,737.8657416666666,671.3102517683333,0.9097999999999999,0.9999,737.7919550925,optimal,optimal,1.00000761449337e-07
2025-03-20,129,0.9253,6000.0,0.0,743.1633333333333,0.0,0.0,1200.0,1200.0,743.1633333333333,0.0,743.1633333333333,687.6490323333334,0.9253,0.9964,740.4879453333333,optimal,optimal,1.00000761449337e-07
2025-03-20,130,0.9613499999999999,6000.0,0.0,741.8732124999999,0.0,0.0,1200.0,1200.0,741.8732124999999,0.0,741.8732124999999,713.1998128368749,0.9613499999999999,1.0003,742.0957744637499,optimal,optimal,1.00000761449337e-07
2025-03-20,131,0.73515,6000.0,0.0,665.3406249999999,0.0,0.0,1200.0,1200.0,665.3406249999999,0.0,665.3406249999999,489.1251604687499,0.73515,0.7708,512.8445537499999,optimal,optimal,1.00000761449337e-07
2025-03-20,132,0.3895,6000.0,833.3333333333334,566.7616666666665,0.0,0.0,1950.0,1200.0,1400.0949999999998,0.0,566.7616666666665,545.3370024999999,0.3895,0.419,586.6398049999999,optimal,optimal,1.00000761449337e-07
2025-03-20,133,0.3817,6000.0,833.3333333333334,558.3463249999999,0.0,0.0,2700.0,1950.0,1391.6796583333332,0.0,558.3463249999999,531.2041255858333,0.3817,0.3484,484.8611929633333,optimal,optimal,1.00000761449337e-07
2025-03-20,134,0.43910000000000005,6000.0,0.0,579.3518333333332,0.0,0.0,2700.0,2700.0,579.3518333333332,0.0,579.3518333333332,254.39339001666661,0.43910000000000005,0.3833,222.06555771666658,optimal,optimal,1.00000761449337e-07
2025-03-20,135,0.41185,6000.0,833.3333333333334,579.4858333333333,0.0,0.0,3450.0,2700.0,1412.8191666666667,0.0,579.4858333333333,581.8695737916667,0.41185,0.3903,551.42332075,optimal,optimal,1.00000761449337e-07
2025-03-20,136,0.42135,6000.0,333.33333333333235,586.2206666666666,0.0,0.0,3749.999999999999,3450.0,919.553999999999,0.0,586.2206666666666,387.45407789999956,0.42135,0.4126,379.4079803999996,optimal,optimal,1.00000761449337e-07
2025-03-20,137,0.4323,6000.0,0.0,584.1216583333334,0.0,0.0,3749.999999999999,3749.999999999999,584.1216583333334,0.0,584.1216583333334,252.51579289750003,0.4323,0.4343,253.6840362141667,optimal,optimal,1.00000761449337e-07
2025-03-20,138,0.42364999999999997,6000.0,0.0,578.1975,0.0,0.0,3749.999999999999,3749.999999999999,578.1975,0.0,578.1975,244.953370875,0.42364999999999997,0.4428,256.025853,optimal,optimal,1.00000761449337e-07
2025-03-20,139,0.4236,6000.0,0.0,594.919725,0.0,0.0,3749.999999999999,3749.999999999999,594.919725,0.0,594.919725,252.00799550999997,0.4236,0.4397,261.5862030825,optimal,optimal,1.00000761449337e-07
2025-03-20,140,0.43095,6000.0,0.0,599.0018875000001,0.0,0.0,3749.999999999999,3749.999999999999,599.0018875000001,0.0,599.0018875000001,258.139863418125,0.43095,0.4049,242.53586424875002,optimal,optimal,1.00000761449337e-07
2025-03-20,141,0.4328,6000.0,0.0,579.1133333333332,0.0,0.0,3749.999999999999,3749.999999999999,579.1133333333332,0.0,579.1133333333332,250.64025066666665,0.4328,0.3814,220.87382533333331,optimal,optimal,1.00000761449337e-07
2025-03-20,142,0.41464999999999996,6000.0,833.3333333333334,577.7935249999999,0.0,0.0,4499.999999999999,3749.999999999999,1411.1268583333333,0.0,577.7935249999999,585.1237518079166,0.41464999999999996,0.4248,599.44668942,optimal,optimal,1.00000761449337e-07
2025-03-20,143,0.37170000000000003,6000.0,833.3333333333344,526.2121666666667,0.0,0.0,5250.0,4499.999999999999,1359.545500000001,0.0,526.2121666666667,505.3430623500004,0.37170000000000003,0.3795,515.9475172500004,optimal,optimal,1.00000761449337e-07
2025-03-20,144,0.33194999999999997,6000.0,833.3333333333334,431.3833333333334,0.0,0.0,6000.0,5250.0,1264.7166666666667,0.0,431.3833333333334,419.82269749999995,0.33194999999999997,0.2794,353.36183666666665,optimal,optimal,1.00000761449337e-07
2025-03-21,1,0.33475,5986.710584747432,0.0,424.19864999999993,0.0,0.0,5986.710584747432,5986.710584747432,424.19864999999993,0.0,424.19864999999993,142.00049808749998,0.33475,0.3172,134.55581177999997,optimal,optimal,1.0000258043874055e-07
2025-03-21,2,0.34375,5986.710584747432,0.0,435.77545,0.0,0.0,5986.710584747432,5986.710584747432,435.77545,0.0,435.77545,149.7978109375,0.34375,0.3548,154.61312966,optimal,optimal,1.0000258043874055e-07
2025-03-21,3,0.34109999999999996,5986.710584747432,0.0,423.08916666666664,0.0,0.0,5986.710584747432,5986.710584747432,423.08916666666664,0.0,423.08916666666664,144.31571474999998,0.34109999999999996,0.3402,143.9349345,optimal,optimal,1.0000258043874055e-07
2025-03-21,4,0.34114999999999995,5986.710584747432,0.0,400.94095,0.0,0.0,5986.710584747432,5986.710584747432,400.94095,0.0,400.94095,136.78100509249998,0.34114999999999995,0.3566,142.97554276999998,optimal,optimal,1.0000258043874055e-07
2025-03-21,5,0.33499999999999996,5986.710584747432,0.0,422.1911,0.0,0.0,5986.710584747432,5986.710584747432,422.1911,0.0,422.1911,141.43401849999998,0.33499999999999996,0.3495,147.55578945,optimal,optimal,1.0000258043874055e-07
2025-03-21,6,0.32845,5986.710584747432,0.0,441.6874999999999,0.0,0.0,5986.710584747432,5986.710584747432,441.6874999999999,0.0,441.6874999999999,145.07225937499996,0.32845,0.3096,136.74644999999995,optimal,optimal,1.0000258043874055e-07
2025-03-21,7,0.33504999999999996,5986.710584747432,0.0,428.06175,0.0,0.0,5986.710584747432,5986.710584747432,428.06175,0.0,428.06175,143.42208933749998,0.33504999999999996,0.2969,127.091533575,optimal,optimal,1.0000258043874055e-07
2025-03-21,8,0.31794999999999995,5986.710584747432,0.0,414.42603333333335,0.0,0.0,5986.710584747432,5986.710584747432,414.42603333333335,0.0,414.42603333333335,131.76675729833332,0.31794999999999995,0.319,132.20190463333333,optimal,optimal,1.0000258043874055e-07
2025-03-21,9,0.2938,5986.710584747432,833.3333333333334,408.9808333333334,0.0,0.0,6736.710584747432,5986.710584747432,1242.3141666666668,0.0,408.9808333333334,364.9919021666667,0.2938,0.3348,415.926783,optimal,optimal,1.0000258043874055e-07
2025-03-21,10,0.3203,5986.710584747432,0.0,424.8163583333334,0.0,0.0,6736.710584747432,6736.710584747432,424.8163583333334,0.0,424.8163583333334,136.06867957416668,0.3203,0.2987,126.8926462341667,optimal,optimal,1.0000258043874055e-07
2025-03-21,11,0.35609999999999997,5986.710584747432,0.0,438.51627499999995,0.0,0.0,6736.710584747432,6736.710584747432,438.51627499999995,0.0,438.51627499999995,156.15564552749996,0.35609999999999997,0.2831,124.14395745249999,optimal,optimal,1.0000258043874055e-07
2025-03-21,12,0.36765,5986.710584747432,0.0,3.527036552303957e-05,0.0,456.52079806296786,6229.465253566356,6736.710584747432,3.527036552303957e-05,0.0,456.52083333333337,1.2967149884545498e-05,0.36765,0.3196,1.1272408821163446e-05,optimal,optimal,1.0000258043874055e-07
2025-03-21,13,0.35585,5986.710584747432,0.0,445.69415833333323,0.0,0.0,6229.465253566356,6229.465253566356,445.69415833333323,0.0,445.69415833333323,158.60026624291663,0.35585,0.3679,163.9708808508333,optimal,optimal,1.0000258043874055e-07
2025-03-21,14,0.32794999999999996,5986.710584747432,0.0,413.6581333333333,0.0,0.0,6229.465253566356,6229.465253566356,413.6581333333333,0.0,413.6581333333333,135.65918482666663,0.32794999999999996,0.3883,160.6234531733333,optimal,optimal,1.0000258043874055e-07
2025-03-21,15,0.2955,5986.710584747432,155.39032937071474,394.02750000000003,0.0,0.0,6369.31655,6229.465253566356,549.4178293707148,0.0,394.02750000000003,162.3529685790462,0.2955,0.3775,207.40523058744483,optimal,optimal,1.0000258043874055e-07
2025-03-21,16,0.28159999999999996,5986.710584747432,833.3333333333334,406.129325,0.0,0.0,7119.31655,6369.31655,1239.4626583333334,0.0,406.129325,349.0326845866666,0.28159999999999996,0.3651,452.5278165575,optimal,optimal,1.0000258043874055e-07
2025-03-21,17,0.33885,5986.710584747432,0.0,433.785625,0.0,0.0,7119.31655,7119.31655,433.785625,0.0,433.785625,146.98825903124998,0.33885,0.3651,158.3751316875,optimal,optimal,1.0000258043874055e-07
2025-03-21,18,0.4062,5986.710584747432,0.0,0.0,0.0,453.4616666666666,6615.470253703703,7119.31655,0.0,0.0,453.4616666666666,0.0,0.4062,0.3531,0.0,optimal,optimal,1.0000258043874055e-07
2025-03-21,19,0.36385,5986.710584747432,0.0,464.9014916666667,0.0,0.0,6615.470253703703,6615.470253703703,464.9014916666667,0.0,464.9014916666667,169.15440774291667,0.36385,0.3061,142.30634659916666,optimal,optimal,1.0000258043874055e-07
2025-03-21,20,0.33355,5986.710584747432,0.0,451.81260833333334,0.0,0.0,6615.470253703703,6615.470253703703,451.81260833333334,0.0,451.81260833333334,150.70209550958333,0.33355,0.3341,150.9505924441667,optimal,optimal,1.0000258043874055e-07
2025-03-21,21,0.35245000000000004,5986.710584747432,0.0,434.33083333333326,0.0,0.0,6615.470253703703,6615.470253703703,434.33083333333326,0.0,434.33083333333326,153.07990220833332,0.35245000000000004,0.3952,171.6475453333333,optimal,optimal,1.0000258043874055e-07
2025-03-21,22,0.34040000000000004,5986.710584747432,0.0,429.30910833333326,0.0,0.0,6615.470253703703,6615.470253703703,429.30910833333326,0.0,429.30910833333326,146.13682047666666,0.34040000000000004,0.3411,146.43733685249998,optimal,optimal,1.0000258043874055e-07
2025-03-21,23,0.3319,5986.710584747432,0.0,433.02956666666654,0.0,0.0,6615.470253703703,6615.470253703703,433.02956666666654,0.0,433.02956666666654,143.7225131766666,0.3319,0.3314,143.50599839333327,optimal,optimal,1.0000258043874055e-07
2025-03-21,24,0.35005,5986.710584747432,0.0,455.6450000000001,0.0,0.0,6615.470253703703,6615.470253703703,455.6450000000001,0.0,455.6450000000001,159.49853225,0.35005,0.3858,175.78784100000001,optimal,optimal,1.0000258043874055e-07
2025-03-21,25,0.3736,5986.710584747432,0.0,0.0,0.0,454.4791816666666,6110.493385185185,6615.470253703703,0.0,0.00022666666666666668,454.4791816666666,0.0,0.3736,0.3601,0.0,optimal,optimal,1.0000258043874055e-07
2025-03-21,26,0.37345,5986.710584747432,0.0,0.0,0.0,449.52872499999995,5611.017024074074,6110.493385185185,0.0,0.0,449.52872499999995,0.0,0.37345,0.3237,0.0,optimal,optimal,1.0000258043874055e-07
2025-03-21,27,0.35014999999999996,5986.710584747432,0.0,451.09722222222206,0.0,0.0,5611.017024074074,5611.017024074074,451.09722222222206,0.0,451.09722222222206,157.95169236111104,0.35014999999999996,0.3382,152.5610805555555,optimal,optimal,1.0000258043874055e-07
2025-03-21,28,0.3352,5986.710584747432,0.0,470.7781283333333,0.0,0.0,5611.017024074074,5611.017024074074,470.7781283333333,0.0035899999999999994,470.7781283333333,157.80482861733333,0.3352,0.3813,179.50770033349997,optimal,optimal,1.0000258043874055e-07
2025-03-21,29,0.35675,5986.710584747432,0.0,469.1601,0.0,0.0,5611.017024074074,5611.017024074074,469.1601,0.0,469.1601,167.372865675,0.35675,0.357,167.4901557,optimal,optimal,1.0000258043874055e-07
2025-03-21,30,0.38615,5986.710584747432,0.0,0.0,0.0,460.0833333333333,5099.81332037037,5611.017024074074,0.0,0.0,460.0833333333333,0.0,0.38615,0.299,0.0,optimal,optimal,1.0000258043874055e-07
2025-03-21,31,0.3644,5986.710584747432,0.0,451.83450500000015,0.0,0.0,5099.81332037037,5099.81332037037,451.83450500000015,0.049986666666666665,451.83450500000015,164.64849362200005,0.3644,0.3359,151.77121022950004,optimal,optimal,1.0000258043874055e-07
2025-03-21,32,0.33135,5986.710584747432,0.0,454.43143333333325,0.0,0.0,5099.81332037037,5099.81332037037,454.43143333333325,0.0,454.43143333333325,150.57585543499997,0.33135,0.3867,175.72863526999996,optimal,optimal,1.0000258043874055e-07
2025-03-21,33,0.31020000000000003,5986.710584747432,0.0,443.88,0.0,0.0,5099.81332037037,5099.81332037037,443.88,0.0,443.88,137.69157600000003,0.31020000000000003,0.359,159.35291999999998,optimal,optimal,1.0000258043874055e-07
2025-03-21,34,0.3207,5986.710584747432,0.0,432.9523699999999,0.0,0.0,5099.81332037037,5099.81332037037,432.9523699999999,0.6961799999999999,432.9523699999999,138.84782505899997,0.3207,0.2788,120.70712075599997,optimal,optimal,1.0000258043874055e-07
2025-03-21,35,0.52225,5986.710584747432,0.0,0.0,0.0,450.69640833333335,4599.039533333333,5099.81332037037,0.0,0.0,450.69640833333335,0.0,0.52225,0.4535,0.0,optimal,optimal,1.0000258043874055e-07
2025-03-21,36,0.7835000000000001,5986.710584747432,0.0,0.0,0.0,486.365,4058.633977777777,4599.039533333333,0.0,0.0,486.365,0.0,0.7835000000000001,0.7742,0.0,optimal,optimal,1.0000258043874055e-07
2025-03-21,37,0.78335,5986.710584747432,0.0,0.0,0.0,433.29716166666645,3577.1926870370366,4058.633977777777,0.0,20.986126666666667,433.29716166666645,0.0,0.78335,0.8068,0.0,optimal,optimal,1.0000258043874055e-07
2025-03-21,38,0.73445,5986.710584747432,0.0,0.0,0.0,382.55462,3152.131998148148,3577.1926870370366,0.0,58.414919999999995,382.55462,0.0,0.73445,0.7532,0.0,optimal,optimal,1.0000258043874055e-07
2025-03-21,39,0.744,5986.710584747432,0.0,0.0,0.0,342.2304166666667,2771.8759796296295,3152.131998148148,0.0,105.15374999999999,342.2304166666667,0.0,0.744,0.738,0.0,optimal,optimal,1.0000258043874055e-07
2025-03-21,40,0.7143,5986.710584747432,0.0,0.0,0.0,279.40371999999996,2461.4274018518518,2771.8759796296295,0.0,155.57838,279.40371999999996,0.0,0.7143,0.6845,0.0,optimal,optimal,1.0000258043874055e-07
2025-03-21,41,0.6949000000000001,5986.710584747432,0.0,0.0,0.0,260.49951,2171.9835018518515,2461.4274018518518,0.0,209.04323,260.49951,0.0,0.6949000000000001,0.6712,0.0,optimal,optimal,1.0000258043874055e-07
2025-03-21,42,0.7199,5986.710584747432,0.0,0.0,0.0,283.0487499999998,1857.4848907407406,2171.9835018518515,0.0,263.34749999999997,283.0487499999998,0.0,0.7199,0.6935,0.0,optimal,optimal,1.0000258043874055e-07
2025-03-21,43,0.7571000000000001,5986.710584747432,0.0,0.0,0.0,239.39660833333346,1591.488659259259,1857.4848907407406,0.0,314.6274966666666,239.39660833333346,0.0,0.7571000000000001,0.6599,0.0,optimal,optimal,1.0000258043874055e-07
2025-03-21,44,0.7333,5986.710584747432,0.0,0.0,0.0,162.45097999999996,1410.9875703703701,1591.488659259259,0.0,363.51086,162.45097999999996,0.0,0.7333,0.6208,0.0,optimal,optimal,1.0000258043874055e-07
2025-03-21,45,0.6378,5986.710584747432,0.0,0.0,0.0,117.97916666666657,1279.8996074074073,1410.9875703703701,0.0,410.71999999999997,117.97916666666657,0.0,0.6378,0.5691,0.0,optimal,optimal,1.0000258043874055e-07
2025-03-21,46,0.5589,5986.710584747432,0.0,0.0,0.0,60.30321166666664,1212.8960388888888,1279.8996074074073,0.0,457.0080133333333,60.30321166666664,0.0,0.5589,0.4824,0.0,optimal,optimal,1.0000258043874055e-07
2025-03-21,47,0.67995,5986.710584747432,0.0,0.0,0.0,11.606435000000033,1200.0,1212.8960388888888,0.0,507.15925333333325,11.606435000000033,0.0,0.67995,0.6353,0.0,optimal,optimal,1.0000258043874055e-07
2025-03-21,48,0.89385,5986.710584747432,0.0,0.0,37.796111111111145,0.0,1234.0165,1200.0,0.0,559.54375,-37.796111111111145,0.0,0.89385,0.9037,0.0,optimal,optimal,1.0000258043874055e-07
2025-03-21,49,0.8951,5986.710584747432,0.0,0.0,84.13555166666657,0.0,1309.7384964999999,1234.0165,0.0,607.4464066666666,-84.13555166666657,0.0,0.8951,0.8655,0.0,optimal,optimal,1.0000258043874055e-07
2025-03-21,50,0.8302,5986.710584747432,0.0,0.0,114.3939783333334,0.0,1412.693077,1309.7384964999999,0.0,653.54417,-114.3939783333334,0.0,0.8302,0.7845,0.0,optimal,optimal,1.0000258043874055e-07
2025-03-21,51,0.8107,5986.710584747432,0.0,0.0,152.35625000000005,0.0,1549.813702,1412.693077,0.0,702.885,-152.35625000000005,0.0,0.8107,0.7703,0.0,optimal,optimal,1.0000258043874055e-07
2025-03-21,52,0.80845,5986.710584747432,0.0,0.0,217.37491166666632,0.0,1745.4511224999997,1549.813702,0.0,758.69008,-217.37491166666632,0.0,0.80845,0.6818,0.0,optimal,optimal,1.0000258043874055e-07
2025-03-21,53,0.8394999999999999,5986.710584747432,0.0,0.0,229.66383000000008,0.0,1952.1485694999997,1745.4511224999997,0.0,817.00107,-229.66383000000008,0.0,0.8394999999999999,0.6884,0.0,optimal,optimal,1.0000258043874055e-07
2025-03-21,54,0.86545,5986.710584747432,0.0,0.0,201.93416666666678,0.0,2133.8893194999996,1952.1485694999997,0.0,869.6224999999998,-201.93416666666678,0.0,0.86545,0.794,0.0,optimal,optimal,1.0000258043874055e-07
2025-03-21,55,0.8188500000000001,5986.710584747432,0.0,0.0,226.6002066666665,0.0,2337.8295054999994,2133.8893194999996,0.0,913.9841733333333,-226.6002066666665,0.0,0.8188500000000001,0.813,0.0,optimal,optimal,1.0000258043874055e-07
2025-03-21,56,0.7802,5986.710584747432,0.0,0.0,309.4654966666668,0.0,2616.3484524999994,2337.8295054999994,0.0,977.68881,-309.4654966666668,0.0,0.7802,0.7837,0.0,optimal,optimal,1.0000258043874055e-07
2025-03-21,57,0.7766,5986.710584747432,0.0,0.0,393.6424999999996,0.0,2970.626702499999,2616.3484524999994,0.0,1048.1349999999998,-393.6424999999996,0.0,0.7766,0.7427,0.0,optimal,optimal,1.0000258043874055e-07
2025-03-21,58,0.7589999999999999,5986.710584747432,0.0,0.0,406.31942888888875,0.0,3336.3141884999986,2970.626702499999,0.0,1081.462273333333,-406.31942888888875,0.0,0.7589999999999999,0.6811,0.0,optimal,optimal,1.0000258043874055e-07
2025-03-21,59,0.7364999999999999,5986.710584747432,0.0,0.0,434.9030891666665,0.0,3727.7269687499984,3336.3141884999986,0.0,1099.0527299999999,-434.9030891666665,0.0,0.7364999999999999,0.6473,0.0,optimal,optimal,1.0000258043874055e-07
2025-03-21,60,0.7154,5986.710584747432,0.0,0.0,467.8333333333336,0.0,4148.776968749999,3727.7269687499984,0.0,1120.5212499999998,-467.8333333333336,0.0,0.7154,0.6482,0.0,optimal,optimal,1.0000258043874055e-07
2025-03-21,61,0.6861999999999999,5986.710584747432,0.0,0.0,478.0983983333332,0.0,4579.065527249999,4148.776968749999,0.0,1144.2460933333332,-478.0983983333332,0.0,0.6861999999999999,0.6397,0.0,optimal,optimal,1.0000258043874055e-07
2025-03-21,62,0.64975,5986.710584747432,0.0,0.0,467.72216749999995,0.0,5000.015477999999,4579.065527249999,0.0,1158.8642633333334,-467.72216749999995,0.0,0.64975,0.606,0.0,optimal,optimal,1.0000258043874055e-07
2025-03-21,63,0.64805,5986.710584747432,0.0,0.0,521.5545833333333,0.0,5469.414602999999,5000.015477999999,0.0,1168.83875,-521.5545833333333,0.0,0.64805,0.589,0.0,optimal,optimal,1.0000258043874055e-07
2025-03-21,64,0.6916,5986.710584747432,0.0,0.0,531.4713566666667,0.0,5947.738823999999,5469.414602999999,0.0,1192.4829133333333,-531.4713566666667,0.0,0.6916,0.6157,0.0,optimal,optimal,1.0000258043874055e-07
2025-03-21,65,0.52805,5986.710584747432,0.0,0.0,597.5471583333336,0.0,6485.531266499999,5947.738823999999,0.0,1230.6107433333334,-597.5471583333336,0.0,0.52805,0.4675,0.0,optimal,optimal,1.0000258043874055e-07
2025-03-21,66,0.2623,5986.710584747432,0.0,0.0,625.7266666666669,0.0,7048.6852665,6485.531266499999,0.0,1264.1425,-625.7266666666669,0.0,0.2623,0.227,0.0,optimal,optimal,1.0000258043874055e-07
2025-03-21,67,0.26255,5986.710584747432,0.0,0.0,591.9118408333331,0.0,7581.405923249999,7048.6852665,0.0,1274.1823466666665,-591.9118408333331,0.0,0.26255,0.208,0.0,optimal,optimal,1.0000258043874055e-07
2025-03-21,68,0.26995,5986.710584747432,0.0,0.0,601.2987266666665,0.0,8122.574777249999,7581.405923249999,0.0,1301.2024766666666,-601.2987266666665,0.0,0.26995,0.208,0.0,optimal,optimal,1.0000258043874055e-07
2025-03-21,69,0.18080000000000002,5986.710584747432,0.0,0.0,661.2574999999997,0.0,8717.706527249999,8122.574777249999,0.0,1340.4124999999997,-661.2574999999997,0.0,0.18080000000000002,0.1656,0.0,optimal,optimal,1.0000258043874055e-07
2025-03-21,70,0.16215000000000002,5986.710584747432,0.0,0.0,648.379148333333,0.0,9301.247760749999,8717.706527249999,0.0,1343.0446666666664,-648.379148333333,0.0,0.16215000000000002,0.2205,0.0,optimal,optimal,1.0000258043874055e-07
2025-03-21,71,0.19679999999999997,5986.710584747432,0.0,0.0,633.0675766666667,0.0,9871.00857975,9301.247760749999,0.0,1325.35108,-633.0675766666667,0.0,0.19679999999999997,0.2295,0.0,optimal,optimal,1.0000258043874055e-07
2025-03-21,72,0.2384,5986.710584747432,0.0,0.0,670.2337500000001,0.0,10474.21895475,9871.00857975,0.0,1316.80375,-670.2337500000001,0.0,0.2384,0.1806,0.0,optimal,optimal,1.0000258043874055e-07
2025-03-21,73,0.26455,5986.710584747432,0.0,0.0,361.97893916666646,0.0,10800.0,10474.21895475,0.0,1333.0431533333333,-693.4575016666665,0.0,0.26455,0.2057,0.0,optimal,optimal,1.0000258043874055e-07
2025-03-21,74,0.26859999999999995,5986.710584747432,0.0,0.0,0.0,0.0,10800.0,10800.0,0.0,1349.2436033333333,-698.5178927777779,0.0,0.26859999999999995,0.1996,0.0,optimal,optimal,1.0000258043874055e-07
2025-03-21,75,0.2455,5986.710584747432,0.0,0.0,0.0,0.0,10800.0,10800.0,0.0,1332.1012499999997,-680.8354166666662,0.0,0.2455,0.1365,0.0,optimal,optimal,1.0000258043874055e-07
2025-03-21,76,0.226,5986.710584747432,0.0,0.0,0.0,0.0,10800.0,10800.0,0.0,1272.4291699999999,-627.9931166666668,0.0,0.226,0.1352,0.0,optimal,optimal,1.0000258043874055e-07
2025-03-21,77,0.37955,5986.710584747432,0.0,0.0,0.0,0.0,10800.0,10800.0,0.0,1246.9382799999998,-610.8316633333332,0.0,0.37955,0.3171,0.0,optimal,optimal,1.0000258043874055e-07
2025-03-21,78,0.61345,5986.710584747432,0.0,0.0,0.0,0.0,10800.0,10800.0,0.0,1258.7225,-638.5066666666668,0.0,0.61345,0.5654,0.0,optimal,optimal,1.0000258043874055e-07
2025-03-21,79,0.6482,5986.710584747432,0.0,0.0,0.0,0.0,10800.0,10800.0,0.0,1236.6261033333333,-614.7324583333334,0.0,0.6482,0.6184,0.0,optimal,optimal,1.0000258043874055e-07
2025-03-21,80,0.6401,5986.710584747432,0.0,0.0,0.0,0.0,10800.0,10800.0,0.0,1192.7419333333332,-564.73549,0.0,0.6401,0.5805,0.0,optimal,optimal,1.0000258043874055e-07
2025-03-21,81,0.69485,5986.710584747432,0.0,0.0,0.0,0.0,10800.0,10800.0,0.0,1159.9187499999998,-534.7095833333328,0.0,0.69485,0.5725,0.0,optimal,optimal,1.0000258043874055e-07
2025-03-21,82,0.7542,5986.710584747432,0.0,0.0,0.0,0.0,10800.0,10800.0,0.0,1155.9636933333331,-519.32281,0.0,0.7542,0.6163,0.0,optimal,optimal,1.0000258043874055e-07
2025-03-21,83,0.7584500000000001,5986.710584747432,0.0,0.0,0.0,0.0,10800.0,10800.0,0.0,1144.3857966666667,-513.8850566666667,0.0,0.7584500000000001,0.6518,0.0,optimal,optimal,1.0000258043874055e-07
2025-03-21,84,0.7276,5986.710584747432,0.0,0.0,0.0,0.0,10800.0,10800.0,0.0,1108.4424999999999,-505.4808333333332,0.0,0.7276,0.657,0.0,optimal,optimal,1.0000258043874055e-07
2025-03-21,85,0.73645,5986.710584747432,0.0,0.0,0.0,0.0,10800.0,10800.0,0.0,1064.5525666666665,-440.7297299999999,0.0,0.73645,0.6635,0.0,optimal,optimal,1.0000258043874055e-07
2025-03-21,86,0.7656000000000001,5986.710584747432,0.0,0.0,0.0,0.0,10800.0,10800.0,0.0,1027.9806766666666,-393.43827499999986,0.0,0.7656000000000001,0.6879,0.0,optimal,optimal,1.0000258043874055e-07
2025-03-21,87,0.7969999999999999,5986.710584747432,0.0,0.0,0.0,0.0,10800.0,10800.0,0.0,1000.6912500000001,-380.91083333333324,0.0,0.7969999999999999,0.7335,0.0,optimal,optimal,1.0000258043874055e-07
2025-03-21,88,0.8107,5986.710584747432,0.0,0.0,0.0,0.0,10800.0,10800.0,0.0,970.9051433333332,-371.2435999999999,0.0,0.8107,0.762,0.0,optimal,optimal,1.0000258043874055e-07
2025-03-21,89,0.6842,5986.710584747432,0.0,0.0,0.0,0.0,10800.0,10800.0,0.0,923.5827566666667,-339.9270600000002,0.0,0.6842,0.6193,0.0,optimal,optimal,1.0000258043874055e-07
2025-03-21,90,0.50125,5986.710584747432,0.0,0.0,0.0,0.0,10800.0,10800.0,0.0,868.7349999999999,-280.96416666666676,0.0,0.50125,0.4027,0.0,optimal,optimal,1.0000258043874055e-07
2025-03-21,91,0.4899,5986.710584747432,0.0,0.0,0.0,0.0,10800.0,10800.0,0.0,830.6307300000001,-244.69356500000015,0.0,0.4899,0.3845,0.0,optimal,optimal,1.0000258043874055e-07
2025-03-21,92,0.53095,5986.710584747432,0.0,0.0,0.0,0.0,10800.0,10800.0,0.0,788.6251399999999,-197.46192916666666,0.0,0.53095,0.4221,0.0,optimal,optimal,1.0000258043874055e-07
2025-03-21,93,0.54345,5986.710584747432,0.0,0.0,0.0,0.0,10800.0,10800.0,0.0,732.4287499999998,-156.7041666666663,0.0,0.54345,0.4466,0.0,optimal,optimal,1.0000258043874055e-07
2025-03-21,94,0.5662,5986.710584747432,0.0,0.0,0.0,0.0,10800.0,10800.0,0.0,673.3874833333333,-88.00585833333332,0.0,0.5662,0.5206,0.0,optimal,optimal,1.0000258043874055e-07
2025-03-21,95,0.6053,5986.710584747432,0.0,0.0,0.0,0.0,10800.0,10800.0,0.0,621.34955,-16.104171666666616,0.0,0.6053,0.5223,0.0,optimal,optimal,1.0000258043874055e-07
2025-03-21,96,0.6311,5986.710584747432,0.0,24.426249999999868,0.0,0.0,10800.0,10800.0,24.426249999999868,572.5024999999999,24.426249999999868,15.415406374999916,0.6311,0.4752,11.607353999999937,optimal,optimal,1.0000258043874055e-07
2025-03-21,97,0.6149,5986.710584747432,0.0,61.93436499999996,0.0,0.0,10800.0,10800.0,61.93436499999996,515.1029366666667,61.93436499999996,38.08344103849998,0.6149,0.5319,32.94288874349998,optimal,optimal,1.0000258043874055e-07
2025-03-21,98,0.6315500000000001,5986.710584747432,0.0,116.86023833333331,0.0,0.0,10800.0,10800.0,116.86023833333331,457.43655,116.86023833333331,73.80308351941666,0.6315500000000001,0.5949,69.52015578449999,optimal,optimal,1.0000258043874055e-07
2025-03-21,99,0.6785,5986.710584747432,0.0,184.10541666666677,0.0,0.0,10800.0,10800.0,184.10541666666677,403.1362499999999,184.10541666666677,124.9155252083334,0.6785,0.6306,116.09687575000008,optimal,optimal,1.0000258043874055e-07
2025-03-21,100,0.6776500000000001,5986.710584747432,0.0,234.48619166666668,0.0,0.0,10800.0,10800.0,234.48619166666668,347.67929999999996,234.48619166666668,158.8995677829167,0.6776500000000001,0.6941,162.75686563583335,optimal,optimal,1.0000258043874055e-07
2025-03-21,101,0.6626000000000001,5986.710584747432,0.0,225.66215999999997,0.0,0.0,10800.0,10800.0,225.66215999999997,293.03660333333335,225.66215999999997,149.523747216,0.6626000000000001,0.6881,155.278132296,optimal,optimal,1.0000258043874055e-07
2025-03-21,102,0.6786,5986.710584747432,0.0,212.7629166666667,0.0,0.0,10800.0,10800.0,212.7629166666667,240.69125,212.7629166666667,144.38091525000002,0.6786,0.6353,135.16828095833336,optimal,optimal,1.0000258043874055e-07
2025-03-21,103,0.734,5986.710584747432,0.0,276.16920999999996,0.0,0.0,10800.0,10800.0,276.16920999999996,190.29604,276.16920999999996,202.70820013999997,0.734,0.6674,184.31533075399997,optimal,optimal,1.0000258043874055e-07
2025-03-21,104,0.76245,5986.710584747432,0.0,328.88745277777764,0.0,0.0,10800.0,10800.0,328.88745277777764,142.98855666666665,328.88745277777764,250.76023837041654,0.76245,0.7157,235.38474995305546,optimal,optimal,1.0000258043874055e-07
2025-03-21,105,0.73995,5986.710584747432,0.0,354.78791666666666,0.0,0.0,10800.0,10800.0,354.78791666666666,98.71249999999998,354.78791666666666,262.5253189375,0.73995,0.7139,253.28309370833333,optimal,optimal,1.0000258043874055e-07
2025-03-21,106,0.72775,5986.710584747432,0.0,403.80042499999996,0.0,0.0,10800.0,10800.0,403.80042499999996,56.8951,403.80042499999996,293.86575929375,0.72775,0.6932,279.91445461,optimal,optimal,1.0000258043874055e-07
2025-03-21,107,0.8738,5986.710584747432,0.0,125.04857666666749,0.0,321.4539549999992,10442.82893888889,10800.0,125.04857666666749,21.381369999999997,446.5025316666667,109.26744629133405,0.8738,0.8471,105.92864929433402,optimal,optimal,1.0000258043874055e-07
2025-03-21,108,1.0997,5986.710584747432,0.0,0.0,0.0,466.9324999999999,9924.015050000002,10442.82893888889,0.0,0.0,466.9324999999999,0.0,1.0997,1.0876,0.0,optimal,optimal,1.0000258043874055e-07
2025-03-21,109,1.1573,5986.710584747432,0.0,0.0,0.0,457.2536816666667,9415.955403703705,9924.015050000002,0.0,0.0,457.2536816666667,0.0,1.1573,1.1224,0.0,optimal,optimal,1.0000258043874055e-07
2025-03-21,110,1.1091,5986.710584747432,0.0,0.0,0.0,459.2699383333334,8905.655472222223,9415.955403703705,0.0,0.7266833333333332,459.2699383333334,0.0,1.1091,1.119,0.0,optimal,optimal,1.0000258043874055e-07
2025-03-21,111,1.08,5986.710584747432,0.0,0.0,0.0,458.40749999999997,8396.313805555556,8905.655472222223,0.0,0.0,458.40749999999997,0.0,1.08,1.1477,0.0,optimal,optimal,1.0000258043874055e-07
2025-03-21,112,1.13235,5986.710584747432,0.0,0.0,0.0,451.20214999999996,7894.978083333333,8396.313805555556,0.0,0.0,451.20214999999996,0.0,1.13235,1.1148,0.0,optimal,optimal,1.0000258043874055e-07
2025-03-21,113,1.1549999999999998,5986.710584747432,0.0,0.0,0.0,449.36965166666664,7395.678470370371,7894.978083333333,0.0,0.05217333333333333,449.36965166666664,0.0,1.1549999999999998,1.1269,0.0,optimal,optimal,1.0000258043874055e-07
2025-03-21,114,1.1227,5986.710584747432,0.0,0.0,0.0,459.88083333333316,6884.699766666667,7395.678470370371,0.0,0.0,459.88083333333316,0.0,1.1227,1.1778,0.0,optimal,optimal,1.0000258043874055e-07
2025-03-21,115,1.1141,5986.710584747432,0.0,0.0,0.0,468.08936833333337,6364.600468518518,6884.699766666667,0.0,0.0,468.08936833333337,0.0,1.1141,1.1421,0.0,optimal,optimal,1.0000258043874055e-07
2025-03-21,116,1.1088,5986.710584747432,0.0,0.0,0.0,449.79516333333333,5864.828064814815,6364.600468518518,0.0,0.003749999999999999,449.79516333333333,0.0,1.1088,1.0779,0.0,optimal,optimal,1.0000258043874055e-07
2025-03-21,117,1.10445,5986.710584747432,0.0,0.0,0.0,440.94416666666655,5374.890101851852,5864.828064814815,0.0,0.0,440.94416666666655,0.0,1.10445,1.0561,0.0,optimal,optimal,1.0000258043874055e-07
2025-03-21,118,1.12805,5986.710584747432,0.0,0.0,0.0,476.78299166666665,4845.131222222222,5374.890101851852,0.0,0.0,476.78299166666665,0.0,1.12805,1.0917,0.0,optimal,optimal,1.0000258043874055e-07
2025-03-21,119,1.14605,5986.710584747432,0.0,0.0,0.0,480.45162500000004,4311.296083333334,4845.131222222222,0.0,0.0002666666666666667,480.45162500000004,0.0,1.14605,1.1173,0.0,optimal,optimal,1.0000258043874055e-07
2025-03-21,120,1.1391,5986.710584747432,0.0,0.0,0.0,461.14166666666665,3798.916453703704,4311.296083333334,0.0,0.0,461.14166666666665,0.0,1.1391,1.1105,0.0,optimal,optimal,1.0000258043874055e-07
2025-03-21,121,1.1209500000000001,5986.710584747432,0.0,0.0,0.0,457.3484083333333,3290.751555555556,3798.916453703704,0.0,0.0,457.3484083333333,0.0,1.1209500000000001,1.1102,0.0,optimal,optimal,1.0000258043874055e-07
2025-03-21,122,1.11735,5986.710584747432,0.0,0.0,0.0,463.15611666666666,2776.1336481481485,3290.751555555556,0.0,0.0,463.15611666666666,0.0,1.11735,1.1385,0.0,optimal,optimal,1.0000258043874055e-07
2025-03-21,123,1.14585,5986.710584747432,0.0,0.0,0.0,463.975,2260.6058703703707,2776.1336481481485,0.0,0.0,463.975,0.0,1.14585,1.1788,0.0,optimal,optimal,1.0000258043874055e-07
2025-03-21,124,1.1731,5986.710584747432,0.0,0.0,0.0,474.4407333333333,1733.4495000000002,2260.6058703703707,0.0,0.0,474.4407333333333,0.0,1.1731,1.1666,0.0,optimal,optimal,1.0000258043874055e-07
2025-03-21,125,1.01915,5986.710584747432,0.0,0.0,0.0,480.1045500000001,1200.0,1733.4495000000002,0.0,0.0,480.1045500000001,0.0,1.01915,0.9932,0.0,optimal,optimal,1.0000258043874055e-07
2025-03-21,126,0.77765,5986.710584747432,0.0,486.00166666666667,0.0,0.0,1200.0,1200.0,486.00166666666667,0.0,486.00166666666667,377.9391960833333,0.77765,0.7711,374.75588516666664,optimal,optimal,1.0000258043874055e-07
2025-03-21,127,0.73985,5986.710584747432,0.0,475.1742,0.0,0.0,1200.0,1200.0,475.1742,0.0,475.1742,351.55763186999997,0.73985,0.745,354.004779,optimal,optimal,1.0000258043874055e-07
2025-03-21,128,0.756,5986.710584747432,0.0,475.7364583333332,0.0,0.0,1200.0,1200.0,475.7364583333332,0.0,475.7364583333332,359.6567624999999,0.756,0.7656,364.22383249999984,optimal,optimal,1.0000258043874055e-07
2025-03-21,129,0.7688,5986.710584747432,0.0,482.02333333333326,0.0,0.0,1200.0,1200.0,482.02333333333326,0.0,482.02333333333326,370.5795386666666,0.7688,0.7761,374.098309,optimal,optimal,1.0000258043874055e-07
2025-03-21,130,0.83245,5986.710584747432,0.0,492.0171041666666,0.0,0.0,1200.0,1200.0,492.0171041666666,0.0,492.0171041666666,409.5796383635416,0.83245,0.8209,403.8968408104166,optimal,optimal,1.0000258043874055e-07
2025-03-21,131,0.6456999999999999,5986.710584747432,0.0,467.7752333333333,0.0,0.0,1200.0,1200.0,467.7752333333333,0.0,467.7752333333333,302.0424681633333,0.6456999999999999,0.6005,280.8990276166667,optimal,optimal,1.0000258043874055e-07
2025-03-21,132,0.3119,5986.710584747432,318.5673163860358,419.38250000000005,0.0,0.0,1486.7105847474322,1200.0,737.9498163860359,0.0,419.38250000000005,230.1665477308046,0.3119,0.2516,185.6681738027266,optimal,optimal,1.0000258043874055e-07
2025-03-21,133,0.26554999999999995,5986.710584747432,833.3333333333334,384.13272499999994,0.0,0.0,2236.710584747432,1486.7105847474322,1217.4660583333334,0.0,384.13272499999994,323.2981117904166,0.26554999999999995,0.2468,300.4706231966667,optimal,optimal,1.0000258043874055e-07
2025-03-21,134,0.29535,5986.710584747432,833.3333333333334,396.40965833333337,0.0,0.0,2986.710584747432,2236.710584747432,1229.7429916666667,0.0,396.40965833333337,363.20459258875,0.29535,0.3199,393.3947830341667,optimal,optimal,1.0000258043874055e-07
2025-03-21,135,0.2778,5986.710584747432,833.3333333333334,419.8950000000001,0.0,0.0,3736.710584747432,2986.710584747432,1253.2283333333335,0.0,419.8950000000001,348.146831,0.2778,0.3082,386.24497233333335,optimal,optimal,1.0000258043874055e-07
2025-03-21,136,0.30465,5986.710584747432,833.3333333333334,404.6253083333333,0.0,0.0,4486.710584747432,3736.710584747432,1237.9586416666666,0.0,404.6253083333333,377.14410018374997,0.30465,0.3096,383.27199545999997,optimal,optimal,1.0000258043874055e-07
2025-03-21,137,0.31279999999999997,5986.710584747432,0.0,387.34267499999993,0.0,0.0,4486.710584747432,4486.710584747432,387.34267499999993,0.0,387.34267499999993,121.16078873999996,0.31279999999999997,0.2958,114.57596326499998,optimal,optimal,1.0000258043874055e-07
2025-03-21,138,0.30015000000000003,5986.710584747432,833.3333333333334,388.9599999999999,0.0,0.0,5236.710584747432,4486.710584747432,1222.2933333333333,0.0,388.9599999999999,366.871344,0.30015000000000003,0.2748,335.88620799999995,optimal,optimal,1.0000258043874055e-07
2025-03-21,139,0.3331,5986.710584747432,0.0,392.17916666666673,0.0,0.0,5236.710584747432,5236.710584747432,392.17916666666673,0.0,392.17916666666673,130.6348804166667,0.3331,0.3009,118.00671125000002,optimal,optimal,1.0000258043874055e-07
2025-03-21,140,0.34604999999999997,5986.710584747432,0.0,420.8306583333333,0.0,0.0,5236.710584747432,5236.710584747432,420.8306583333333,0.0,420.8306583333333,145.62844931624997,0.34604999999999997,0.3281,138.07453899916666,optimal,optimal,1.0000258043874055e-07
2025-03-21,141,0.32094999999999996,5986.710584747432,0.0,442.07,0.0,0.0,5236.710584747432,5236.710584747432,442.07,0.0,442.07,141.8823665,0.32094999999999996,0.3349,148.049243,optimal,optimal,1.0000258043874055e-07
2025-03-21,142,0.3116,5986.710584747432,833.3333333333334,418.1961416666666,0.0,0.0,5986.710584747432,5236.710584747432,1251.529475,0.0,418.1961416666666,389.97658441,0.3116,0.3405,426.14578623750003,optimal,optimal,1.0000258043874055e-07
2025-03-21,143,0.3302,5986.710584747432,0.0,406.3452499999999,0.0,0.0,5986.710584747432,5986.710584747432,406.3452499999999,0.0,406.3452499999999,134.17520154999997,0.3302,0.3286,133.52504914999997,optimal,optimal,1.0000258043874055e-07
2025-03-21,144,0.35814999999999997,5986.710584747432,0.0,413.34916666666663,0.0,0.0,5986.710584747432,5986.710584747432,413.34916666666663,0.0,413.34916666666663,148.04100404166664,0.35814999999999997,0.3013,124.54210391666666,optimal,optimal,1.0000258043874055e-07
2025-03-22,1,0.3627,5986.710584647432,0.0,435.44064166666664,0.0,0.0,5986.710584647432,5986.710584647432,435.44064166666664,0.0,435.44064166666664,157.9343207325,0.3627,0.2868,124.88437602999998,optimal,optimal,1.0000258043874055e-07
2025-03-22,2,0.3355,5986.710584647432,0.0,443.69669166666665,0.0,0.0,5986.710584647432,5986.710584647432,443.69669166666665,0.0,443.69669166666665,148.86024005416667,0.3355,0.3052,135.41623029666667,optimal,optimal,1.0000258043874055e-07
2025-03-22,3,0.31025,5986.710584647432,0.0,439.63666666666654,0.0,0.0,5986.710584647432,5986.710584647432,439.63666666666654,0.0,439.63666666666654,136.3972758333333,0.31025,0.3172,139.45275066666662,optimal,optimal,1.0000258043874055e-07
2025-03-22,4,0.3274,5986.710584647432,0.0,425.4072125,0.0,0.0,5986.710584647432,5986.710584647432,425.4072125,0.0,425.4072125,139.27832137250002,0.3274,0.2747,116.85936127375,optimal,optimal,1.0000258043874055e-07
2025-03-22,5,0.3172,5986.710584647432,0.0,429.9472916666666,0.0,0.0,5986.710584647432,5986.710584647432,429.9472916666666,0.0,429.9472916666666,136.37928091666663,0.3172,0.312,134.143555,optimal,optimal,1.0000258043874055e-07
2025-03-22,6,0.2934,5986.710584647432,833.3333333333334,425.9533333333332,0.0,0.0,6736.710584647432,5986.710584647432,1259.2866666666666,0.0,425.9533333333332,369.47470799999996,0.2934,0.3775,475.3807166666667,optimal,optimal,1.0000258043874055e-07
2025-03-22,7,0.3357,5986.710584647432,0.0,425.2169333333333,0.0,0.0,6736.710584647432,6736.710584647432,425.2169333333333,0.0,425.2169333333333,142.74532452,0.3357,0.2906,123.56804082666667,optimal,optimal,1.0000258043874055e-07
2025-03-22,8,0.34695,5986.710584647432,0.0,431.22121666666663,0.0,0.0,6736.710584647432,6736.710584647432,431.22121666666663,0.0,431.22121666666663,149.61220112249998,0.34695,0.2694,116.17099576999998,optimal,optimal,1.0000258043874055e-07
2025-03-22,9,0.31725000000000003,5986.710584647432,0.0,428.42999999999984,0.0,0.0,6736.710584647432,6736.710584647432,428.42999999999984,0.0,428.42999999999984,135.91941749999995,0.31725000000000003,0.3655,156.59116499999993,optimal,optimal,1.0000258043874055e-07
2025-03-22,10,0.33325000000000005,5986.710584647432,0.0,430.6682166666667,0.0,0.0,6736.710584647432,6736.710584647432,430.6682166666667,0.0,430.6682166666667,143.5201832041667,0.33325000000000005,0.4039,173.94689271166666,optimal,optimal,1.0000258043874055e-07
2025-03-22,11,0.33840000000000003,5986.710584647432,0.0,431.6392166666666,0.0,0.0,6736.710584647432,6736.710584647432,431.6392166666666,0.0,431.6392166666666,146.06671092,0.33840000000000003,0.3785,163.3754435083333,optimal,optimal,1.0000258043874055e-07
2025-03-22,12,0.3231,5986.710584647432,0.0,456.0991666666667,0.0,0.0,6736.710584647432,6736.710584647432,456.0991666666667,0.0,456.0991666666667,147.36564075,0.3231,0.3356,153.06688033333336,optimal,optimal,1.0000258043874055e-07
2025-03-22,13,0.34165,5986.710584647432,0.0,458.8705166666666,0.0,0.0,6736.710584647432,6736.710584647432,458.8705166666666,0.0,458.8705166666666,156.77311201916666,0.34165,0.3186,146.19614660999997,optimal,optimal,1.0000258043874055e-07
2025-03-22,14,0.3676,5986.710584647432,0.0,448.4326000000001,0.0,0.0,6736.710584647432,6736.710584647432,448.4326000000001,0.0,448.4326000000001,164.84382376000002,0.3676,0.3294,147.71369844000003,optimal,optimal,1.0000258043874055e-07
2025-03-22,15,0.37555,5986.710584647432,0.0,0.0,0.0,447.2324999999999,6239.785584647432,6736.710584647432,0.0,0.0,447.2324999999999,0.0,0.37555,0.346,0.0,optimal,optimal,1.0000258043874055e-07
2025-03-22,16,0.36155,5986.710584647432,0.0,469.36859999999996,0.0,0.0,6239.785584647432,6239.785584647432,469.36859999999996,0.0,469.36859999999996,169.70021733,0.36155,0.3462,162.49540932,optimal,optimal,1.0000258043874055e-07
2025-03-22,17,0.32420000000000004,5986.710584647432,0.0,469.5401833333333,0.0,0.0,6239.785584647432,6239.785584647432,469.5401833333333,0.0,469.5401833333333,152.22492743666666,0.32420000000000004,0.3563,167.29716732166665,optimal,optimal,1.0000258043874055e-07
2025-03-22,18,0.3004,5986.710584647432,833.333295177259,442.2675,0.0,0.0,6989.785550306965,6239.785584647432,1275.600795177259,0.0,442.2675,383.1904788712486,0.3004,0.3625,462.40528825175636,optimal,optimal,1.0000258043874055e-07
2025-03-22,19,0.3348,5986.710584647432,0.0,444.5599500000001,0.0,0.0,6989.785550306965,6989.785550306965,444.5599500000001,0.0,444.5599500000001,148.83867126,0.3348,0.3224,143.32612788000003,optimal,optimal,1.0000258043874055e-07
2025-03-22,20,0.35145,5986.710584647432,0.0,442.3976916666667,0.0,0.0,6989.785550306965,6989.785550306965,442.3976916666667,0.0,442.3976916666667,155.48066873625,0.35145,0.2882,127.49901473833334,optimal,optimal,1.0000258043874055e-07
2025-03-22,21,0.33494999999999997,5986.710584647432,0.0,435.9458333333333,0.0,0.0,6989.785550306965,6989.785550306965,435.9458333333333,0.0,435.9458333333333,146.020056875,0.33494999999999997,0.2928,127.64494,optimal,optimal,1.0000258043874055e-07
2025-03-22,22,0.34325,5986.710584647432,0.0,437.66605833333335,0.0,0.0,6989.785550306965,6989.785550306965,437.66605833333335,0.0,437.66605833333335,150.22887452291667,0.34325,0.3201,140.0969052725,optimal,optimal,1.0000258043874055e-07
2025-03-22,23,0.36375,5986.710584647432,0.0,441.1257583333334,0.0,0.0,6989.785550306965,6989.785550306965,441.1257583333334,0.0,441.1257583333334,160.45949459375004,0.36375,0.334,147.33600328333335,optimal,optimal,1.0000258043874055e-07
2025-03-22,24,0.36634999999999995,5986.710584647432,0.0,452.83916666666676,0.0,0.0,6989.785550306965,6989.785550306965,452.83916666666676,0.0,452.83916666666676,165.89762870833334,0.36634999999999995,0.347,157.13519083333335,optimal,optimal,1.0000258043874055e-07
2025-03-22,25,0.3417,5986.710584647432,0.0,438.5556383333333,0.0,0.0,6989.785550306965,6989.785550306965,438.5556383333333,0.0003033333333333333,438.5556383333333,149.8544616185,0.3417,0.3899,170.99284338616667,optimal,optimal,1.0000258043874055e-07
2025-03-22,26,0.35365,5986.710584647432,0.0,445.83641666666665,0.0,0.0,6989.785550306965,6989.785550306965,445.83641666666665,0.0,445.83641666666665,157.67004875416666,0.35365,0.3617,161.25903190833333,optimal,optimal,1.0000258043874055e-07
2025-03-22,27,0.3953,5986.710584647432,0.0,0.0,0.0,470.1633333333333,6467.381846603261,6989.785550306965,0.0,0.0,470.1633333333333,0.0,0.3953,0.3084,0.0,optimal,optimal,1.0000258043874055e-07
2025-03-22,28,0.39105,5986.710584647432,0.0,0.0,0.0,471.3003133333333,5943.714831788447,6467.381846603261,0.0,0.004263333333333333,471.3003133333333,0.0,0.39105,0.3755,0.0,optimal,optimal,1.0000258043874055e-07
2025-03-22,29,0.3503,5986.710584647432,0.0,455.2148833333333,0.0,0.0,5943.714831788447,5943.714831788447,455.2148833333333,0.0,455.2148833333333,159.46177363166666,0.3503,0.3954,179.99196486999998,optimal,optimal,1.0000258043874055e-07
2025-03-22,30,0.3283,5986.710584647432,0.0,456.3058333333333,0.0,0.0,5943.714831788447,5943.714831788447,456.3058333333333,0.0,456.3058333333333,149.8052050833333,0.3283,0.3361,153.36439058333332,optimal,optimal,1.0000258043874055e-07
2025-03-22,31,0.37205,5986.710584647432,0.0,465.23352833333337,0.0,0.0,5943.714831788447,5943.714831788447,465.23352833333337,0.059366666666666665,465.23352833333337,173.0901342164167,0.37205,0.3361,156.36498887283335,optimal,optimal,1.0000258043874055e-07
2025-03-22,32,0.40435,5986.710584647432,0.0,0.0,0.0,473.4193916666667,5417.693285492151,5943.714831788447,0.0,0.0,473.4193916666667,0.0,0.40435,0.3562,0.0,optimal,optimal,1.0000258043874055e-07
2025-03-22,33,0.3741,5986.710584647432,0.0,81.49539972373128,0.0,382.485433609602,4992.709470370371,5417.693285492151,81.49539972373128,0.0,463.9808333333333,30.48742903664787,0.3741,0.3391,27.635090046317277,optimal,optimal,1.0000258043874055e-07
2025-03-22,34,0.33365,5986.710584647432,0.0,441.55480777777774,0.0,0.0,4992.709470370371,4992.709470370371,441.55480777777774,0.8268699999999999,441.55480777777774,147.32476161505554,0.33365,0.307,135.55732598777777,optimal,optimal,1.0000258043874055e-07
2025-03-22,35,0.503,5986.710584647432,0.0,0.0,0.0,440.50456666666673,4503.259951851852,4992.709470370371,0.0,0.0,440.50456666666673,0.0,0.503,0.4698,0.0,optimal,optimal,1.0000258043874055e-07
2025-03-22,36,0.76205,5986.710584647432,0.0,0.0,0.0,457.69166666666666,3994.7136555555558,4503.259951851852,0.0,0.0,457.69166666666666,0.0,0.76205,0.7311,0.0,optimal,optimal,1.0000258043874055e-07
2025-03-22,37,0.7605999999999999,5986.710584647432,0.0,0.0,0.0,431.19170833333305,3515.611757407408,3994.7136555555558,0.0,24.153446666666667,431.19170833333305,0.0,0.7605999999999999,0.7663,0.0,optimal,optimal,1.0000258043874055e-07
2025-03-22,38,0.7366999999999999,5986.710584647432,0.0,0.0,0.0,399.77070499999996,3071.4220851851856,3515.611757407408,0.0,63.41861,399.77070499999996,0.0,0.7366999999999999,0.7387,0.0,optimal,optimal,1.0000258043874055e-07
2025-03-22,39,0.7711,5986.710584647432,0.0,0.0,0.0,356.20708333333323,2675.6364370370375,3071.4220851851856,0.0,109.88,356.20708333333323,0.0,0.7711,0.7365,0.0,optimal,optimal,1.0000258043874055e-07
2025-03-22,40,0.7135499999999999,5986.710584647432,0.0,0.0,0.0,297.107475,2345.5170203703706,2675.6364370370375,0.0,161.01320666666666,297.107475,0.0,0.7135499999999999,0.6857,0.0,optimal,optimal,1.0000258043874055e-07
2025-03-22,41,0.71375,5986.710584647432,0.0,0.0,0.0,264.29209833333334,2051.8591333333334,2345.5170203703706,0.0,215.07772,264.29209833333334,0.0,0.71375,0.6627,0.0,optimal,optimal,1.0000258043874055e-07
2025-03-22,42,0.76195,5986.710584647432,0.0,0.0,0.0,258.3658333333334,1764.7859851851852,2051.8591333333334,0.0,270.59875,258.3658333333334,0.0,0.76195,0.6897,0.0,optimal,optimal,1.0000258043874055e-07
2025-03-22,43,0.69015,5986.710584647432,0.0,0.0,0.0,205.1961166666668,1536.7903,1764.7859851851852,0.0,325.71567999999996,205.1961166666668,0.0,0.69015,0.7062,0.0,optimal,optimal,1.0000258043874055e-07
2025-03-22,44,0.6408,5986.710584647432,0.0,0.0,0.0,140.38398499999994,1380.8080944444444,1536.7903,0.0,376.81129666666664,140.38398499999994,0.0,0.6408,0.6984,0.0,optimal,optimal,1.0000258043874055e-07
2025-03-22,45,0.6321,5986.710584647432,0.0,0.0,0.0,112.99999999999989,1255.252538888889,1380.8080944444444,0.0,426.51500000000004,112.99999999999989,0.0,0.6321,0.6479,0.0,optimal,optimal,1.0000258043874055e-07
2025-03-22,46,0.5668,5986.710584647432,0.0,0.0,0.0,49.727284999999995,1200.0,1255.252538888889,0.0,481.7125233333333,49.727284999999995,0.0,0.5668,0.5671,0.0,optimal,optimal,1.0000258043874055e-07
2025-03-22,47,0.6863999999999999,5986.710584647432,0.0,0.0,20.231973333333485,0.0,1218.2087760000002,1200.0,0.0,539.4560533333333,-20.231973333333485,0.0,0.6863999999999999,0.6504,0.0,optimal,optimal,1.0000258043874055e-07
2025-03-22,48,0.9216,5986.710584647432,0.0,0.0,77.87986111111104,0.0,1288.300651,1218.2087760000002,0.0,591.7574999999999,-77.87986111111104,0.0,0.9216,0.8544,0.0,optimal,optimal,1.0000258043874055e-07
2025-03-22,49,0.92575,5986.710584647432,0.0,0.0,95.56629833333335,0.0,1374.3103195,1288.300651,0.0,632.7124366666666,-95.56629833333335,0.0,0.92575,0.9228,0.0,optimal,optimal,1.0000258043874055e-07
2025-03-22,50,0.8263,5986.710584647432,0.0,0.0,129.8572333333334,0.0,1491.1818295000003,1374.3103195,0.0,674.2703333333334,-129.8572333333334,0.0,0.8263,0.879,0.0,optimal,optimal,1.0000258043874055e-07
2025-03-22,51,0.7704,5986.710584647432,0.0,0.0,194.46041666666656,0.0,1666.1962045000002,1491.1818295000003,0.0,721.165,-194.46041666666656,0.0,0.7704,0.8055,0.0,optimal,optimal,1.0000258043874055e-07
2025-03-22,52,0.7823500000000001,5986.710584647432,0.0,0.0,233.06925333333322,0.0,1875.9585325000003,1666.1962045000002,0.0,769.1006633333334,-233.06925333333322,0.0,0.7823500000000001,0.7644,0.0,optimal,optimal,1.0000258043874055e-07
2025-03-22,53,0.8074,5986.710584647432,0.0,0.0,236.51866166666662,0.0,2088.8253280000004,1875.9585325000003,0.0,823.57336,-236.51866166666662,0.0,0.8074,0.7882,0.0,optimal,optimal,1.0000258043874055e-07
2025-03-22,54,0.8078000000000001,5986.710584647432,0.0,0.0,227.56833333333338,0.0,2293.6368280000006,2088.8253280000004,0.0,871.8,-227.56833333333338,0.0,0.8078000000000001,0.8388,0.0,optimal,optimal,1.0000258043874055e-07
2025-03-22,55,0.7886500000000001,5986.710584647432,0.0,0.0,232.23497666666663,0.0,2502.6483070000004,2293.6368280000006,0.0,896.9515766666666,-232.23497666666663,0.0,0.7886500000000001,0.8357,0.0,optimal,optimal,1.0000258043874055e-07
2025-03-22,56,0.7850999999999999,5986.710584647432,0.0,0.0,268.41260666666676,0.0,2744.2196530000006,2502.6483070000004,0.0,946.6320166666667,-268.41260666666676,0.0,0.7850999999999999,0.7841,0.0,optimal,optimal,1.0000258043874055e-07
2025-03-22,57,0.79515,5986.710584647432,0.0,0.0,344.3962499999998,0.0,3054.1762780000004,2744.2196530000006,0.0,1020.9375,-344.3962499999998,0.0,0.79515,0.7509,0.0,optimal,optimal,1.0000258043874055e-07
2025-03-22,58,0.7847500000000001,5986.710584647432,0.0,0.0,382.87229055555576,0.0,3398.7613395000008,3054.1762780000004,0.0,1069.2463433333335,-382.87229055555576,0.0,0.7847500000000001,0.7926,0.0,optimal,optimal,1.0000258043874055e-07
2025-03-22,59,0.7678,5986.710584647432,0.0,0.0,416.8697141666664,0.0,3773.9440822500005,3398.7613395000008,0.0,1093.6046466666664,-416.8697141666664,0.0,0.7678,0.7748,0.0,optimal,optimal,1.0000258043874055e-07
2025-03-22,60,0.75595,5986.710584647432,0.0,0.0,436.7837500000004,0.0,4167.049457250001,3773.9440822500005,0.0,1113.54,-436.7837500000004,0.0,0.75595,0.7006,0.0,optimal,optimal,1.0000258043874055e-07
2025-03-22,61,0.7464,5986.710584647432,0.0,0.0,469.3903316666666,0.0,4589.500755750001,4167.049457250001,0.0,1143.4496433333331,-469.3903316666666,0.0,0.7464,0.7026,0.0,optimal,optimal,1.0000258043874055e-07
2025-03-22,62,0.73695,5986.710584647432,0.0,0.0,472.4326441666666,0.0,5014.690135500001,4589.500755750001,0.0,1164.2298566666666,-472.4326441666666,0.0,0.73695,0.6952,0.0,optimal,optimal,1.0000258043874055e-07
2025-03-22,63,0.7313,5986.710584647432,0.0,0.0,526.9333333333329,0.0,5488.930135500001,5014.690135500001,0.0,1181.8574999999996,-526.9333333333329,0.0,0.7313,0.6527,0.0,optimal,optimal,1.0000258043874055e-07
2025-03-22,64,0.7061999999999999,5986.710584647432,0.0,0.0,562.6126583333332,0.0,5995.281528,5488.930135500001,0.0,1222.9136899999999,-562.6126583333332,0.0,0.7061999999999999,0.6216,0.0,optimal,optimal,1.0000258043874055e-07
2025-03-22,65,0.5217,5986.710584647432,0.0,0.0,624.4180716666667,0.0,6557.2577925000005,5995.281528,0.0,1263.1308566666664,-624.4180716666667,0.0,0.5217,0.4832,0.0,optimal,optimal,1.0000258043874055e-07
2025-03-22,66,0.29155,5986.710584647432,0.0,0.0,622.7470833333336,0.0,7117.730167500001,6557.2577925000005,0.0,1281.45625,-622.7470833333336,0.0,0.29155,0.2853,0.0,optimal,optimal,1.0000258043874055e-07
2025-03-22,67,0.2931,5986.710584647432,0.0,0.0,596.7985891666665,0.0,7654.848897750001,7117.730167500001,0.0,1282.8893033333331,-596.7985891666665,0.0,0.2931,0.2241,0.0,optimal,optimal,1.0000258043874055e-07
2025-03-22,68,0.3372,5986.710584647432,0.0,0.0,618.2300133333333,0.0,8211.255909750002,7654.848897750001,0.0,1308.8783133333334,-618.2300133333333,0.0,0.3372,0.2506,0.0,optimal,optimal,1.0000258043874055e-07
2025-03-22,69,0.3256,5986.710584647432,0.0,0.0,680.6400000000001,0.0,8823.831909750003,8211.255909750002,0.0,1351.1225,-680.6400000000001,0.0,0.3256,0.2582,0.0,optimal,optimal,1.0000258043874055e-07
2025-03-22,70,0.34375,5986.710584647432,0.0,0.0,680.1207283333331,0.0,9435.940565250003,8823.831909750003,0.0,1360.4917133333333,-680.1207283333331,0.0,0.34375,0.1901,0.0,optimal,optimal,1.0000258043874055e-07
2025-03-22,71,0.37005,5986.710584647432,0.0,0.0,662.018815,0.0,10031.757498750003,9435.940565250003,0.0,1358.3072766666667,-662.018815,0.0,0.37005,0.1607,0.0,optimal,optimal,1.0000258043874055e-07
2025-03-22,72,0.3469,5986.710584647432,0.0,0.0,248.8548624999971,0.0,10255.726875,10031.757498750003,0.0,1362.3087499999997,-688.3870833333331,0.0,0.3469,0.1784,0.0,optimal,optimal,1.0000258043874055e-07
2025-03-22,73,0.25545,5986.710584647432,0.0,0.0,0.0,0.0,10255.726875,10255.726875,0.0,1369.2459133333334,-729.63922,0.0,0.25545,0.1546,0.0,optimal,optimal,1.0000258043874055e-07
2025-03-22,74,0.24964999999999998,5986.710584647432,0.0,0.0,0.0,0.0,10255.726875,10255.726875,0.0,1378.36302,-762.0376177777779,0.0,0.24964999999999998,0.2005,0.0,optimal,optimal,1.0000258043874055e-07
2025-03-22,75,0.30820000000000003,5986.710584647432,0.0,0.0,0.0,0.0,10255.726875,10255.726875,0.0,1369.1912499999996,-751.6979166666662,0.0,0.30820000000000003,0.2739,0.0,optimal,optimal,1.0000258043874055e-07
2025-03-22,76,0.28645,5986.710584647432,0.0,0.0,0.0,0.0,10255.726875,10255.726875,0.0,1320.9411533333332,-672.3546666666667,0.0,0.28645,0.2309,0.0,optimal,optimal,1.0000258043874055e-07
2025-03-22,77,0.40269999999999995,5986.710584647432,0.0,0.0,0.0,0.0,10255.726875,10255.726875,0.0,1290.9864533333332,-623.3029783333332,0.0,0.40269999999999995,0.3247,0.0,optimal,optimal,1.0000258043874055e-07
2025-03-22,78,0.6168,5986.710584647432,0.0,0.0,0.0,0.0,10255.726875,10255.726875,0.0,1291.37625,-643.62625,0.0,0.6168,0.5467,0.0,optimal,optimal,1.0000258043874055e-07
2025-03-22,79,0.64215,5986.710584647432,0.0,0.0,0.0,0.0,10255.726875,10255.726875,0.0,1277.76794,-646.8387783333333,0.0,0.64215,0.6192,0.0,optimal,optimal,1.0000258043874055e-07
2025-03-22,80,0.6062000000000001,5986.710584647432,0.0,0.0,0.0,0.0,10255.726875,10255.726875,0.0,1241.540843333333,-624.7654166666664,0.0,0.6062000000000001,0.6385,0.0,optimal,optimal,1.0000258043874055e-07
2025-03-22,81,0.6168,5986.710584647432,0.0,0.0,604.7479166666661,0.0,10800.0,10255.726875,0.0,1204.7112499999998,-604.7479166666661,0.0,0.6168,0.6846,0.0,optimal,optimal,1.0000258043874055e-07
2025-03-22,82,0.6529,5986.710584647432,0.0,0.0,0.0,0.0,10800.0,10800.0,0.0,1195.5679733333334,-585.6132733333336,0.0,0.6529,0.7242,0.0,optimal,optimal,1.0000258043874055e-07
2025-03-22,83,0.6879500000000001,5986.710584647432,0.0,0.0,0.0,0.0,10800.0,10800.0,0.0,1184.4909633333332,-558.9854733333333,0.0,0.6879500000000001,0.7285,0.0,optimal,optimal,1.0000258043874055e-07
2025-03-22,84,0.7088,5986.710584647432,0.0,0.0,0.0,0.0,10800.0,10800.0,0.0,1149.1212499999997,-531.357083333333,0.0,0.7088,0.6955,0.0,optimal,optimal,1.0000258043874055e-07
2025-03-22,85,0.7147,5986.710584647432,0.0,0.0,0.0,0.0,10800.0,10800.0,0.0,1094.6474199999998,-481.3100916666665,0.0,0.7147,0.6572,0.0,optimal,optimal,1.0000258043874055e-07
2025-03-22,86,0.7038500000000001,5986.710584647432,0.0,0.0,0.0,0.0,10800.0,10800.0,0.0,1047.3846666666664,-462.92786499999966,0.0,0.7038500000000001,0.6788,0.0,optimal,optimal,1.0000258043874055e-07
2025-03-22,87,0.7234,5986.710584647432,0.0,0.0,0.0,0.0,10800.0,10800.0,0.0,1011.67125,-447.55916666666656,0.0,0.7234,0.7532,0.0,optimal,optimal,1.0000258043874055e-07
2025-03-22,88,0.7961,5986.710584647432,0.0,0.0,0.0,0.0,10800.0,10800.0,0.0,970.0689933333333,-374.2804533333335,0.0,0.7961,0.7833,0.0,optimal,optimal,1.0000258043874055e-07
2025-03-22,89,0.6679,5986.710584647432,0.0,0.0,0.0,0.0,10800.0,10800.0,0.0,925.9848933333333,-318.5868499999998,0.0,0.6679,0.642,0.0,optimal,optimal,1.0000258043874055e-07
2025-03-22,90,0.43055,5986.710584647432,0.0,0.0,0.0,0.0,10800.0,10800.0,0.0,885.6499999999999,-288.70416666666665,0.0,0.43055,0.4471,0.0,optimal,optimal,1.0000258043874055e-07
2025-03-22,91,0.44620000000000004,5986.710584647432,0.0,0.0,0.0,0.0,10800.0,10800.0,0.0,849.8287833333331,-260.6664016666665,0.0,0.44620000000000004,0.4594,0.0,optimal,optimal,1.0000258043874055e-07
2025-03-22,92,0.508,5986.710584647432,0.0,0.0,0.0,0.0,10800.0,10800.0,0.0,808.4645533333334,-201.46516750000012,0.0,0.508,0.5157,0.0,optimal,optimal,1.0000258043874055e-07
2025-03-22,93,0.494,5986.710584647432,0.0,0.0,0.0,0.0,10800.0,10800.0,0.0,755.8425,-157.60791666666648,0.0,0.494,0.5121,0.0,optimal,optimal,1.0000258043874055e-07
2025-03-22,94,0.4972,5986.710584647432,0.0,0.0,0.0,0.0,10800.0,10800.0,0.0,696.3326533333333,-117.34987833333344,0.0,0.4972,0.511,0.0,optimal,optimal,1.0000258043874055e-07
2025-03-22,95,0.53965,5986.710584647432,0.0,0.0,0.0,0.0,10800.0,10800.0,0.0,645.5964966666667,-64.78332666666665,0.0,0.53965,0.5593,0.0,optimal,optimal,1.0000258043874055e-07
2025-03-22,96,0.58845,5986.710584647432,0.0,0.0,0.0,0.0,10800.0,10800.0,0.0,599.81125,-9.495833333333394,0.0,0.58845,0.6285,0.0,optimal,optimal,1.0000258043874055e-07
2025-03-22,97,0.60005,5986.710584647432,0.0,59.15004166666665,0.0,0.0,10800.0,10800.0,59.15004166666665,540.1224599999999,59.15004166666665,35.49298250208332,0.60005,0.6456,38.18726689999999,optimal,optimal,1.0000258043874055e-07
2025-03-22,98,0.62585,5986.710584647432,0.0,103.55227000000002,0.0,0.0,10800.0,10800.0,103.55227000000002,476.09002666666663,103.55227000000002,64.80818817950002,0.62585,0.64,66.27345280000002,optimal,optimal,1.0000258043874055e-07
2025-03-22,99,0.6750499999999999,5986.710584647432,0.0,143.8558333333334,0.0,0.0,10800.0,10800.0,143.8558333333334,415.99749999999995,143.8558333333334,97.10988029166671,0.6750499999999999,0.6428,92.47052966666672,optimal,optimal,1.0000258043874055e-07
2025-03-22,100,0.7001,5986.710584647432,0.0,229.74069999999995,0.0,0.0,10800.0,10800.0,229.74069999999995,359.29274999999996,229.74069999999995,160.84146406999994,0.7001,0.6531,150.04365116999998,optimal,optimal,1.0000258043874055e-07
2025-03-22,101,0.6951,5986.710584647432,0.0,243.7754716666667,0.0,0.0,10800.0,10800.0,243.7754716666667,304.60005,243.7754716666667,169.44833035550005,0.6951,0.6438,156.94264865900004,optimal,optimal,1.0000258043874055e-07
2025-03-22,102,0.67345,5986.710584647432,0.0,209.48208333333343,0.0,0.0,10800.0,10800.0,209.48208333333343,250.93624999999997,209.48208333333343,141.0757090208334,0.67345,0.6292,131.8061268333334,optimal,optimal,1.0000258043874055e-07
2025-03-22,103,0.66205,5986.710584647432,0.0,252.76242833333328,0.0,0.0,10800.0,10800.0,252.76242833333328,198.52596333333332,252.76242833333328,167.3413656780833,0.66205,0.6548,165.50883807266663,optimal,optimal,1.0000258043874055e-07
2025-03-22,104,0.7027,5986.710584647432,0.0,307.5068644444442,0.0,0.0,10800.0,10800.0,307.5068644444442,150.24402,307.5068644444442,216.08507364511095,0.7027,0.6965,214.1785310855554,optimal,optimal,1.0000258043874055e-07
2025-03-22,105,0.7444500000000001,5986.710584647432,0.0,344.6604166666666,0.0,0.0,10800.0,10800.0,344.6604166666666,105.845,344.6604166666666,256.58244718749995,0.7444500000000001,0.7125,245.57054687499996,optimal,optimal,1.0000258043874055e-07
2025-03-22,106,0.7221,5986.710584647432,0.0,387.577365,0.0,0.0,10800.0,10800.0,387.577365,62.736676666666675,387.577365,279.8696152665,0.7221,0.7072,274.094712528,optimal,optimal,1.0000258043874055e-07
2025-03-22,107,0.87985,5986.710584647432,0.0,248.92392888888693,0.0,182.29782444444643,10597.446861728393,10800.0,248.92392888888693,24.256623333333334,431.22175333333337,219.0157188328872,0.87985,0.856,213.0788831288872,optimal,optimal,1.0000258043874055e-07
2025-03-22,108,1.1324,5986.710584647432,0.0,0.0,0.0,465.4716666666666,10080.256120987653,10597.446861728393,0.0,0.0,465.4716666666666,0.0,1.1324,1.0851,0.0,optimal,optimal,1.0000258043874055e-07
2025-03-22,109,1.1324,5986.710584647432,0.0,0.0,0.0,463.611865,9565.13182654321,10080.256120987653,0.0,0.0,463.611865,0.0,1.1324,1.128,0.0,optimal,optimal,1.0000258043874055e-07
2025-03-22,110,1.1065999999999998,5986.710584647432,0.0,0.0,0.0,477.26802333333336,9034.834022839505,9565.13182654321,0.0,0.8363233333333333,477.26802333333336,0.0,1.1065999999999998,1.1061,0.0,optimal,optimal,1.0000258043874055e-07
2025-03-22,111,1.1468500000000001,5986.710584647432,0.0,0.0,0.0,485.2625,8495.65346728395,9034.834022839505,0.0,0.0,485.2625,0.0,1.1468500000000001,1.1081,0.0,optimal,optimal,1.0000258043874055e-07
2025-03-22,112,1.1171,5986.710584647432,0.0,0.0,0.0,467.055875,7976.702495061728,8495.65346728395,0.0,0.0,467.055875,0.0,1.1171,1.1049,0.0,optimal,optimal,1.0000258043874055e-07
2025-03-22,113,1.0956000000000001,5986.710584647432,0.0,0.0,0.0,457.5670033333333,7468.294713580246,7976.702495061728,0.0,0.06004666666666667,457.5670033333333,0.0,1.0956000000000001,1.1248,0.0,optimal,optimal,1.0000258043874055e-07
2025-03-22,114,1.10755,5986.710584647432,0.0,0.0,0.0,468.49361111111097,6947.746256790123,7468.294713580246,0.0,0.0,468.49361111111097,0.0,1.10755,1.1446,0.0,optimal,optimal,1.0000258043874055e-07
2025-03-22,115,1.0887,5986.710584647432,0.0,0.0,0.0,467.3974683333334,6428.415736419753,6947.746256790123,0.0,0.0,467.3974683333334,0.0,1.0887,1.1075,0.0,optimal,optimal,1.0000258043874055e-07
2025-03-22,116,1.0568,5986.710584647432,0.0,0.0,0.0,465.8602333333333,5910.793254938271,6428.415736419753,0.0,0.004313333333333333,465.8602333333333,0.0,1.0568,1.0855,0.0,optimal,optimal,1.0000258043874055e-07
2025-03-22,117,1.0519500000000002,5986.710584647432,0.0,0.0,0.0,477.7966666666666,5379.908069753086,5910.793254938271,0.0,0.0,477.7966666666666,0.0,1.0519500000000002,1.0844,0.0,optimal,optimal,1.0000258043874055e-07
2025-03-22,118,1.0952,5986.710584647432,0.0,0.0,0.0,473.4987083333332,4853.798393827161,5379.908069753086,0.0,0.0,473.4987083333332,0.0,1.0952,1.0496,0.0,optimal,optimal,1.0000258043874055e-07
2025-03-22,119,1.129,5986.710584647432,0.0,0.0,0.0,452.63696833333336,4350.8684290123465,4853.798393827161,0.0,0.0003066666666666667,452.63696833333336,0.0,1.129,1.0712,0.0,optimal,optimal,1.0000258043874055e-07
2025-03-22,120,1.12085,5986.710584647432,0.0,0.0,0.0,453.0277777777779,3847.504231481482,4350.8684290123465,0.0,0.0,453.0277777777779,0.0,1.12085,1.1374,0.0,optimal,optimal,1.0000258043874055e-07
2025-03-22,121,1.0881500000000002,5986.710584647432,0.0,0.0,0.0,472.55334166666665,3322.4449629629635,3847.504231481482,0.0,0.0,472.55334166666665,0.0,1.0881500000000002,1.1398,0.0,optimal,optimal,1.0000258043874055e-07
2025-03-22,122,1.0686499999999999,5986.710584647432,0.0,0.0,0.0,476.046625,2793.504268518519,3322.4449629629635,0.0,0.0,476.046625,0.0,1.0686499999999999,1.139,0.0,optimal,optimal,1.0000258043874055e-07
2025-03-22,123,1.10395,5986.710584647432,0.0,0.0,0.0,464.17500000000007,2277.754268518519,2793.504268518519,0.0,0.0,464.17500000000007,0.0,1.10395,1.1642,0.0,optimal,optimal,1.0000258043874055e-07
2025-03-22,124,1.1735,5986.710584647432,0.0,0.0,0.0,482.36645,1741.7915462962965,2277.754268518519,0.0,0.0,482.36645,0.0,1.1735,1.1549,0.0,optimal,optimal,1.0000258043874055e-07
2025-03-22,125,1.02715,5986.710584647432,0.0,0.0,0.0,487.6123916666667,1200.0,1741.7915462962965,0.0,0.0,487.6123916666667,0.0,1.02715,1.0024,0.0,optimal,optimal,1.0000258043874055e-07
2025-03-22,126,0.76285,5986.710584647432,0.0,478.7425,0.0,0.0,1200.0,1200.0,478.7425,0.0,478.7425,365.208716125,0.76285,0.7936,379.930048,optimal,optimal,1.0000258043874055e-07
2025-03-22,127,0.7436,5986.710584647432,0.0,483.3765916666666,0.0,0.0,1200.0,1200.0,483.3765916666666,0.0,483.3765916666666,359.43883356333333,0.7436,0.746,360.5989373833333,optimal,optimal,1.0000258043874055e-07
2025-03-22,128,0.78115,5986.710584647432,0.0,500.5837583333332,0.0,0.0,1200.0,1200.0,500.5837583333332,0.0,500.5837583333332,391.0310028220832,0.78115,0.7759,388.40293809083323,optimal,optimal,1.0000258043874055e-07
2025-03-22,129,0.79745,5986.710584647432,0.0,510.9233333333333,0.0,0.0,1200.0,1200.0,510.9233333333333,0.0,510.9233333333333,407.4358121666666,0.79745,0.799,408.2277433333333,optimal,optimal,1.0000258043874055e-07
2025-03-22,130,0.86535,5986.710584647432,0.0,523.4188708333332,0.0,0.0,1200.0,1200.0,523.4188708333332,0.0,523.4188708333332,452.9405198756249,0.86535,0.7838,410.2557109591666,optimal,optimal,1.0000258043874055e-07
2025-03-22,131,0.67395,5986.710584647432,0.0,475.16129999999987,0.0,0.0,1200.0,1200.0,475.16129999999987,0.0,475.16129999999987,320.23495813499994,0.67395,0.6095,289.61081234999995,optimal,optimal,1.0000258043874055e-07
2025-03-22,132,0.33585,5986.710584647432,0.0,405.8366666666667,0.0,0.0,1200.0,1200.0,405.8366666666667,0.0,405.8366666666667,136.3002445,0.33585,0.3671,148.98264033333334,optimal,optimal,1.0000258043874055e-07
2025-03-22,133,0.30635,5986.710584647432,833.3333333333334,406.2838416666666,0.0,0.0,1950.0,1200.0,1239.6171749999999,0.0,406.2838416666666,379.75672156124995,0.30635,0.2993,371.01742047749997,optimal,optimal,1.0000258043874055e-07
2025-03-22,134,0.3363,5986.710584647432,0.0,411.8772499999999,0.0,0.0,1950.0,1950.0,411.8772499999999,0.0,411.8772499999999,138.51431917499997,0.3363,0.3201,131.84190772499997,optimal,optimal,1.0000258043874055e-07
2025-03-22,135,0.3029,5986.710584647432,833.3333333333334,398.4791666666667,0.0,0.0,2700.0,1950.0,1231.8125,0.0,398.4791666666667,373.11600625,0.3029,0.3521,433.72118125000003,optimal,optimal,1.0000258043874055e-07
2025-03-22,136,0.33440000000000003,5986.710584647432,186.30394178932775,428.83894999999995,0.0,0.0,2867.673547610395,2700.0,615.1428917893277,0.0,428.83894999999995,205.7037830143512,0.33440000000000003,0.3933,241.93569934074256,optimal,optimal,1.0000258043874055e-07
2025-03-22,137,0.33685,5986.710584647432,0.0,432.25916666666666,0.0,0.0,2867.673547610395,2867.673547610395,432.25916666666666,0.0,432.25916666666666,145.60650029166666,0.33685,0.3728,161.14621733333334,optimal,optimal,1.0000258043874055e-07
2025-03-22,138,0.30255,5986.710584647432,833.3333333333334,397.51416666666665,0.0,0.0,3617.673547610395,2867.673547610395,1230.8475,0.0,397.51416666666665,372.392911125,0.30255,0.2959,364.20777525,optimal,optimal,1.0000258043874055e-07
2025-03-22,139,0.32585,5986.710584647432,833.3333333333334,396.36441666666667,0.0,0.0,4367.673547610395,3617.673547610395,1229.69775,0.0,396.36441666666667,400.6970118375,0.32585,0.255,313.57292625,optimal,optimal,1.0000258043874055e-07
2025-03-22,140,0.3338,5986.710584647432,833.3333333333334,414.98201666666665,0.0,0.0,5117.673547610395,4367.673547610395,1248.31535,0.0,414.98201666666665,416.68766383,0.3338,0.3103,387.35225310500005,optimal,optimal,1.0000258043874055e-07
2025-03-22,141,0.2965,5986.710584647432,833.3333333333334,413.43249999999995,0.0,0.0,5867.673547610395,5117.673547610395,1246.7658333333334,0.0,413.43249999999995,369.66606958333335,0.2965,0.3833,477.88534391666667,optimal,optimal,1.0000258043874055e-07
2025-03-22,142,0.2764,5986.710584647432,833.3333333333334,405.80843333333326,0.0,0.0,6617.673547610395,5867.673547610395,1239.1417666666666,0.0,405.80843333333326,342.4987843066666,0.2764,0.3372,417.83860372,optimal,optimal,1.0000258043874055e-07
2025-03-22,143,0.35135000000000005,5986.710584647432,0.0,476.49994999999996,0.0,0.0,6617.673547610395,6617.673547610395,476.49994999999996,0.0,476.49994999999996,167.4182574325,0.35135000000000005,0.3112,148.28678443999996,optimal,optimal,1.0000258043874055e-07
2025-03-22,144,0.4562,5986.710584647432,0.0,0.0,0.0,567.8666666666666,5986.710584647432,6617.673547610395,0.0,0.0,567.8666666666666,0.0,0.4562,0.3593,0.0,optimal,optimal,1.0000258043874055e-07
