date,slot,price_yuan_per_kwh,grid_purchase_plan_kwh,load_actual_kwh,pv_actual_kwh,soc_day_start_kwh,soc_real_start_kwh,soc_real_end_kwh,x_real_kwh,y_real_kwh,q_real_kwh,z_real_kwh,emergency_purchase_kwh,planned_cost_slot_yuan,emergency_cost_slot_yuan,total_cost_slot_yuan,load_forecast_kwh,pv_forecast_kwh,rolling_horizon_length,rolling_primary_star_yuan,rolling_terminal_gap_star_kwh,rolling_terminal_gap_kwh,rolling_tertiary_throughput_star_kwh,rolling_primary_status,rolling_secondary_status,rolling_tertiary_status,rolling_max_constraint_violation,rolling_violation_nonnegative,rolling_violation_soc_bounds,rolling_violation_soc_recursion,rolling_violation_soc_start_alignment,rolling_violation_pv_allocation,rolling_violation_charge_limit,rolling_violation_discharge_limit,rolling_violation_supply,rolling_violation_primary_cost_preservation,rolling_violation_secondary_objective,rolling_violation_fixed_grid_purchase,rolling_violation_planned_cost_column,rolling_violation_emergency_cost_column,rolling_violation_total_cost_column,rolling_violation_terminal_gap_nonnegative,rolling_violation_terminal_gap_constraint,rolling_violation_terminal_gap_preservation,source_time
2025-02-01,1,0.4248,1294.2264249999998,422.0303666666667,0.0,6000.0,6000.0,6749.999999999999,833.3333333333334,460.89309166666646,0.0,9.094947017729282e-13,0.0,549.7873853399999,0.0,549.7873853399999,447.28122499999995,0.0,144,0.0,0.0,1e-07,37593.15195274038,optimal,optimal,optimal,1e-07,2.4592546787627464e-12,0.0,1.9200443704095152e-12,0.0,0.0,0.0,0.0,0.0,9.999999999999998e-08,7.275957614183426e-12,0.0,0.0,0.0,6.277878126896433e-15,0.0,0.0,1e-07,00:10:00
2025-02-01,2,0.4245,1324.3227083333334,415.4073166666667,0.0,6000.0,6749.999999999999,7499.999999999997,833.3333333333334,490.989375,0.0,1.8189894035458565e-12,0.0,562.1749896875,0.0,562.1749896875,453.2701541666666,0.0,143,0.0,0.0,1e-07,36843.15195274038,optimal,optimal,optimal,1e-07,2.4592546787627464e-12,0.0,1.7390533457728452e-12,0.0,0.0,0.0,0.0,0.0,9.999999999999998e-08,0.0,0.0,0.0,0.0,6.277878126896433e-15,0.0,0.0,1e-07,00:20:00
2025-02-01,3,0.4269,1338.7254166666667,410.7166666666667,0.0,6000.0,7499.999999999997,8249.999999999998,833.3333333333334,505.3920833333333,0.0,-9.094947017729282e-13,0.0,571.501880375,0.0,571.501880375,460.36041666666665,0.0,142,0.0,0.0,1e-07,36093.15195274037,optimal,optimal,optimal,1e-07,9.094947017729282e-13,0.0,1.9200443704095152e-12,0.0,0.0,0.0,0.0,0.0,1e-07,0.0,0.0,0.0,0.0,1.2391865317903015e-14,0.0,0.0,1e-07,00:30:00
2025-02-01,4,0.4272,1297.5699875,430.29479999999995,0.0,6000.0,8249.999999999998,8984.545160361105,816.1612892901212,481.40869820987876,0.0,1.8189894035458565e-12,0.0,554.32189866,0.0,554.32189866,456.77065000000005,0.0,141,0.0,0.0,1e-07,35343.15195274037,optimal,optimal,optimal,1e-07,2.4592546787627464e-12,0.0,2.2222224060897133e-12,0.0,0.0,0.0,0.0,0.0,9.999999999999998e-08,0.0,0.0,0.0,0.0,6.277878126896433e-15,0.0,0.0,1e-07,00:40:00
2025-02-01,5,0.4271,1311.9506375,424.4105833333333,0.0,6000.0,8984.545160361105,9734.545160361107,833.3333333333347,478.61730416666535,0.0,0.0,0.0,560.33411727625,0.0,560.33411727625,460.46558749999997,0.0,140,0.0,0.0,1e-07,34608.606792379265,optimal,optimal,optimal,1e-07,0.0,0.0,2.021099337273174e-12,0.0,0.0,1.3642420526593924e-12,0.0,0.0,1e-07,0.0,0.0,0.0,0.0,1.2391865317903015e-14,0.0,0.0,1e-07,00:50:00
2025-02-01,6,0.4285,500.37375,406.0516666666666,0.0,6000.0,9734.545160361107,9756.58053536111,24.483750000002544,475.8899999999974,0.0,0.0,0.0,214.410151875,0.0,214.410151875,475.89,0.0,139,0.0,0.0,1e-07,33858.60679237927,optimal,optimal,optimal,1e-07,2.4592546787627464e-12,0.0,2.021099337273174e-12,0.0,0.0,0.0,0.0,0.0,9.999999999999998e-08,0.0,0.0,0.0,0.0,6.277878126896433e-15,0.0,0.0,1e-07,01:00:00
2025-02-01,7,0.4311,474.5624291666667,436.7501833333333,0.0,6000.0,9756.58053536111,9756.58053536111,0.0,474.5624291666667,0.0,0.0,0.0,204.58386321375,0.0,204.58386321375,486.27471249999996,0.0,138,0.0,0.0,1e-07,33810.54412108296,optimal,optimal,optimal,1e-07,0.0,0.0,2.021099337273174e-12,0.0,0.0,0.0,0.0,0.0,1e-07,7.275957614183426e-12,0.0,0.0,0.0,1.2391865317903015e-14,0.0,0.0,1e-07,01:10:00
2025-02-01,8,0.4302,466.3732208333332,451.7976833333333,0.0,6000.0,9756.58053536111,9756.58053536111,0.0,466.3732208333332,0.0,0.0,0.0,200.63375960249996,0.0,200.63375960249996,475.9790958333333,0.0,137,0.0,0.0,1e-07,33789.19773219408,optimal,optimal,optimal,1e-07,2.4592546787627464e-12,0.0,2.021099337273174e-12,0.0,0.0,0.0,0.0,0.0,9.999999999999998e-08,0.0,0.0,0.0,0.0,6.277878126896433e-15,0.0,0.0,1e-07,01:20:00
2025-02-01,9,0.4279,799.3133333333335,446.08,0.0,6000.0,9756.58053536111,10035.827692768516,310.2746193415625,489.038713991771,0.0,0.0,0.0,342.0261753333334,0.0,342.0261753333334,462.72,0.0,136,0.0,0.0,1e-07,33789.19773219408,optimal,optimal,optimal,1e-07,2.4592546787627464e-12,0.0,2.021099337273174e-12,0.0,0.0,0.0,0.0,0.0,9.999999999999998e-08,0.0,0.0,0.0,0.0,6.277878126896433e-15,0.0,0.0,1e-07,01:30:00
2025-02-01,10,0.4312,494.10242916666664,471.7663333333333,0.0,6000.0,10035.827692768516,10047.887081518515,13.399320833331899,480.70310833333474,0.0,0.0,0.0,213.05696745666665,0.0,213.05696745666665,480.7031083333333,0.0,135,0.0,0.0,1e-07,33509.95057478667,optimal,optimal,optimal,1e-07,0.0,0.0,2.021099337273174e-12,0.0,0.0,0.0,0.0,0.0,1e-07,0.0,0.0,0.0,0.0,1.2391865317903015e-14,0.0,0.0,1e-07,01:40:00
2025-02-01,11,0.4333,509.0628958333333,448.02596666666665,0.0,6000.0,10047.887081518515,10056.108307768514,9.134695833333694,499.9281999999996,0.0,0.0,0.0,220.57695276458333,0.0,220.57695276458333,499.92819999999995,0.0,134,0.0,0.0,1e-07,33497.89118603668,optimal,optimal,optimal,1e-07,2.4592546787627464e-12,0.0,2.021099337273174e-12,0.0,0.0,0.0,0.0,0.0,9.999999999999998e-08,0.0,0.0,0.0,0.0,6.277878126896433e-15,0.0,0.0,1e-07,01:50:00
2025-02-01,12,0.4311,494.31499999999994,397.4033333333333,0.0,6000.0,10056.108307768514,10056.108307768514,0.0,494.31499999999994,0.0,0.0,0.0,213.09919649999998,0.0,213.09919649999998,501.53374999999994,0.0,133,0.0,0.0,1e-07,33473.62829312001,optimal,optimal,optimal,1e-07,2.4592546787627464e-12,0.0,2.021099337273174e-12,0.0,0.0,0.0,0.0,0.0,9.999999999999998e-08,0.0,0.0,0.0,0.0,6.277878126896433e-15,0.0,0.0,1e-07,02:00:00
2025-02-01,13,0.4293,505.82389999999987,434.0906333333333,0.0,6000.0,10056.108307768514,10057.00688693518,0.9984212962947936,504.8254787037051,0.0,0.0,0.0,217.15020026999994,0.0,217.15020026999994,495.9134416666666,0.0,132,0.0,0.0,1e-07,33473.62829312001,optimal,optimal,optimal,1e-07,2.4592546787627464e-12,0.0,2.021099337273174e-12,0.0,0.0,0.0,0.0,0.0,9.999999999999998e-08,0.0,0.0,0.0,0.0,6.277878126896433e-15,0.0,0.0,1e-07,02:10:00
2025-02-01,14,0.4324,509.8679625,490.5609166666666,0.0,6000.0,10057.00688693518,10066.46461943518,10.508591666667712,499.35937083333226,0.0,0.0,0.0,220.46690698499998,0.0,220.46690698499998,499.3593708333333,0.0,131,0.0,0.0,1e-07,33472.72971395335,optimal,optimal,optimal,1e-07,2.4592546787627464e-12,0.0,2.021099337273174e-12,0.0,0.0,0.0,0.0,0.0,9.999999999999998e-08,7.275957614183426e-12,0.0,0.0,0.0,6.277878126896433e-15,0.0,0.0,1e-07,02:20:00
2025-02-01,15,0.4367,509.4958333333333,503.22,0.0,6000.0,10066.46461943518,10067.40511943518,1.0449999999991633,508.4508333333341,0.0,0.0,0.0,222.49683041666663,0.0,222.49683041666663,508.4508333333333,0.0,130,0.0,0.0,1e-07,33463.27198145334,optimal,optimal,optimal,1e-07,2.4592546787627464e-12,0.0,2.021099337273174e-12,0.0,0.0,0.0,0.0,0.0,9.999999999999998e-08,0.0,0.0,0.0,0.0,6.277878126896433e-15,0.0,0.0,1e-07,02:30:00
2025-02-01,16,0.4348,499.6755458333333,474.07281666666665,0.0,6000.0,10067.40511943518,10067.40511943518,0.0,499.6755458333333,0.0,0.0,0.0,217.25892732833333,0.0,217.25892732833333,507.1182,0.0,129,0.0,0.0,1e-07,33445.79224997187,optimal,optimal,optimal,1e-07,2.4592546787627464e-12,0.0,2.021099337273174e-12,0.0,0.0,0.0,0.0,0.0,9.999999999999998e-08,7.275957614183426e-12,0.0,0.0,0.0,6.277878126896433e-15,0.0,0.0,1e-07,02:40:00
2025-02-01,17,0.4335,502.3506083333333,461.38439999999997,0.0,6000.0,10067.40511943518,10067.40511943518,0.0,502.3506083333333,0.0,0.0,0.0,217.76898871249998,0.0,217.76898871249998,511.18375416666663,0.0,128,0.0,0.0,1e-07,33426.1630370089,optimal,optimal,optimal,1e-07,0.0,0.0,2.021099337273174e-12,0.0,0.0,0.0,0.0,0.0,1e-07,7.275957614183426e-12,0.0,0.0,0.0,5.9368176107677775e-15,0.0,0.0,1e-07,02:50:00
2025-02-01,18,0.4357,537.5170833333335,476.94166666666666,0.0,6000.0,10067.40511943518,10067.40511943518,0.0,537.5170833333335,0.0,0.0,0.0,234.1961932083334,0.0,234.1961932083334,520.7624999999999,0.0,127,0.0,0.0,1e-07,33426.1630370089,optimal,optimal,optimal,1e-07,2.4592546787627464e-12,0.0,2.021099337273174e-12,0.0,0.0,0.0,0.0,0.0,9.999999999999998e-08,7.275957614183426e-12,0.0,0.0,0.0,6.277878126896433e-15,0.0,0.0,1e-07,03:00:00
2025-02-01,19,0.4374,542.1431458333334,483.39955,0.0,6000.0,10067.40511943518,10084.484665962962,18.97727391975741,523.165871913576,0.0,0.0,0.0,237.13341198750004,0.0,237.13341198750004,519.826875,0.0,126,0.0,0.0,1e-07,33426.16303700891,optimal,optimal,optimal,1e-07,2.4592546787627464e-12,0.0,2.021099337273174e-12,0.0,0.0,0.0,0.0,0.0,9.999999999999998e-08,1.4551915228366852e-11,0.0,0.0,0.0,6.277878126896433e-15,0.0,0.0,1e-07,03:10:00
2025-02-01,20,0.4371,531.2819833333332,486.6019166666666,0.0,6000.0,10084.484665962962,10092.563099712961,8.976037499998597,522.3059458333346,0.0,0.0,0.0,232.22335491499993,0.0,232.22335491499993,522.3059458333332,0.0,125,0.0,0.0,1e-07,33409.08349048112,optimal,optimal,optimal,1e-07,2.4592546787627464e-12,0.0,2.021099337273174e-12,0.0,0.0,0.0,0.0,0.0,9.999999999999998e-08,0.0,0.0,0.0,0.0,6.277878126896433e-15,0.0,0.0,1e-07,03:20:00
2025-02-01,21,0.4356,522.6004166666665,498.84833333333336,0.0,6000.0,10092.563099712961,10092.563099712961,0.0,522.6004166666665,0.0,0.0,0.0,227.64474149999995,0.0,227.64474149999995,524.5866666666666,0.0,124,0.0,0.0,1e-07,33396.59116784223,optimal,optimal,optimal,1e-07,2.4592546787627464e-12,0.0,2.021099337273174e-12,0.0,0.0,0.0,0.0,0.0,9.999999999999998e-08,0.0,0.0,0.0,0.0,6.277878126896433e-15,0.0,0.0,1e-07,03:30:00
2025-02-01,22,0.4353,496.7915916666667,518.3097333333333,0.0,6000.0,10092.563099712961,10068.654053416665,0.0,496.7915916666667,0.0,21.518141666666565,0.0,216.25337985250002,0.0,216.25337985250002,511.57220833333326,0.0,123,0.0,0.0,1e-07,33411.563445620006,optimal,optimal,optimal,1e-07,2.4592546787627464e-12,0.0,1.971756091734278e-12,0.0,0.0,0.0,0.0,0.0,9.999999999999998e-08,0.0,0.0,0.0,0.0,6.277878126896433e-15,0.0,0.0,1e-07,03:40:00
2025-02-01,23,0.436,505.16741666666655,509.13346666666666,0.0,6000.0,10068.654053416665,10064.247331194443,0.0,505.16741666666655,0.0,3.9660500000001093,0.0,220.2529936666666,0.0,220.2529936666666,520.7508458333333,0.0,122,0.0,0.0,1e-07,33361.838001175565,optimal,optimal,optimal,1e-07,2.4592546787627464e-12,0.0,2.021099337273174e-12,0.0,0.0,0.0,0.0,0.0,9.999999999999998e-08,0.0,0.0,0.0,0.0,6.277878126896433e-15,0.0,0.0,1e-07,03:50:00
2025-02-01,24,0.4378,547.8295833333333,483.6166666666666,0.0,6000.0,10064.247331194443,10122.038956194443,64.21291666666667,483.6166666666666,0.0,0.0,0.0,239.83979158333332,0.0,239.83979158333332,542.6191666666666,0.0,121,0.0,0.0,1e-07,33357.43127895334,optimal,optimal,optimal,1e-07,2.4592546787627464e-12,0.0,1.6555645743210334e-12,0.0,0.0,0.0,0.0,0.0,9.999999999999998e-08,7.275957614183426e-12,0.0,0.0,0.0,6.277878126896433e-15,0.0,0.0,1e-07,04:00:00
2025-02-01,25,0.4401,538.1678999999999,491.1868,0.0,6000.0,10122.038956194443,10122.038956194443,0.0,538.1678999999999,0.0,0.0,0.0,236.84769278999997,0.0,236.84769278999997,529.3050333333333,0.0,120,0.0,0.0,1e-07,33299.639653953345,optimal,optimal,optimal,1e-07,2.4592546787627464e-12,0.0,2.021099337273174e-12,0.0,0.0,0.0,0.0,0.0,9.999999999999998e-08,0.0,0.0,0.0,0.0,6.277878126896433e-15,0.0,0.0,1e-07,04:10:00
2025-02-01,26,0.4389,531.4535416666666,504.64528333333334,0.0,6000.0,10122.038956194443,10146.166388694443,26.8082583333333,504.64528333333334,0.0,0.0,0.0,233.2549594375,0.0,233.2549594375,519.2568208333332,0.0,119,0.0,0.0,1e-07,33299.639653953345,optimal,optimal,optimal,1e-07,2.4592546787627464e-12,0.0,1.6200374375330284e-12,0.0,0.0,0.0,0.0,0.0,9.999999999999998e-08,0.0,0.0,0.0,0.0,6.277878126896433e-15,0.0,0.0,1e-07,04:20:00
2025-02-01,27,0.4364,545.7483333333332,505.57833333333326,0.0,6000.0,10146.166388694443,10182.319388694443,40.16999999999996,505.57833333333326,0.0,0.0,0.0,238.16457266666663,0.0,238.16457266666663,530.655,0.0,118,0.0,0.0,1e-07,33275.51222145335,optimal,optimal,optimal,1e-07,2.4592546787627464e-12,0.0,1.6200374375330284e-12,0.0,0.0,0.0,0.0,0.0,9.999999999999998e-08,0.0,0.0,0.0,0.0,6.277878126896433e-15,0.0,0.0,1e-07,04:30:00
2025-02-01,28,0.4393,566.4918833333334,503.23096666666663,0.0,6000.0,10182.319388694443,10239.254213694443,63.26091666666673,503.23096666666663,0.0,0.0,0.0,248.85988434833337,0.0,248.85988434833337,542.9711791666666,0.0,117,0.0,0.0,1e-07,33239.35922145335,optimal,optimal,optimal,1e-07,2.4592546787627464e-12,0.0,1.6200374375330284e-12,0.0,0.0,0.0,0.0,0.0,9.999999999999998e-08,0.0,0.0,0.0,0.0,6.277878126896433e-15,0.0,0.0,1e-07,04:40:00
2025-02-01,29,0.4422,529.1632391666666,502.84698333333336,0.00023333333333333333,6000.0,10239.254213694443,10262.939053944443,26.316489166666543,502.84675000000004,0.0,0.0,0.0,233.99598435949994,0.0,233.99598435949994,550.9038874999999,0.0002533333333333334,116,0.0,0.0,1e-07,33134.11240756446,optimal,optimal,optimal,1e-07,2.4592546787627464e-12,0.0,2.816907201324486e-12,0.0,0.0,0.0,0.0,0.0,9.999999999999998e-08,7.275957614183426e-12,0.0,0.0,0.0,6.277878126896433e-15,0.0,0.0,1e-07,04:50:00
2025-02-01,30,0.4395,501.12374999999986,499.64166666666665,0.0,6000.0,10262.939053944443,10264.272928944443,1.4820833333332075,499.64166666666665,0.0,0.0,0.0,220.24388812499993,0.0,220.24388812499993,553.7533333333332,0.0,115,0.0,0.0,1e-07,32993.47293768483,optimal,optimal,optimal,1e-07,2.4592546787627464e-12,0.0,1.6200374375330284e-12,0.0,0.0,0.0,0.0,0.0,9.999999999999998e-08,7.275957614183426e-12,0.0,0.0,0.0,6.277878126896433e-15,0.0,0.0,1e-07,05:00:00
2025-02-01,31,0.4333,534.9952666666667,488.78358333333335,0.0,6000.0,10264.272928944443,10305.863443944443,46.211683333333326,488.78358333333335,0.0,0.0,0.0,231.81344904666668,0.0,231.81344904666668,552.5619666666666,0.0,114,0.0,0.0,1e-07,32953.10195157371,optimal,optimal,optimal,1e-07,2.4592546787627464e-12,0.0,1.6200374375330284e-12,0.0,0.0,0.0,0.0,0.0,9.999999999999998e-08,0.0,0.0,0.0,0.0,6.277878126896433e-15,0.0,0.0,1e-07,05:10:00
2025-02-01,32,0.4439,573.0379316666667,498.51875,0.0033166666666666665,6000.0,10305.863443944443,10372.933692444443,74.52249833333337,498.51543333333336,0.0,0.0,0.0,254.37153786683336,0.0,254.37153786683336,553.7675875,0.0035733333333333333,113,0.0,0.0,1e-07,32911.511436573724,optimal,optimal,optimal,1e-07,2.4592546787627464e-12,0.0,1.6200374375330284e-12,0.0,0.0,0.0,0.0,0.0,9.999999999999998e-08,1.4551915228366852e-11,0.0,0.0,0.0,6.277878126896433e-15,0.0,0.0,1e-07,05:20:00
2025-02-01,33,0.4301,581.1700000000001,529.2233333333334,0.0,6000.0,10372.933692444443,10419.685692444444,51.946666666666715,529.2233333333334,0.0,0.0,0.0,249.96121700000003,0.0,249.96121700000003,559.1795833333333,0.0,112,0.0,0.0,1e-07,32844.44118807372,optimal,optimal,optimal,1e-07,2.4592546787627464e-12,0.0,1.6200374375330284e-12,0.0,0.0,0.0,0.0,0.0,9.999999999999998e-08,7.275957614183426e-12,0.0,0.0,0.0,6.277878126896433e-15,0.0,0.0,1e-07,05:30:00
2025-02-01,34,0.3713,1397.6740916666668,547.4103166666666,0.0,6000.0,10419.685692444444,10799.999999999998,422.57145283950604,975.1026388271607,0.0,1.8189894035458565e-12,0.0,518.9563902358334,0.0,518.9563902358334,563.3611374999999,0.0,111,0.0,0.0,1e-07,32797.68918807371,optimal,optimal,optimal,1e-07,0.0,0.0,2.873750620185294e-12,0.0,0.0,0.0,0.0,0.0,1e-07,0.0,0.0,0.0,0.0,1.2391865317903015e-14,0.0,0.0,1e-07,05:40:00
2025-02-01,35,0.5708,1.1174671397670543e-05,531.2274,0.04623333333333333,6000.0,10799.999999999998,10209.798716120004,0.0,1.1174671397670543e-05,0.0,531.1811554919952,0.0,6.378502433790346e-06,0.0,6.378502433790346e-06,556.6571666666666,0.049729999999999996,110,0.0,0.0,1e-07,32360.872058295943,optimal,optimal,optimal,1e-07,0.0,0.0,1.6200374375330284e-12,0.0,0.0,0.0,0.0,0.0,1e-07,1.0913936421275139e-11,0.0,0.0,0.0,1.2391865317903015e-14,0.0,0.0,1e-07,05:50:00
2025-02-01,36,0.9099,0.0,510.98333333333335,0.0,6000.0,10209.798716120004,9642.039456860744,0.0,0.0,0.0,510.9833333333336,0.0,0.0,0.0,0.0,548.2591666666666,0.0,109,0.0,0.0,1e-07,31687.83558923076,optimal,optimal,optimal,1e-07,0.0,0.0,1.6200374375330284e-12,0.0,0.0,0.0,0.0,0.0,1e-07,3.637978807091713e-12,0.0,0.0,0.0,1.2391865317903015e-14,0.0,0.0,1e-07,06:00:00
2025-02-01,37,0.9368,0.0,535.1871833333332,0.0,6000.0,9642.039456860744,9047.387030934819,0.0,0.0,0.0,535.1871833333335,0.0,0.0,0.0,0.0,556.5887666666666,0.0,108,0.0,0.0,1e-07,31072.517255897426,optimal,optimal,optimal,1e-07,0.0,0.0,1.6200374375330284e-12,0.0,0.0,0.0,0.0,0.0,1e-07,3.637978807091713e-12,0.0,0.0,0.0,1.2391865317903015e-14,0.0,0.0,1e-07,06:10:00
2025-02-01,38,0.8758,0.0,533.9993499999999,0.6440166666666667,6000.0,9047.387030934819,8454.769993897782,0.0,0.0,0.0,533.3553333333333,0.0,0.0,0.0,0.0,558.9440583333333,0.69269,107,0.0,0.0,1e-07,30422.540307749274,optimal,optimal,optimal,1e-07,0.0,0.0,1.6200374375330284e-12,0.0,0.0,0.0,0.0,0.0,1e-07,0.0,0.0,0.0,0.0,1.2391865317903015e-14,0.0,0.0,1e-07,06:20:00
2025-02-01,39,0.8759,0.0,504.52,0.0,6000.0,8454.769993897782,7894.192216120004,0.0,0.0,0.0,504.52000000000044,0.0,0.0,0.0,0.0,551.6529166666667,0.0,106,0.0,0.0,1e-07,29725.183455897426,optimal,optimal,optimal,1e-07,0.0,0.0,1.6200374375330284e-12,0.0,0.0,0.0,0.0,0.0,1e-07,3.637978807091713e-12,0.0,0.0,0.0,1.2391865317903015e-14,0.0,0.0,1e-07,06:30:00
2025-02-01,40,0.8601,0.0,519.5536833333333,0.0,6000.0,7894.192216120004,7316.910345749633,0.0,0.0,0.0,519.5536833333335,0.0,0.0,0.0,0.0,558.5394708333333,0.0,105,0.0,0.0,1e-07,29077.970594786315,optimal,optimal,optimal,1e-07,0.0,0.0,1.6200374375330284e-12,0.0,0.0,0.0,0.0,0.0,1e-07,3.637978807091713e-12,0.0,0.0,0.0,1.2391865317903015e-14,0.0,0.0,1e-07,06:40:00
2025-02-01,41,0.8442,0.0,566.415,14.934916666666666,6000.0,7316.910345749633,6704.154697601485,0.0,0.0,0.0,551.4800833333333,0.0,0.0,0.0,0.0,593.8879541666666,11.580259999999999,104,0.0,0.0,1e-07,28432.18292256409,optimal,optimal,optimal,1e-07,0.0,0.0,1.6200374375330284e-12,0.0,0.0,0.0,0.0,0.0,1e-07,3.637978807091713e-12,0.0,0.0,0.0,1.2391865317903015e-14,0.0,0.0,1e-07,06:50:00
2025-02-01,42,0.8334,0.0,608.7916666666666,56.75,6000.0,6704.154697601485,6090.775067971856,0.0,0.0,0.0,552.0416666666666,0.0,0.0,0.0,0.0,637.1875,49.65375,103,0.0,0.0,1e-07,27740.55597811965,optimal,optimal,optimal,1e-07,0.0,0.0,1.6200374375330284e-12,0.0,0.0,0.0,0.0,0.0,1e-07,3.637978807091713e-12,0.0,0.0,0.0,1.2391865317903015e-14,0.0,0.0,1e-07,07:00:00
2025-02-01,43,0.8092,0.0,617.2140499999999,102.656,6000.0,6090.775067971856,5519.043901305189,0.0,0.0,0.0,514.5580499999999,0.0,0.0,0.0,0.0,649.5454916666666,92.8485233333333,102,0.0,0.0,1e-07,27033.534307749276,optimal,optimal,optimal,1e-07,0.0,0.0,1.6200374375330284e-12,0.0,0.0,0.0,0.0,0.0,1e-07,3.637978807091713e-12,0.0,0.0,0.0,1.2391865317903015e-14,0.0,0.0,1e-07,07:10:00
2025-02-01,44,0.7972,0.0,595.3964666666666,147.48791666666665,6000.0,5519.043901305189,5021.367734638523,0.0,0.0,0.0,447.90854999999993,0.0,0.0,0.0,0.0,646.2371125,138.4142733333333,101,0.0,0.0,1e-07,26328.660276267794,optimal,optimal,optimal,1e-07,0.0,0.0,1.6200374375330284e-12,0.0,0.0,0.0,0.0,0.0,1e-07,0.0,0.0,0.0,0.0,1.2391865317903015e-14,0.0,0.0,1e-07,07:20:00
2025-02-01,45,0.7644,0.0,579.5366666666666,190.11249999999998,6000.0,5021.367734638523,4588.6742161200045,0.0,0.0,0.0,389.4241666666667,0.0,0.0,0.0,0.0,641.69875,186.20749999999998,100,0.0,0.0,1e-07,25684.168368860388,optimal,optimal,optimal,1e-07,0.0,0.0,1.6200374375330284e-12,0.0,0.0,0.0,0.0,0.0,1e-07,3.637978807091713e-12,0.0,0.0,0.0,1.2391865317903015e-14,0.0,0.0,1e-07,07:30:00
2025-02-01,46,0.6899,0.0,609.0003666666667,231.34661666666665,6000.0,4588.6742161200045,4169.058938342227,0.0,0.0,0.0,377.65375,0.0,0.0,0.0,0.0,636.5728708333332,234.7996133333333,99,0.0,0.0,1e-07,25197.875944786316,optimal,optimal,optimal,1e-07,0.0,0.0,1.6200374375330284e-12,0.0,0.0,0.0,0.0,0.0,1e-07,0.0,0.0,0.0,0.0,1.2391865317903015e-14,0.0,0.0,1e-07,07:40:00
2025-02-01,47,0.86,0.0,640.2366833333333,279.07533333333333,6000.0,4169.058938342227,3767.768549453338,0.0,0.0,0.0,361.16134999999997,0.0,0.0,0.0,0.0,634.9578708333333,283.17373,98,0.0,0.0,1e-07,24799.098909601125,optimal,optimal,optimal,1e-07,0.0,0.0,1.6200374375330284e-12,0.0,0.0,0.0,0.0,0.0,1e-07,0.0,0.0,0.0,0.0,1.2391865317903015e-14,0.0,0.0,1e-07,07:50:00
2025-02-01,48,1.1617,0.0,633.9416666666666,334.01874999999995,6000.0,3767.768549453338,3434.5208642681528,0.0,0.0,0.0,299.92291666666665,0.0,0.0,0.0,0.0,635.1125,332.0675,97,0.0,0.0,1e-07,24390.870557749276,optimal,optimal,optimal,1e-07,0.0,0.0,1.6200374375330284e-12,0.0,0.0,0.0,0.0,0.0,1e-07,3.637978807091713e-12,0.0,0.0,0.0,1.2391865317903015e-14,0.0,0.0,1e-07,08:00:00
2025-02-01,49,1.1683,0.0,590.91065,388.6844166666666,6000.0,3434.5208642681528,3209.8250494533377,0.0,0.0,0.0,202.22623333333343,0.0,0.0,0.0,0.0,632.3002,382.5945133333333,96,0.0,0.0,1e-07,23952.112976267796,optimal,optimal,optimal,1e-07,0.0,0.0,1.6200374375330284e-12,0.0,0.0,0.0,0.0,0.0,1e-07,0.0,0.0,0.0,0.0,1.2391865317903015e-14,0.0,0.0,1e-07,08:10:00
2025-02-01,50,1.0956,0.0,568.5581666666667,438.7655666666667,6000.0,3209.8250494533377,3065.6110494533377,0.0,0.0,0.0,129.7926,0.0,0.0,0.0,0.0,636.4029499999999,431.1187099999999,95,0.0,0.0,1e-07,23559.657961452976,optimal,optimal,optimal,1e-07,0.0,0.0,1.6200374375330284e-12,0.0,0.0,0.0,0.0,0.0,1e-07,0.0,0.0,0.0,0.0,1.2391865317903015e-14,0.0,0.0,1e-07,08:20:00
2025-02-01,51,1.0849,0.0,574.2283333333332,487.94374999999997,6000.0,3065.6110494533377,2969.7392901940784,0.0,0.0,0.0,86.28458333333327,0.0,0.0,0.0,0.0,641.4108333333334,479.46999999999997,94,0.0,0.0,1e-07,23247.318961452977,optimal,optimal,optimal,1e-07,0.0,0.0,1.6200374375330284e-12,0.0,0.0,0.0,0.0,0.0,1e-07,3.637978807091713e-12,0.0,0.0,0.0,1.2391865317903015e-14,0.0,0.0,1e-07,08:30:00
2025-02-01,52,1.061,0.0,577.8523166666666,541.8831666666666,6000.0,2969.7392901940784,2929.773567971856,0.0,0.0,0.0,35.96915000000001,0.0,0.0,0.0,0.0,636.7007791666665,532.85555,93,0.0,0.0,1e-07,23000.61147071224,optimal,optimal,optimal,1e-07,0.0,0.0,1.7053025658242404e-12,0.0,0.0,0.0,0.0,0.0,1e-07,0.0,0.0,0.0,0.0,1.2391865317903015e-14,0.0,0.0,1e-07,08:40:00
2025-02-01,53,1.043,0.0,649.0800333333333,586.6261,6000.0,2929.773567971856,2860.380308712597,0.0,0.0,0.0,62.45393333333334,0.0,0.0,0.0,0.0,668.6288625,583.5973366666667,92,0.0,0.0,1e-07,22910.47332071224,optimal,optimal,optimal,1e-07,0.0,0.0,1.7053025658242404e-12,0.0,0.0,0.0,0.0,0.0,1e-07,3.637978807091713e-12,0.0,0.0,0.0,1.2391865317903015e-14,0.0,0.0,1e-07,08:50:00
2025-02-01,54,1.036,0.0,737.1266666666667,621.9499999999999,6000.0,2860.380308712597,2732.406234638523,0.0,0.0,0.0,115.17666666666673,0.0,0.0,0.0,0.0,728.4895833333334,627.3474999999999,91,0.0,0.0,1e-07,22872.268024415942,optimal,optimal,optimal,1e-07,0.0,0.0,1.7053025658242404e-12,0.0,0.0,0.0,0.0,0.0,1e-07,3.637978807091713e-12,0.0,0.0,0.0,1.2391865317903015e-14,0.0,0.0,1e-07,09:00:00
2025-02-01,55,1.0147,0.0,711.2534166666666,665.4293,6000.0,2732.406234638523,2681.490549453338,0.0,0.0,0.0,45.824116666666555,0.0,0.0,0.0,0.0,753.6153749999999,668.3014566666667,90,0.0,0.0,1e-07,22656.53883552705,optimal,optimal,optimal,1e-07,0.0,0.0,1.2276846206304981e-12,0.0,0.0,0.0,0.0,0.0,1e-07,3.637978807091713e-12,0.0,0.0,0.0,1.2391865317903015e-14,0.0,0.0,1e-07,09:10:00
2025-02-01,56,0.9922,0.0,698.3616999999999,729.7221999999999,6000.0,2681.490549453338,2709.7149994533384,0.0,0.0,31.360500000000002,0.0,0.0,0.0,0.0,0.0,744.1545083333333,717.41919,89,0.0,0.0,1e-07,22546.21133182335,optimal,optimal,optimal,1e-07,0.0,0.0,1.7053025658242404e-12,0.0,0.0,0.0,0.0,0.0,1e-07,3.637978807091713e-12,0.0,0.0,0.0,1.2391865317903015e-14,0.0,0.0,1e-07,09:20:00
2025-02-01,57,0.97,0.0,736.3866666666665,798.0874999999999,6000.0,2709.7149994533384,2765.2457494533382,0.0,0.0,61.70083333333332,0.0,0.0,0.0,0.0,0.0,729.8283333333333,766.5849999999998,88,0.0,0.0,1e-07,22517.98688182335,optimal,optimal,optimal,1e-07,0.0,0.0,1.7053025658242404e-12,0.0,0.0,0.0,0.0,0.0,1e-07,0.0,0.0,0.0,0.0,1.2391865317903015e-14,0.0,0.0,1e-07,09:30:00
2025-02-01,58,0.9422,0.0,733.2125666666667,838.3206833333334,6000.0,2765.2457494533382,2859.843054453338,0.0,0.0,105.10811666666666,0.0,0.0,0.0,0.0,0.0,739.0130416666666,798.2844699999998,87,0.0,0.0,1e-07,22462.456131823354,optimal,optimal,optimal,1e-07,0.0,0.0,1.7053025658242404e-12,0.0,0.0,0.0,0.0,0.0,1e-07,3.637978807091713e-12,0.0,0.0,0.0,1.2391865317903015e-14,0.0,0.0,1e-07,09:40:00
2025-02-01,59,0.9569,0.0,697.1223666666666,867.3196166666667,6000.0,2859.843054453338,3013.020579453338,0.0,0.0,170.19725000000005,0.0,0.0,0.0,0.0,0.0,743.6516041666666,838.6385433333332,86,0.0,0.0,1e-07,22367.85882682335,optimal,optimal,optimal,1e-07,0.0,0.0,1.7053025658242404e-12,0.0,0.0,0.0,0.0,0.0,1e-07,3.637978807091713e-12,0.0,0.0,0.0,1.2391865317903015e-14,0.0,0.0,1e-07,09:50:00
2025-02-01,60,0.9977,0.0,678.5883333333334,894.01875,6000.0,3013.020579453338,3206.907954453338,0.0,0.0,215.4304166666666,0.0,0.0,0.0,0.0,0.0,732.5604166666667,889.7387500000001,85,0.0,0.0,1e-07,22214.681301823348,optimal,optimal,optimal,1e-07,0.0,0.0,1.6200374375330284e-12,0.0,0.0,0.0,0.0,0.0,1e-07,3.637978807091713e-12,0.0,0.0,0.0,1.2391865317903015e-14,0.0,0.0,1e-07,10:00:00
2025-02-01,61,0.9919,0.0,711.4322,911.8498333333333,6000.0,3206.907954453338,3387.2838244533377,0.0,0.0,200.41763333333336,0.0,0.0,0.0,0.0,0.0,723.4847541666666,927.1767266666666,84,0.0,0.0,1e-07,22020.79392682335,optimal,optimal,optimal,1e-07,0.0,0.0,1.7053025658242404e-12,0.0,0.0,0.0,0.0,0.0,1e-07,0.0,0.0,0.0,0.0,1.2391865317903015e-14,0.0,0.0,1e-07,10:10:00
2025-02-01,62,0.9588,0.0,706.70705,933.6272333333333,6000.0,3387.2838244533377,3591.5119894533377,0.0,0.0,226.92018333333328,0.0,0.0,0.0,0.0,0.0,724.8514749999999,960.2729533333334,83,0.0,0.0,1e-07,21840.41805682335,optimal,optimal,optimal,1e-07,0.0,0.0,1.7053025658242404e-12,0.0,0.0,0.0,0.0,0.0,1e-07,3.637978807091713e-12,0.0,0.0,0.0,1.2391865317903015e-14,0.0,0.0,1e-07,10:20:00
2025-02-01,63,0.9549,0.0,666.9933333333333,959.21875,6000.0,3591.5119894533377,3854.514864453338,0.0,0.0,292.22541666666666,0.0,0.0,0.0,0.0,0.0,730.3295833333333,985.9099999999999,82,0.0,0.0,1e-07,21636.18989182335,optimal,optimal,optimal,1e-07,0.0,0.0,1.6200374375330284e-12,0.0,0.0,0.0,0.0,0.0,1e-07,7.275957614183426e-12,0.0,0.0,0.0,1.2391865317903015e-14,0.0,0.0,1e-07,10:30:00
2025-02-01,64,0.9839,0.0,678.7204333333333,979.8081666666667,6000.0,3854.514864453338,4125.493824453338,0.0,0.0,301.0877333333334,0.0,0.0,0.0,0.0,0.0,725.7677833333332,990.1014666666666,81,0.0,0.0,1e-07,21373.18701682335,optimal,optimal,optimal,1e-07,0.0,0.0,1.7053025658242404e-12,0.0,0.0,0.0,0.0,0.0,1e-07,3.637978807091713e-12,0.0,0.0,0.0,1.2391865317903015e-14,0.0,0.0,1e-07,10:40:00
2025-02-01,65,0.799,0.0,678.1305,1021.3479,6000.0,4125.493824453338,4434.389484453338,0.0,0.0,343.2174,0.0,0.0,0.0,0.0,0.0,714.3607249999999,999.1384933333333,80,0.0,0.0,1e-07,21102.20805682335,optimal,optimal,optimal,1e-07,0.0,0.0,1.6200374375330284e-12,0.0,0.0,0.0,0.0,0.0,1e-07,7.275957614183426e-12,0.0,0.0,0.0,1.2391865317903015e-14,0.0,0.0,1e-07,10:50:00
2025-02-01,66,0.5025,0.0,652.925,1060.2749999999999,6000.0,4434.389484453338,4801.004484453338,0.0,0.0,407.3499999999999,0.0,0.0,0.0,0.0,0.0,710.19625,1020.6599999999999,79,0.0,0.0,1e-07,20793.31239682335,optimal,optimal,optimal,1e-07,0.0,0.0,1.6200374375330284e-12,0.0,0.0,0.0,0.0,0.0,1e-07,3.637978807091713e-12,0.0,0.0,0.0,1.2391865317903015e-14,0.0,0.0,1e-07,11:00:00
2025-02-01,67,0.4662,0.0,657.69435,1046.1778166666666,6000.0,4801.004484453338,5150.639604453338,0.0,0.0,388.4834666666666,0.0,0.0,0.0,0.0,0.0,722.2226708333333,1036.4878033333332,78,0.0,0.0,1e-07,20426.69739682335,optimal,optimal,optimal,1e-07,0.0,0.0,1.6200374375330284e-12,0.0,0.0,0.0,0.0,0.0,1e-07,3.637978807091713e-12,0.0,0.0,0.0,1.2391865317903015e-14,0.0,0.0,1e-07,11:10:00
2025-02-01,68,0.5007,0.0,656.1017166666666,1051.3417833333333,6000.0,5150.639604453338,5506.355664453337,0.0,0.0,395.24006666666673,0.0,0.0,0.0,0.0,0.0,715.6271458333333,1041.50048,77,0.0,0.0,1e-07,20077.06227682335,optimal,optimal,optimal,1e-07,0.0,0.0,1.6200374375330284e-12,0.0,0.0,0.0,0.0,0.0,1e-07,7.275957614183426e-12,0.0,0.0,0.0,1.2391865317903015e-14,0.0,0.0,1e-07,11:20:00
2025-02-01,69,0.4827,0.0,654.535,1099.0625,6000.0,5506.355664453337,5906.430414453337,0.0,0.0,444.52750000000003,0.0,0.0,0.0,0.0,0.0,701.2904166666666,1045.6325,76,0.0,0.0,1e-07,19721.34621682335,optimal,optimal,optimal,1e-07,0.0,0.0,1.6200374375330284e-12,0.0,0.0,0.0,0.0,0.0,1e-07,3.637978807091713e-12,0.0,0.0,0.0,1.2391865317903015e-14,0.0,0.0,1e-07,11:30:00
2025-02-01,70,0.4785,0.0,692.20855,1136.31565,6000.0,5906.430414453337,6306.126804453337,0.0,0.0,444.10710000000006,0.0,0.0,0.0,0.0,0.0,722.6393833333332,1062.0360400000002,75,0.0,0.0,1e-07,19321.271466823353,optimal,optimal,optimal,1e-07,0.0,0.0,1.7053025658242404e-12,0.0,0.0,0.0,0.0,0.0,1e-07,3.637978807091713e-12,0.0,0.0,0.0,1.2391865317903015e-14,0.0,0.0,1e-07,11:40:00
2025-02-01,71,0.4662,0.0,680.1494833333334,1128.4168166666666,6000.0,6306.126804453337,6709.567404453337,0.0,0.0,448.2673333333332,0.0,0.0,0.0,0.0,0.0,729.0613333333333,1071.6553233333332,74,0.0,0.0,1e-07,18921.57507682335,optimal,optimal,optimal,1e-07,6.530420680265029e-13,0.0,1.6200374375330284e-12,0.0,0.0,0.0,0.0,0.0,1e-07,3.637978807091713e-12,0.0,0.0,0.0,7.84439179156832e-15,0.0,0.0,1e-07,11:50:00
2025-02-01,72,0.4432,478.5883333333335,640.0333333333333,1100.65625,6000.0,6709.567404453337,7459.567404453337,0.0,478.5883333333335,833.3333333333334,0.0,0.0,212.1103493333334,0.0,212.1103493333334,704.81125,1065.8075,73,0.0,0.0,1e-07,18518.13447682334,optimal,optimal,optimal,1e-07,6.530420680265029e-13,0.0,1.8189894035458565e-12,0.0,0.0,0.0,0.0,0.0,1e-07,3.637978807091713e-12,0.0,0.0,0.0,7.84439179156832e-15,0.0,0.0,1e-07,12:00:00
2025-02-01,73,0.4411,518.2403216666665,676.8413833333333,1105.4832,6000.0,7459.567404453337,8209.567404453337,0.0,518.2403216666665,833.3333333333334,0.0,0.0,228.59580588716662,0.0,228.59580588716662,686.9399999999998,1054.96834,72,0.0,0.0,1e-07,17768.134476823347,optimal,optimal,optimal,1e-07,6.530420680265029e-13,0.0,1.6200374375330284e-12,0.0,0.0,0.0,0.0,0.0,1e-07,3.637978807091713e-12,0.0,0.0,0.0,7.84439179156832e-15,0.0,0.0,1e-07,12:10:00
2025-02-01,74,0.4551,189.12219727406818,663.0938,1089.4810666666667,6000.0,8209.567404453337,8763.525921999999,189.12219727406818,0.0,426.38726666666673,0.0,0.0,86.06951197942843,0.0,86.06951197942843,687.0372125,1051.3831933333333,71,0.0,0.0,1e-07,17018.13447682335,optimal,optimal,optimal,1e-07,6.530420680265029e-13,0.0,1.6200374375330284e-12,0.0,0.0,0.0,0.0,0.0,1e-07,0.0,0.0,0.0,0.0,7.84439179156832e-15,0.0,0.0,1e-07,12:20:00
2025-02-01,75,0.4463,439.2316666666667,594.0216666666666,1052.4125,6000.0,8763.525921999999,9513.525922,0.0,439.2316666666667,833.3333333333334,-1.8189894035458565e-12,0.0,196.02909283333332,0.0,196.02909283333332,695.0779166666666,1052.49875,70,0.0,0.0,1e-07,16464.17595927669,optimal,optimal,optimal,1e-07,1.8189894035458565e-12,0.0,2.021099337273174e-12,0.0,0.0,0.0,0.0,0.0,1e-07,7.275957614183426e-12,0.0,0.0,0.0,7.84439179156832e-15,0.0,0.0,1e-07,12:30:00
2025-02-01,76,0.4113,414.2322025000002,601.1141666666666,1052.0977666666665,6000.0,9513.525922,10263.525921999999,414.2322025000002,0.0,419.1011308333332,1.8189894035458565e-12,0.0,170.37370488825007,0.0,170.37370488825007,692.3848416666666,1043.956333333333,69,0.0,0.0,1e-07,15714.175959276687,optimal,optimal,optimal,1e-07,6.530420680265029e-13,0.0,2.021099337273174e-12,0.0,0.0,0.0,0.0,0.0,1e-07,0.0,0.0,0.0,0.0,7.84439179156832e-15,0.0,0.0,1e-07,12:40:00
2025-02-01,77,0.5682,0.0,633.3353666666667,1058.98975,6000.0,10263.525921999999,10646.614866999998,0.0,0.0,425.65438333333327,0.0,0.0,0.0,0.0,0.0,683.9549833333333,1024.8193766666668,68,0.0,0.0,1e-07,14964.175959276687,optimal,optimal,optimal,1e-07,6.530420680265029e-13,0.0,1.6200374375330284e-12,0.0,0.0,0.0,0.0,0.0,1e-07,0.0,0.0,0.0,0.0,7.84439179156832e-15,0.0,0.0,1e-07,12:50:00
2025-02-01,78,0.8279,0.0,638.6816666666666,1052.225,6000.0,10646.614866999998,10656.069770088343,0.0,0.0,10.505447875938343,0.0,0.0,0.0,0.0,0.0,678.1316666666667,1008.93,67,0.0,0.0,1e-07,14581.087014276687,optimal,optimal,optimal,1e-07,6.530420680265029e-13,0.0,1.6200374375330284e-12,0.0,0.0,0.0,0.0,0.0,1e-07,1.8189894035458565e-12,0.0,0.0,0.0,7.84439179156832e-15,0.0,0.0,1e-07,13:00:00
2025-02-01,79,0.8636,0.0,619.3742333333332,1041.0229166666666,6000.0,10656.069770088343,10656.069770088343,0.0,0.0,0.0,0.0,0.0,0.0,0.0,0.0,678.3876291666667,1009.4629199999999,66,0.0,0.0,1e-07,14571.63211118834,optimal,optimal,optimal,1e-07,6.530420680265029e-13,0.0,1.6200374375330284e-12,0.0,0.0,0.0,0.0,0.0,1e-07,1.8189894035458565e-12,0.0,0.0,0.0,7.84439179156832e-15,0.0,0.0,1e-07,13:10:00
2025-02-01,80,0.8416,0.0,606.5044,1029.2288333333331,6000.0,10656.069770088343,10656.069770088343,0.0,0.0,0.0,0.0,0.0,0.0,0.0,0.0,679.7456833333333,993.9141400000001,65,0.0,0.0,1e-07,14571.63211118834,optimal,optimal,optimal,1e-07,6.530420680265029e-13,0.0,1.6200374375330284e-12,0.0,0.0,0.0,0.0,0.0,1e-07,1.8189894035458565e-12,0.0,0.0,0.0,7.84439179156832e-15,0.0,0.0,1e-07,13:20:00
2025-02-01,81,0.8618,0.0,607.0133333333333,1017.28125,6000.0,10656.069770088343,10656.069770088343,0.0,0.0,0.0,0.0,0.0,0.0,0.0,0.0,677.4545833333333,964.25,64,0.0,0.0,1e-07,14571.63211118834,optimal,optimal,optimal,1e-07,6.530420680265029e-13,0.0,1.6200374375330284e-12,0.0,0.0,0.0,0.0,0.0,1e-07,0.0,0.0,0.0,0.0,7.84439179156832e-15,0.0,0.0,1e-07,13:30:00
2025-02-01,82,0.8623,0.0,606.3183333333333,998.79405,6000.0,10656.069770088343,10656.069770088343,0.0,0.0,0.0,0.0,0.0,0.0,0.0,0.0,670.7934833333333,953.2581933333333,63,0.0,0.0,1e-07,14571.63211118834,optimal,optimal,optimal,1e-07,6.530420680265029e-13,0.0,1.6200374375330284e-12,0.0,0.0,0.0,0.0,0.0,1e-07,0.0,0.0,0.0,0.0,7.84439179156832e-15,0.0,0.0,1e-07,13:40:00
2025-02-01,83,0.9026,0.0,624.9272166666666,948.6343499999999,6000.0,10656.069770088343,10656.069770088343,0.0,0.0,0.0,0.0,0.0,0.0,0.0,0.0,665.6725958333333,934.3816866666666,62,0.0,0.0,1e-07,14571.632111188343,optimal,optimal,optimal,1e-07,6.530420680265029e-13,0.0,1.6200374375330284e-12,0.0,0.0,0.0,0.0,1.1368683772161603e-13,1e-07,0.0,0.0,0.0,0.0,7.84439179156832e-15,0.0,0.0,1e-07,13:50:00
2025-02-01,84,0.9754,0.0,641.645,875.1875,6000.0,10656.069770088343,10656.069770088343,0.0,0.0,0.0,0.0,0.0,0.0,0.0,0.0,663.78625,898.13375,61,0.0,0.0,1e-07,14571.632111188339,optimal,optimal,optimal,1e-07,6.530420680265029e-13,0.0,1.2276846206304981e-12,0.0,0.0,0.0,0.0,0.0,1e-07,0.0,0.0,0.0,0.0,7.84439179156832e-15,0.0,0.0,1e-07,14:00:00
2025-02-01,85,1.0002,0.0,612.7233833333332,815.6234166666666,6000.0,10656.069770088343,10656.069770088343,0.0,0.0,0.0,0.0,0.0,0.0,0.0,0.0,658.9274458333333,862.1088233333332,60,0.0,0.0,1e-07,14571.63211118834,optimal,optimal,optimal,1e-07,6.530420680265029e-13,0.0,1.6200374375330284e-12,0.0,0.0,0.0,0.0,0.0,1e-07,1.8189894035458565e-12,0.0,0.0,0.0,7.84439179156832e-15,0.0,0.0,1e-07,14:10:00
2025-02-01,86,0.9978,0.0,603.26775,769.5365666666667,6000.0,10656.069770088343,10656.069770088343,0.0,0.0,0.0,0.0,0.0,0.0,0.0,0.0,638.1165583333333,822.8484066666666,59,0.0,0.0,1e-07,14571.63211118834,optimal,optimal,optimal,1e-07,6.530420680265029e-13,0.0,8.189005029635155e-13,0.0,0.0,0.0,0.0,0.0,1e-07,0.0,0.0,0.0,0.0,7.84439179156832e-15,0.0,0.0,1e-07,14:20:00
2025-02-01,87,1.0271,0.0,610.8116666666666,727.3999999999999,6000.0,10656.069770088343,10656.069770088343,0.0,0.0,0.0,0.0,0.0,0.0,0.0,0.0,619.4958333333334,777.4374999999999,58,0.0,0.0,1e-07,14571.632111188343,optimal,optimal,optimal,1e-07,6.530420680265029e-13,0.0,1.6200374375330284e-12,0.0,0.0,0.0,0.0,1.1368683772161603e-13,1e-07,1.8189894035458565e-12,0.0,0.0,0.0,7.84439179156832e-15,0.0,0.0,1e-07,14:30:00
2025-02-01,88,1.0906,0.0,571.6230833333333,684.0674,6000.0,10656.069770088343,10656.069770088343,0.0,0.0,0.0,0.0,0.0,0.0,0.0,0.0,633.9314458333333,729.6883233333332,57,0.0,0.0,1e-07,14571.632111188343,optimal,optimal,optimal,1e-07,6.530420680265029e-13,0.0,1.6200374375330284e-12,0.0,0.0,0.0,0.0,1.1368683772161603e-13,1e-07,0.0,0.0,0.0,0.0,7.84439179156832e-15,0.0,0.0,1e-07,14:40:00
2025-02-01,89,0.9376,0.0,554.5942,648.3614333333333,6000.0,10656.069770088343,10656.069770088343,0.0,0.0,0.0,0.0,0.0,0.0,0.0,0.0,634.9304583333333,685.3790899999999,56,0.0,0.0,1e-07,14571.63211118834,optimal,optimal,optimal,1e-07,6.530420680265029e-13,0.0,1.6200374375330284e-12,0.0,0.0,0.0,0.0,0.0,1e-07,0.0,0.0,0.0,0.0,7.84439179156832e-15,0.0,0.0,1e-07,14:50:00
2025-02-01,90,0.6694,0.0,578.9233333333333,614.7249999999999,6000.0,10656.069770088343,10656.069770088343,0.0,0.0,0.0,0.0,0.0,0.0,0.0,0.0,618.8237499999999,644.0899999999999,55,0.0,0.0,1e-07,14571.63211118834,optimal,optimal,optimal,1e-07,6.530420680265029e-13,0.0,1.6200374375330284e-12,0.0,0.0,0.0,0.0,0.0,1e-07,0.0,0.0,0.0,0.0,7.84439179156832e-15,0.0,0.0,1e-07,15:00:00
2025-02-01,91,0.66,12.023959999999988,593.8219999999999,565.39285,6000.0,10656.069770088343,10637.841781199455,0.0,12.023959999999988,0.0,16.405189999999948,0.0,7.935813599999992,0.0,7.935813599999992,627.0006583333333,600.7813699999999,54,0.0,2.455401951847307,2.4554020518473068,14574.087512940194,optimal,optimal,optimal,1e-07,6.530420680265029e-13,0.0,1.6200374375330284e-12,0.0,0.0,0.0,0.0,0.0,1e-07,1.8189894035458565e-12,0.0,0.0,0.0,7.84439179156832e-15,0.0,0.0,9.999999983634211e-08,15:10:00
2025-02-01,92,0.7217,95.5249483333331,603.3700333333334,505.4359666666667,6000.0,10637.841781199455,10637.841781199455,0.0,95.5249483333331,0.0,0.0,2.409118333333595,68.9403552121665,8.693303505834278,77.63365871800077,632.5263541666666,558.1075666666667,53,15.451879566386094,19.45744286426998,19.45744296426998,14534.870475463726,optimal,optimal,optimal,1.0000000116860974e-07,0.0,0.0,1.6200374375330284e-12,0.0,0.0,0.0,0.0,0.0,9.99999993922529e-08,3.637978807091713e-12,0.0,0.0,0.0,5.329070518200751e-15,0.0,0.0,1.0000000116860974e-07,15:20:00
2025-02-01,93,0.7308,118.53250000000008,608.655,450.63749999999993,6000.0,10637.841781199455,10637.841781199455,0.0,118.53250000000008,0.0,0.0,39.48499999999996,86.62355100000006,144.27818999999985,230.9017409999999,625.6362499999999,513.58875,52,170.82425201054974,19.45744286426998,19.45744296426998,14523.197475463727,optimal,optimal,optimal,1.0000000116860974e-07,0.0,0.0,8.189005029635155e-13,0.0,0.0,0.0,0.0,0.0,9.999996564147295e-08,5.4569682106375694e-12,0.0,0.0,0.0,2.842170943040401e-14,0.0,0.0,1.0000000116860974e-07,15:30:00
2025-02-01,94,0.7534,148.26675999999998,596.78865,413.62829999999997,6000.0,10637.841781199455,10627.0415267037,0.0,148.26675999999998,0.0,9.720229046178973,25.173360953821046,111.70417698399997,94.82805071304388,206.53222769704385,625.8619624999999,460.82796999999994,51,94.82805071305003,19.45744286426998,19.45744296426998,14523.19747546372,optimal,optimal,optimal,1.0000000116860974e-07,0.0,0.0,1.2276846206304981e-12,0.0,0.0,0.0,0.0,0.0,9.999999406318238e-08,3.637978807091713e-12,0.0,0.0,0.0,1.4210854715202004e-14,0.0,0.0,1.0000000116860974e-07,15:40:00
2025-02-01,95,0.7823,182.3270316666667,570.11095,375.9729,6000.0,10627.0415267037,10613.918172999996,0.0,182.3270316666667,0.0,11.811018333333323,0.0,142.63443687283336,0.0,142.63443687283336,629.8848166666667,406.02832333333333,50,0.0,0.0,1e-07,14465.813678647057,optimal,optimal,optimal,1e-07,0.0,0.0,1.6200374375330284e-12,0.0,0.0,0.0,0.0,0.0,1e-07,0.0,0.0,0.0,0.0,5.9368176107677775e-15,0.0,0.0,1e-07,15:50:00
2025-02-01,96,0.8055,210.9174999999999,548.75,328.93125,6000.0,10613.918172999996,10604.027895222218,0.0,210.9174999999999,0.0,8.901250000000118,0.0,169.89404624999992,0.0,169.89404624999992,621.8804166666666,352.85749999999996,49,0.0,0.0,1e-07,14343.347732350761,optimal,optimal,optimal,1e-07,0.0,0.0,1.2276846206304981e-12,0.0,0.0,0.0,0.0,0.0,1e-07,1.8189894035458565e-12,0.0,0.0,0.0,5.9368176107677775e-15,0.0,0.0,1e-07,16:00:00
2025-02-01,97,0.8271,284.9948166666666,554.0824,281.17404999999997,6000.0,10604.027895222218,10614.905715222218,12.086466666666581,272.90835000000004,0.0,0.0,0.0,235.71921286499995,0.0,235.71921286499995,593.4667041666667,299.8116433333333,48,0.0,0.0,1e-07,14314.212467535946,optimal,optimal,optimal,1e-07,6.530420680265029e-13,0.0,1.2276846206304981e-12,0.0,0.0,0.0,0.0,0.0,1e-07,1.8189894035458565e-12,0.0,0.0,0.0,7.84439179156832e-15,0.0,0.0,1e-07,16:10:00
2025-02-01,98,0.8519,330.4023699999998,559.0360666666666,240.44151666666667,6000.0,10614.905715222218,10625.532753222218,11.807819999999879,318.5945499999999,0.0,0.0,0.0,281.4697790029998,0.0,281.4697790029998,589.1507041666666,247.67907333333332,47,0.0,0.0,1e-07,14278.736290128538,optimal,optimal,optimal,1e-07,6.530420680265029e-13,0.0,1.2276846206304981e-12,0.0,0.0,0.0,0.0,0.0,1e-07,0.0,0.0,0.0,0.0,7.84439179156832e-15,0.0,0.0,1e-07,16:20:00
2025-02-01,99,0.8791,432.24583333333334,563.1066666666666,202.36249999999998,6000.0,10625.532753222218,10689.884253222219,71.50166666666672,360.7441666666666,0.0,0.0,0.0,379.98731208333334,0.0,379.98731208333334,609.4695833333333,196.13375,46,0.0,0.0,1e-07,14268.109252128539,optimal,optimal,optimal,1e-07,6.530420680265029e-13,0.0,1.2276846206304981e-12,0.0,0.0,0.0,0.0,0.0,1e-07,1.8189894035458565e-12,0.0,0.0,0.0,7.84439179156832e-15,0.0,0.0,1e-07,16:30:00
2025-02-01,100,0.9024,437.60211166666664,580.2863,155.5190333333333,6000.0,10689.884253222219,10701.435613722218,12.834844999999973,424.76726666666667,0.0,0.0,0.0,394.892145568,0.0,394.892145568,602.6080458333333,144.29698333333332,45,0.0,0.0,1e-07,14157.737861387799,optimal,optimal,optimal,1e-07,6.530420680265029e-13,0.0,8.189005029635155e-13,0.0,0.0,0.0,0.0,0.0,1e-07,0.0,0.0,0.0,0.0,7.84439179156832e-15,0.0,0.0,1e-07,16:40:00
2025-02-01,101,0.9163,421.5644741666666,532.8180166666666,106.71146666666667,6000.0,10701.435613722218,10696.388862796293,0.0,421.5644741666666,0.0,4.542075833333342,0.0,386.2795276789166,0.0,386.2795276789166,539.4219333333333,95.89314666666667,44,0.0,0.0,1e-07,14107.470419406318,optimal,optimal,optimal,1e-07,6.530420680265029e-13,0.0,8.189005029635155e-13,0.0,0.0,0.0,0.0,0.0,1e-07,0.0,0.0,0.0,0.0,7.84439179156832e-15,0.0,0.0,1e-07,16:50:00
2025-02-01,102,0.9264,424.95875,446.78,59.70625,6000.0,10696.388862796293,10730.485362796293,37.88500000000005,387.07374999999996,0.0,0.0,0.0,393.681786,0.0,393.681786,466.01416666666665,51.510000000000005,43,0.0,0.0,1e-07,14102.423668480396,optimal,optimal,optimal,1e-07,6.530420680265029e-13,0.0,8.189005029635155e-13,0.0,0.0,0.0,0.0,0.0,1e-07,5.4569682106375694e-12,0.0,0.0,0.0,7.84439179156832e-15,0.0,0.0,1e-07,17:00:00
2025-02-01,103,0.9462,463.49253166666654,433.5435166666667,15.897433333333334,6000.0,10730.485362796293,10771.747166296293,45.84644833333317,417.64608333333337,0.0,0.0,0.0,438.5566334629999,0.0,438.5566334629999,463.1464291666666,12.085016666666666,42,0.0,0.0,1e-07,14068.327168480395,optimal,optimal,optimal,1e-07,6.530420680265029e-13,0.0,1.2276846206304981e-12,0.0,0.0,0.0,0.0,0.0,1e-07,3.637978807091713e-12,0.0,0.0,0.0,7.84439179156832e-15,0.0,0.0,1e-07,17:10:00
2025-02-01,104,0.9742,497.61443749999995,439.7808,0.0,6000.0,10771.747166296293,10798.639880249999,29.88079328189508,467.73364421810487,0.0,0.0,0.0,484.7759850124999,0.0,484.7759850124999,476.8410208333333,0.0,41,0.0,0.0,1e-07,14027.065364980393,optimal,optimal,optimal,1e-07,6.530420680265029e-13,0.0,1.2276846206304981e-12,0.0,0.0,0.0,0.0,0.0,1e-07,1.8189894035458565e-12,0.0,0.0,0.0,7.84439179156832e-15,0.0,0.0,1e-07,17:20:00
2025-02-01,105,0.9862,498.18999999999994,436.13666666666666,0.0,6000.0,10798.639880249999,10798.639880249999,0.0,498.18999999999994,0.0,0.0,0.0,491.31497799999994,0.0,491.31497799999994,473.86125,0.0,40,0.0,0.0,1e-07,14000.172651026685,optimal,optimal,optimal,1e-07,6.530420680265029e-13,0.0,7.958078640513122e-13,0.0,0.0,0.0,0.0,0.0,1e-07,0.0,0.0,0.0,0.0,7.84439179156832e-15,0.0,0.0,1e-07,17:30:00
2025-02-01,106,0.976,471.9776883333332,445.99516666666665,0.68945,6000.0,10798.639880249999,10798.639880249999,0.0,471.9776883333332,0.0,0.0,0.0,460.6502238133332,0.0,460.6502238133332,471.18950416666667,0.72306,39,0.0,0.0,1e-07,14000.172651026687,optimal,optimal,optimal,1e-07,6.530420680265029e-13,0.0,7.958078640513122e-13,0.0,0.0,0.0,0.0,0.0,1e-07,0.0,0.0,0.0,0.0,7.84439179156832e-15,0.0,0.0,1e-07,17:40:00
2025-02-01,107,1.0742,474.49209166666657,439.89263333333326,0.0,6000.0,10798.639880249999,10798.639880249999,0.0,474.49209166666657,0.0,0.0,0.0,509.69940486833326,0.0,509.69940486833326,466.5057583333333,0.0,38,0.0,0.0,1e-07,14000.172651026685,optimal,optimal,optimal,1e-07,6.530420680265029e-13,0.0,7.958078640513122e-13,0.0,0.0,0.0,0.0,0.0,1e-07,0.0,0.0,0.0,0.0,7.84439179156832e-15,0.0,0.0,1e-07,17:50:00
2025-02-01,108,1.2313,0.0,428.47,0.0,6000.0,10798.639880249999,10322.56210247222,0.0,0.0,0.0,428.47000000000116,0.0,0.0,0.0,0.0,464.6933333333333,0.0,37,0.0,0.0,1e-07,13919.676354730389,optimal,optimal,optimal,1e-07,6.530420680265029e-13,0.0,1.0231815394945443e-12,0.0,0.0,0.0,0.0,0.0,1e-07,1.8189894035458565e-12,0.0,0.0,0.0,7.84439179156832e-15,0.0,0.0,1e-07,18:00:00
2025-02-01,109,1.2561,0.0,454.18455,0.049499999999999995,6000.0,10322.56210247222,9817.967602472221,0.0,0.0,0.0,454.13505,0.0,0.0,0.0,0.0,475.869175,0.05191,36,0.0,0.0,1e-07,13395.415876952613,optimal,optimal,optimal,1e-07,6.530420680265029e-13,0.0,7.389644451905042e-13,0.0,0.0,0.0,0.0,0.0,1e-07,3.637978807091713e-12,0.0,0.0,0.0,7.84439179156832e-15,0.0,0.0,1e-07,18:10:00
2025-02-01,110,1.2447,0.0,472.26531666666665,0.0,6000.0,9817.967602472221,9293.22836173148,0.0,0.0,0.0,472.26531666666597,0.0,0.0,0.0,0.0,481.39313749999997,0.0,35,0.0,0.0,1e-07,12870.537330656312,optimal,optimal,optimal,1e-07,6.530420680265029e-13,0.0,1.2505552149377763e-12,0.0,0.0,0.0,0.0,6.821210263296962e-13,1e-07,1.8189894035458565e-12,0.0,0.0,0.0,7.84439179156832e-15,0.0,0.0,1e-07,18:20:00
2025-02-01,111,1.2545,0.0,454.16833333333335,0.0,6000.0,9293.22836173148,8788.59688025,0.0,0.0,0.0,454.16833333333307,0.0,0.0,0.0,0.0,474.6333333333333,0.0,34,0.0,0.0,1e-07,12300.320312137797,optimal,optimal,optimal,1e-07,6.530420680265029e-13,0.0,5.684341886080801e-13,0.0,0.0,0.0,0.0,2.8421709430404007e-13,1e-07,3.637978807091713e-12,0.0,0.0,0.0,7.84439179156832e-15,0.0,0.0,1e-07,18:30:00
2025-02-01,112,1.2522,0.0,418.3761833333333,0.0035499999999999998,6000.0,8788.59688025,8323.738398768517,0.0,0.0,0.0,418.3726333333333,0.0,0.0,0.0,0.0,467.07238333333333,0.003726666666666667,33,0.0,0.0,1e-07,11687.475445471131,optimal,optimal,optimal,1e-07,6.530420680265029e-13,0.0,1.4779288903810084e-12,0.0,0.0,0.0,0.0,0.0,1e-07,3.637978807091713e-12,0.0,0.0,0.0,7.84439179156832e-15,0.0,0.0,1e-07,18:40:00
2025-02-01,113,1.2881,0.0,414.0822333333333,0.0,6000.0,8323.738398768517,7863.647028398145,0.0,0.0,0.0,414.08223333333444,0.0,0.0,0.0,0.0,464.82048749999996,0.0,32,0.0,0.0,1e-07,11109.865288063726,optimal,optimal,optimal,1e-07,6.530420680265029e-13,0.0,6.821210263296962e-13,0.0,0.0,0.0,0.0,0.0,1e-07,0.0,0.0,0.0,0.0,7.84439179156832e-15,0.0,0.0,1e-07,18:50:00
2025-02-01,114,1.3466,0.0,432.1383333333333,0.0,6000.0,7863.647028398145,7383.493324694442,0.0,0.0,0.0,432.1383333333333,0.0,0.0,0.0,0.0,461.40166666666664,0.0,31,0.0,0.0,1e-07,10584.744288063726,optimal,optimal,optimal,1e-07,6.530420680265029e-13,0.0,6.821210263296962e-13,0.0,0.0,0.0,0.0,0.0,1e-07,0.0,0.0,0.0,0.0,7.84439179156832e-15,0.0,0.0,1e-07,19:00:00
2025-02-01,115,1.3523,0.0,424.01436666666666,0.00025,6000.0,7383.493324694442,6912.366528398145,0.0,0.0,0.0,424.01411666666667,0.0,0.0,0.0,0.0,448.58152499999994,0.0002666666666666667,30,0.0,0.0,1e-07,10049.996936211875,optimal,optimal,optimal,1e-07,6.530420680265029e-13,0.0,1.2505552149377763e-12,0.0,0.0,0.0,0.0,0.0,1e-07,1.8189894035458565e-12,0.0,0.0,0.0,7.84439179156832e-15,0.0,0.0,1e-07,19:10:00
2025-02-01,116,1.3445,0.0,442.41246666666666,0.0,6000.0,6912.366528398145,6420.797120990737,0.0,0.0,0.0,442.41246666666757,0.0,0.0,0.0,0.0,453.3871125,0.0,29,0.0,0.0,1e-07,9554.482038063727,optimal,optimal,optimal,1e-07,6.530420680265029e-13,0.0,6.821210263296962e-13,0.0,0.0,0.0,0.0,0.0,1e-07,1.8189894035458565e-12,0.0,0.0,0.0,7.84439179156832e-15,0.0,0.0,1e-07,19:20:00
2025-02-01,117,1.3483,0.0,483.74666666666667,0.0,6000.0,6420.797120990737,5883.300824694441,0.0,0.0,0.0,483.7466666666669,0.0,0.0,0.0,0.0,470.2129166666667,0.0,28,0.0,0.0,1e-07,9092.987630656318,optimal,optimal,optimal,1e-07,6.530420680265029e-13,0.0,5.684341886080801e-13,0.0,0.0,0.0,0.0,0.0,1e-07,0.0,0.0,0.0,0.0,7.84439179156832e-15,0.0,0.0,1e-07,19:30:00
2025-02-01,118,1.349,0.0,481.18446666666665,0.0,6000.0,5883.300824694441,5348.651417287034,0.0,0.0,0.0,481.1844666666666,0.0,0.0,0.0,0.0,466.25757083333326,0.0,27,0.0,0.0,1e-07,8588.662213989652,optimal,optimal,optimal,1e-07,6.530420680265029e-13,0.0,4.547473508864641e-13,0.0,0.0,0.0,0.0,5.684341886080802e-14,1e-07,0.0,0.0,0.0,0.0,7.84439179156832e-15,0.0,0.0,1e-07,19:40:00
2025-02-01,119,1.3473,0.0,444.76593333333335,0.0,6000.0,5348.651417287034,4854.467046916663,0.0,0.0,0.0,444.76593333333403,0.0,0.0,0.0,0.0,464.8929166666667,0.0,26,0.0,0.0,1e-07,8009.286176952615,optimal,optimal,optimal,1e-07,6.530420680265029e-13,0.0,5.684341886080801e-13,0.0,0.0,0.0,0.0,0.0,1e-07,0.0,0.0,0.0,0.0,7.84439179156832e-15,0.0,0.0,1e-07,19:50:00
2025-02-01,120,1.3482,0.0,418.095,0.0,6000.0,4854.467046916663,4389.917046916662,0.0,0.0,0.0,418.0950000000007,0.0,0.0,0.0,0.0,473.96375,0.0,25,0.0,0.0,1e-07,7390.949028804467,optimal,optimal,optimal,1e-07,6.530420680265029e-13,0.0,5.684341886080801e-13,0.0,0.0,0.0,0.0,0.0,1e-07,0.0,0.0,0.0,0.0,7.84439179156832e-15,0.0,0.0,1e-07,20:00:00
2025-02-01,121,1.3513,0.0,436.7405166666666,0.0,6000.0,4389.917046916662,3904.6498061759207,0.0,0.0,0.0,436.7405166666672,0.0,0.0,0.0,0.0,476.02861249999995,0.0,24,0.0,0.0,1e-07,6839.092149174841,optimal,optimal,optimal,1e-07,2.2737367544323206e-13,0.0,5.115907697472721e-13,0.0,0.0,0.0,0.0,0.0,1e-07,1.8189894035458565e-12,0.0,0.0,0.0,1.19371179586521e-14,0.0,0.0,1e-07,20:10:00
2025-02-01,122,1.34,0.0,452.69785,0.0,6000.0,3904.6498061759207,3401.65219506481,0.0,0.0,0.0,452.69785,0.0,0.0,0.0,0.0,472.55982916666665,0.0,23,0.0,0.0,1e-07,6309.687176952615,optimal,optimal,optimal,1e-07,0.0,0.0,5.684341886080801e-13,0.0,0.0,0.0,0.0,0.0,1e-07,9.094947017729282e-13,0.0,0.0,0.0,1.19371179586521e-14,0.0,0.0,1e-07,20:20:00
2025-02-01,123,1.3489,0.0,449.9683333333333,0.0,6000.0,3401.65219506481,2901.687380249995,0.0,0.0,0.0,449.96833333333325,0.0,0.0,0.0,0.0,468.95833333333326,0.0,22,0.0,0.0,1e-07,5764.489565841504,optimal,optimal,optimal,1e-07,2.2737367544323206e-13,0.0,5.684341886080801e-13,0.0,0.0,0.0,0.0,5.684341886080802e-14,1e-07,9.094947017729282e-13,0.0,0.0,0.0,1.19371179586521e-14,0.0,0.0,1e-07,20:30:00
2025-02-01,124,1.3952,0.0,455.06669999999997,0.0,6000.0,2901.687380249995,2396.0577135833278,0.0,0.0,0.0,455.0667000000003,0.0,0.0,0.0,0.0,471.968325,0.0,21,0.0,0.0,1e-07,5226.965584360023,optimal,optimal,optimal,1e-07,0.0,0.0,5.684341886080801e-13,0.0,0.0,0.0,0.0,0.0,1e-07,9.094947017729282e-13,0.0,0.0,0.0,1.19371179586521e-14,0.0,0.0,1e-07,20:40:00
2025-02-01,125,1.2226,93.23806999999954,454.01236666666665,0.0,6000.0,2396.0577135833278,1995.1973839536977,0.0,93.23806999999954,0.0,360.7742966666671,0.0,113.99286438199942,0.0,113.99286438199942,496.48466249999996,0.0,20,0.0,0.0,1e-07,4626.95303806373,optimal,optimal,optimal,1e-07,0.0,0.0,5.684341886080801e-13,0.0,0.0,0.0,0.0,0.0,1e-07,1.8189894035458565e-12,0.0,0.0,0.0,1.19371179586521e-14,0.0,0.0,1e-07,20:50:00
2025-02-01,126,0.9332,497.3329166666666,459.405,0.0,6000.0,1995.1973839536977,2029.3325089536977,37.92791666666665,459.405,0.0,0.0,0.0,464.1110778333333,0.0,464.1110778333333,519.8254166666666,0.0,19,0.0,0.0,1e-07,4176.109375100763,optimal,optimal,optimal,1e-07,0.0,0.0,5.684341886080801e-13,0.0,0.0,0.0,0.0,0.0,1e-07,9.094947017729282e-13,0.0,0.0,0.0,1.19371179586521e-14,0.0,0.0,1e-07,21:00:00
2025-02-01,127,0.9068,482.5108166666666,497.4207666666667,0.0,6000.0,2029.3325089536977,2012.7658978425866,0.0,482.5108166666666,0.0,14.909950000000094,0.0,437.5408085533333,0.0,437.5408085533333,500.5132583333333,0.0,18,0.0,0.0,1e-07,4135.102046397062,optimal,optimal,optimal,1e-07,0.0,0.0,3.410605131648481e-13,0.0,0.0,0.0,0.0,0.0,1e-07,0.0,0.0,0.0,0.0,1.19371179586521e-14,0.0,0.0,1e-07,21:10:00
2025-02-01,128,0.9371,513.6422625,503.28313333333335,0.0,6000.0,2012.7658978425866,2022.0891140925867,10.359129166666662,503.28313333333335,0.0,0.0,0.0,481.33416418875004,0.0,481.33416418875004,478.94682916666665,0.0,17,0.0,0.0,1e-07,4118.535435285952,optimal,optimal,optimal,1e-07,0.0,0.0,5.684341886080801e-13,0.0,0.0,0.0,0.0,0.0,1e-07,2.7284841053187847e-12,0.0,0.0,0.0,1.19371179586521e-14,0.0,0.0,1e-07,21:20:00
2025-02-01,129,0.9371,523.2599999999999,477.5566666666667,0.0,6000.0,2022.0891140925867,2063.2221140925867,45.703333333333205,477.5566666666667,0.0,0.0,0.0,490.3469459999999,0.0,490.3469459999999,483.44333333333327,0.0,16,0.0,0.0,1e-07,4109.212219035953,optimal,optimal,optimal,1e-07,0.0,0.0,5.684341886080801e-13,0.0,0.0,0.0,0.0,0.0,1e-07,3.637978807091713e-12,0.0,0.0,0.0,1.19371179586521e-14,0.0,0.0,1e-07,21:30:00
2025-02-01,130,0.9871,511.2377499999999,479.13595,0.0,6000.0,2063.2221140925867,2092.1137340925866,32.10179999999991,479.13595,0.0,0.0,0.0,504.64278302499986,0.0,504.64278302499986,497.9393041666666,0.0,15,0.0,0.0,1e-07,4068.0792190359516,optimal,optimal,optimal,1e-07,0.0,0.0,5.684341886080801e-13,0.0,0.0,0.0,0.0,0.0,1e-07,1.3642420526593924e-12,0.0,0.0,0.0,1.19371179586521e-14,0.0,0.0,1e-07,21:40:00
2025-02-01,131,0.7764,498.9603083333333,450.2041,0.0,6000.0,2092.1137340925866,2135.9943215925864,48.75620833333329,450.2041,0.0,0.0,0.0,387.3927833899999,0.0,387.3927833899999,464.7257833333333,0.0,14,0.0,0.0,1e-07,4039.1875990359513,optimal,optimal,optimal,1e-07,0.0,0.0,3.410605131648481e-13,0.0,0.0,0.0,0.0,0.0,1e-07,2.2737367544323206e-12,0.0,0.0,0.0,1.19371179586521e-14,0.0,0.0,1e-07,21:50:00
2025-02-01,132,0.4209,1266.81625,392.08500000000004,0.0,6000.0,2135.9943215925864,2885.9943215925864,833.3333333333334,433.4829166666667,0.0,0.0,0.0,533.2029596250001,0.0,533.2029596250001,405.53208333333333,0.0,13,0.0,0.0,1e-07,3995.3070115359496,optimal,optimal,optimal,1e-07,0.0,0.0,5.684341886080801e-13,0.0,0.0,0.0,0.0,0.0,1e-07,4.547473508864641e-13,0.0,0.0,0.0,1.19371179586521e-14,0.0,0.0,1e-07,22:00:00
2025-02-01,133,0.3859,1235.8565541666667,371.76981666666666,0.0,6000.0,2885.9943215925864,3635.994321592586,833.3333333333334,402.5232208333333,0.0,2.8421709430404007e-13,0.0,476.9170442529167,0.0,476.9170442529167,403.3292583333333,0.0,12,0.0,0.0,1e-07,3245.3070115359515,optimal,optimal,optimal,1e-07,2.014889153455409e-13,0.0,3.410605131648481e-13,0.0,0.0,0.0,0.0,0.0,1e-07,4.547473508864641e-13,0.0,0.0,0.0,9.89075487511021e-15,0.0,0.0,1e-07,22:10:00
2025-02-01,134,0.4368,401.70780833333333,363.57821666666666,0.0,6000.0,3635.994321592586,3670.310954092586,38.12959166666667,363.57821666666666,0.0,0.0,0.0,175.46597068,0.0,175.46597068,428.9258458333333,0.0,11,0.0,0.0,1e-07,2434.822483758173,optimal,optimal,optimal,1e-07,2.014889153455409e-13,0.0,5.684341886080801e-13,0.0,0.0,0.0,0.0,0.0,1e-07,9.094947017729282e-13,0.0,0.0,0.0,9.89075487511021e-15,0.0,0.0,1e-07,22:20:00
2025-02-01,135,0.4198,1261.3270833333333,359.15666666666664,0.0,6000.0,3670.310954092586,4420.310954092586,833.3333333333334,427.99375,0.0,0.0,0.0,529.5051095833334,0.0,529.5051095833334,442.74125,0.0,10,0.0,0.0,1e-07,2400.505851258171,optimal,optimal,optimal,1e-07,0.0,0.0,5.684341886080801e-13,0.0,0.0,0.0,0.0,0.0,1e-07,1.3642420526593924e-12,0.0,0.0,0.0,5.9368176107677775e-15,0.0,0.0,1e-07,22:30:00
2025-02-01,136,0.4186,1251.4211541666668,382.05071666666663,0.0,6000.0,4420.310954092586,5170.310954092585,833.3333333333334,418.08782083333347,0.0,1.0231815394945443e-12,0.0,523.8448951341668,0.0,523.8448951341668,431.40098333333333,0.0,9,0.0,0.0,1e-07,1650.5058512581745,optimal,optimal,optimal,1e-07,0.0,0.0,1.3429257705865894e-12,0.0,0.0,0.0,0.0,0.0,1e-07,4.547473508864641e-13,0.0,0.0,0.0,5.9368176107677775e-15,0.0,0.0,1e-07,22:40:00
2025-02-01,137,0.4241,381.88420416666656,417.16841666666664,0.0,6000.0,5170.310954092585,5131.1062735894275,0.0,381.88420416666656,0.0,35.28421245284164,4.7158437155303545e-08,161.9570909870833,9.999946598782117e-08,161.95709108708274,411.6687791666666,0.0,8,0.0,0.0,1e-07,912.7272679248408,optimal,optimal,optimal,1e-07,0.0,0.0,5.684341886080801e-13,0.0,0.0,0.0,0.0,0.0,1e-07,6.821210263296962e-13,0.0,0.0,0.0,1.19371179586521e-14,0.0,0.0,1e-07,22:50:00
2025-02-01,138,0.4237,1203.3079166666666,431.7966666666667,0.0,6000.0,5131.1062735894275,5825.466398589428,771.51125,431.7966666666667,0.0,0.0,0.0,509.84156429166666,0.0,509.84156429166666,404.2941666666666,0.0,7,0.0,0.0,1e-07,873.5225873176232,optimal,optimal,optimal,1e-07,0.0,0.0,2.5268676040468563e-13,0.0,0.0,0.0,0.0,0.0,9.999999999999998e-08,6.821210263296962e-13,0.0,0.0,0.0,5.9368176107677775e-15,0.0,0.0,1e-07,23:00:00
2025-02-01,139,0.4248,419.9207583333333,406.46494999999993,0.0,6000.0,5825.466398589428,5837.576626089428,13.45580833333338,406.46494999999993,0.0,0.0,0.0,178.38233814,0.0,178.38233814,418.8969041666667,0.0,6,0.0,0.0,1e-07,179.16246231762216,optimal,optimal,optimal,1e-07,0.0,0.0,2.5268676040468563e-13,0.0,0.0,0.0,0.0,0.0,9.999999999999998e-08,1.1368683772161603e-13,0.0,0.0,0.0,5.9368176107677775e-15,0.0,0.0,1e-07,23:10:00
2025-02-01,140,0.424,451.0710166666667,400.95986666666664,0.0,6000.0,5837.576626089428,5882.676661089428,50.111150000000066,400.95986666666664,0.0,0.0,0.0,191.25411106666667,0.0,191.25411106666667,434.4194458333333,0.0,5,0.0,0.0,1e-07,167.05223481762187,optimal,optimal,optimal,1e-07,0.0,0.0,3.268496584496461e-13,0.0,0.0,0.0,0.0,0.0,9.999999999999998e-08,1.4210854715202004e-13,0.0,0.0,0.0,5.9368176107677775e-15,0.0,0.0,1e-07,23:20:00
2025-02-01,141,0.422,1241.2129166666666,409.945,0.0,6000.0,5882.676661089428,6002.314430403525,132.93085479344063,1108.282061873226,0.0,0.0,0.0,523.7918508333333,0.0,523.7918508333333,432.77833333333325,0.0,4,0.0,0.0,1e-07,121.95219981762148,optimal,optimal,optimal,1e-07,0.0,0.0,2.5268676040468563e-13,0.0,0.0,0.0,0.0,0.0,9.999999999999998e-08,1.7053025658242404e-13,0.0,0.0,0.0,5.9368176107677775e-15,0.0,0.0,1e-07,23:30:00
2025-02-01,142,0.424,754.9792541666667,387.2367,0.0,6000.0,6002.314430403525,6002.314430403525,0.0,754.9792541666667,0.0,0.0,0.0,320.1112037666667,0.0,320.1112037666667,425.6030791666667,0.0,3,0.0,0.0,1e-07,2.3144305035250454,optimal,optimal,optimal,1e-07,0.0,0.0,2.4913404672588513e-13,0.0,0.0,0.0,0.0,0.0,9.999999999999998e-08,2.1760371282653068e-14,0.0,0.0,0.0,5.9368176107677775e-15,0.0,0.0,1e-07,23:40:00
2025-02-01,143,0.4271,492.9333541666667,454.71015,0.0,6000.0,6002.314430403525,6002.314430403525,0.0,492.9333541666667,0.0,0.0,4.6827440880355886e-08,210.53183556458333,1e-07,210.53183566458333,495.0163416666667,0.0,2,0.0,0.0,1e-07,0.0,optimal,optimal,optimal,1e-07,0.0,0.0,0.0,0.0,0.0,0.0,0.0,0.0,9.999999999999998e-08,0.0,0.0,0.0,0.0,5.9368176107677775e-15,0.0,0.0,1e-07,23:50:00
2025-02-01,144,0.4276,609.3387499999999,580.8233333333333,0.0,6000.0,6002.314430403525,6002.314430403525,0.0,609.3387499999999,0.0,0.0,4.677268475210477e-08,260.55324949999994,1e-07,260.55324959999996,605.69125,0.0,1,0.0,0.0,1e-07,0.0,optimal,optimal,optimal,1e-07,0.0,0.0,0.0,0.0,0.0,0.0,0.0,0.0,1e-07,0.0,0.0,0.0,0.0,2.248489181963623e-14,0.0,0.0,1e-07,0:00+1
