date,run_label,soc_start_kwh,soc_end_kwh,soc_min_kwh,soc_max_kwh,plan_cost_00_yuan,predicted_plan_cost_00_yuan,adjustment_cost_total_yuan,actual_emergency_cost_yuan,actual_emergency_purchase_kwh,total_actual_cost_yuan,emergency_slot_count,actual_throughput_kwh,simultaneous_slots,max_constraint_violation
2025-02-01,Q4-2 ANNUAL / AWAITING HUMAN REVIEW,6000.0,6034.342291550441,1808.111786446484,10800.0,18818.519374618605,19831.570771180173,0.0,9.999999999999998e-08,4.9529470034670624e-08,18818.519374718606,0,35600.35493209111,0,1.00000761449337e-07
2025-02-02,Q4-2 ANNUAL / AWAITING HUMAN REVIEW,6034.342291550441,6034.342291450441,1596.6329101851798,10800.0,63875.27761636332,67311.11746561425,0.0,2e-07,8.969924807493548e-08,63875.27761656332,0,38568.09929628364,0,1.0000000472132342e-07
2025-02-03,Q4-2 ANNUAL / AWAITING HUMAN REVIEW,6034.342291450441,6066.423934815227,1626.0696353456767,10800.0,64086.83466623032,65673.63279451412,0.0,1e-07,4.909180166912126e-08,64086.834666330324,0,39294.208564417386,0,1.0002986527979374e-07
2025-02-04,Q4-2 ANNUAL / AWAITING HUMAN REVIEW,6066.423934815227,6066.423934715226,1469.0465092592551,10800.000000000002,61833.55081318242,62726.09187076828,0.0,4005.9647470065584,813.1799735690265,65839.51556018897,16,42292.2948558514,0,1.0000894690165296e-07
2025-02-05,Q4-2 ANNUAL / AWAITING HUMAN REVIEW,6066.423934715226,6088.795483944013,1473.7216231018476,10800.000000000002,62821.53352456275,64137.08340343397,0.0,1047.112524140412,373.49820082151064,63868.64604870316,9,42217.543133572515,0,1.0000030670198612e-07
2025-02-06,Q4-2 ANNUAL / AWAITING HUMAN REVIEW,6088.795483944013,6088.795483844013,1505.0087654320998,10800.0,63152.04129065473,65211.07953248012,0.0,387.2500323567692,56.99022183584623,63539.291323011494,4,41164.91831768071,0,1.0001531336456537e-07
2025-02-07,Q4-2 ANNUAL / AWAITING HUMAN REVIEW,6088.795483844013,6088.795483744013,1308.7245672685167,10800.0,17621.88614091788,18322.31191121475,0.0,55.74342149316558,16.533715464053074,17677.629562411046,1,35668.75146542894,0,1.000043994281441e-07
2025-02-08,Q4-2 ANNUAL / AWAITING HUMAN REVIEW,6088.795483744013,6175.947279935068,1301.3201222222192,10800.0,16915.688987809015,17172.53633350178,0.0,1e-07,5.546311702717693e-08,16915.688987909012,0,34548.836893894855,0,1.0000000116860974e-07
2025-02-09,Q4-2 ANNUAL / AWAITING HUMAN REVIEW,6175.947279935068,6194.631613224631,1311.8446343290086,10800.0,59807.412553420385,60980.524910010776,0.0,1480.0583761369994,438.8089174765758,61287.47092955737,8,42039.1412604192,0,1.000059910438722e-07
2025-02-10,Q4-2 ANNUAL / AWAITING HUMAN REVIEW,6194.631613224631,6176.524209020093,1440.9100211574043,10800.000000000002,58801.88751736983,60069.277828039165,0.0,267.2485489346916,108.13713350773716,59069.13606630453,7,37386.57126477559,0,1.0000803740695119e-07
2025-02-11,Q4-2 ANNUAL / AWAITING HUMAN REVIEW,6176.524209020093,6184.2928786221055,1294.2196554629616,10800.0,57994.57037502306,59116.44775182311,0.0,128.19154583055996,25.739357208086588,58122.76192085362,4,40098.51918642358,0,1.0002258932217956e-07
2025-02-12,Q4-2 ANNUAL / AWAITING HUMAN REVIEW,6184.2928786221055,6188.675594524765,1202.3129433496515,10800.0,56988.73630790715,58040.32799798173,0.0,445.82424147040035,111.86870121849493,57434.56054937755,3,41334.862196013804,0,1.00000761449337e-07
2025-02-13,Q4-2 ANNUAL / AWAITING HUMAN REVIEW,6188.675594524765,6188.675594424765,1511.7684003549373,10800.0,57084.60805325646,58294.02998239859,0.0,101.4843153700955,43.993644045493866,57186.09236862656,3,37366.463627505276,0,1.00000761449337e-07
2025-02-14,Q4-2 ANNUAL / AWAITING HUMAN REVIEW,6188.675594424765,6189.457307259741,1282.593143786188,10800.0,15238.370995034711,15160.436590258036,0.0,573.4772529841758,347.00561339945506,15811.848248018887,8,38926.52494723593,0,1.00000761449337e-07
2025-02-15,Q4-2 ANNUAL / AWAITING HUMAN REVIEW,6189.457307259741,6021.943565843117,1200.0,10800.0,15186.795726406166,14409.884838822536,0.0,1599.8711095883527,680.1060461718705,16786.66683599452,18,38238.38071209602,0,1.0000258043874055e-07
2025-02-16,Q4-2 ANNUAL / AWAITING HUMAN REVIEW,6021.943565843117,5998.81272208242,1200.0,10800.0,53800.829063177625,53968.77885909034,0.0,4481.930038688467,982.455209485589,58282.75910186609,19,41507.813103895634,0,1.0001167538575828e-07
2025-02-17,Q4-2 ANNUAL / AWAITING HUMAN REVIEW,5998.81272208242,6003.195437985645,1209.5091111111115,10799.999999999998,54359.138330330235,53503.89095812685,0.0,172.49576233108786,26.847589737259515,54531.63409266132,1,38980.007066808816,0,1.000000082740371e-07
2025-02-18,Q4-2 ANNUAL / AWAITING HUMAN REVIEW,6003.195437985645,6003.195437885644,1264.1168553308294,10799.999995636195,52706.79533972322,53069.120075222876,0.0,62.400725886865715,23.190755206295204,52769.196065610085,5,39018.25530147995,0,1.000000082740371e-07
2025-02-19,Q4-2 ANNUAL / AWAITING HUMAN REVIEW,6003.195437885644,5851.736893575046,1200.0,10800.0,52499.40663001502,52606.96224181657,0.0,1941.4179885055664,519.8732016182818,54440.82461852059,14,40902.699639169994,0,1.0000462680181954e-07
2025-02-20,Q4-2 ANNUAL / AWAITING HUMAN REVIEW,5851.736893575046,5842.376893433506,1313.2698363879508,10800.0,52878.57133241647,51974.417057318045,0.0,327.44746476765755,102.85230678329941,53206.01879718414,6,38592.5839127066,0,1.0000031363688322e-07
2025-02-21,Q4-2 ANNUAL / AWAITING HUMAN REVIEW,5842.376893433506,5790.91929568468,1495.3005167320177,10795.688298,14926.615471188485,14337.336701118618,0.0,234.69134385072925,129.41388042640062,15161.306815039214,7,37282.15601146743,0,1.0000307071322823e-07
2025-02-22,Q4-2 ANNUAL / AWAITING HUMAN REVIEW,5790.91929568468,5705.888184524276,1264.8678796296272,10602.436456030864,14848.731389221552,14620.412787359399,0.0,748.0703518605936,257.7889781782428,15596.801741082145,10,35146.695367564,0,1.00000761449337e-07
2025-02-23,Q4-2 ANNUAL / AWAITING HUMAN REVIEW,5705.888184524276,5705.888184424275,1319.8606298209863,10800.0,52107.14101791642,52286.88139271782,0.0,68.95625406667274,13.33776685491807,52176.09727198309,1,40879.27610379452,0,1.00000761449337e-07
2025-02-24,Q4-2 ANNUAL / AWAITING HUMAN REVIEW,5705.888184424275,5705.888184324275,1200.0000000000002,10800.000000000002,51273.71855371767,51212.74219883178,0.0,1034.469058428862,192.82578887436253,52308.18761214654,11,38439.23864291189,0,1.0002258932217956e-07
2025-02-25,Q4-2 ANNUAL / AWAITING HUMAN REVIEW,5705.888184324275,5691.246909015418,1235.2781223082247,10800.000000000002,50058.49225499107,50254.682326951006,0.0,261.97722115002955,50.6675009087328,50320.4694761411,2,37586.113312726906,0,1.0000803740695119e-07
2025-02-26,Q4-2 ANNUAL / AWAITING HUMAN REVIEW,5691.246909015418,5688.9654088575735,1284.8178704938275,10787.334556481477,50066.05625427086,49587.25655802669,0.0,605.2227871984188,127.86344131465056,50671.279041469286,5,41817.999137986524,0,1.0000042116066027e-07
2025-02-27,Q4-2 ANNUAL / AWAITING HUMAN REVIEW,5688.9654088575735,5688.965408757574,1200.0,10800.0,48129.39259919425,49635.97699777312,0.0,1614.2001516163073,309.91153785221684,49743.59275081056,5,42722.27262846094,0,1.0000803740695119e-07
2025-02-28,Q4-2 ANNUAL / AWAITING HUMAN REVIEW,5688.965408757574,5688.965408657574,1402.5016185648224,10701.672069182105,14245.427182723643,14307.843460932832,0.0,5.000107636881422e-07,3.2753395130954656e-07,14245.427183223654,0,35060.582382929584,0,1.00000761449337e-07
2025-03-01,Q4-2 ANNUAL / AWAITING HUMAN REVIEW,5688.965408657574,5688.965408557574,1283.5547584814824,10575.0465424321,14389.733870048063,14396.579467234194,0.0,265.60838319584064,81.39754447223294,14655.342253243904,4,33608.73998317834,0,1.0000803740695119e-07
2025-03-02,Q4-2 ANNUAL / AWAITING HUMAN REVIEW,5688.965408557574,5680.994408400247,1200.0000000213674,10800.0,48863.46997946536,48727.068150242936,0.0,15043.5825029978,3502.870392219026,63907.05248246316,16,43188.17729476764,0,1.0000712791224942e-07
2025-03-03,Q4-2 ANNUAL / AWAITING HUMAN REVIEW,5680.994408400247,5646.964537885673,1200.0,10795.670881617287,50357.65180293238,50118.07013437975,0.0,7740.766089553722,1701.464920991129,58098.417892486104,12,42549.55212764617,0,1.0000849215430208e-07
2025-03-04,Q4-2 ANNUAL / AWAITING HUMAN REVIEW,5646.964537885673,5548.635322337096,1525.1832930480725,10800.0,51881.42856135967,50966.50431216115,0.0,2.2999954003722454e-06,5.292014443947535e-07,51881.428563659676,0,38861.41222227539,0,1.0001531336456537e-07
2025-03-05,Q4-2 ANNUAL / AWAITING HUMAN REVIEW,5548.635322337096,5527.2958037238905,1449.2987325722556,10785.306157500001,51684.73764236524,52564.15562372026,0.0,5.000028609066733e-07,2.1630565450315578e-07,51684.73764286524,0,35456.30877257521,0,1.0002986527979374e-07
2025-03-06,Q4-2 ANNUAL / AWAITING HUMAN REVIEW,5527.2958037238905,5436.482515133437,1371.3284119408077,10800.0,51059.0928660618,50538.633178940974,0.0,20.109362312510427,10.170240894035068,51079.20222837431,2,35083.524286289634,0,1.0002258932217956e-07
2025-03-07,Q4-2 ANNUAL / AWAITING HUMAN REVIEW,5436.482515133437,5436.482515033437,1422.6966676492834,10651.373718836556,13888.307642782442,13609.504873402295,0.0,4.150516696450041,1.3603539275747685,13892.45815947889,2,30800.9322440752,0,1.0000258043874055e-07
2025-03-08,Q4-2 ANNUAL / AWAITING HUMAN REVIEW,5436.482515033437,5462.041774190136,1617.0364020740758,10799.45366441975,13703.500918603197,13491.827878222928,0.0,4.0000814607452433e-07,2.484387127908855e-07,13703.500919003205,0,34481.476735330565,0,1.00000761449337e-07
2025-03-09,Q4-2 ANNUAL / AWAITING HUMAN REVIEW,5462.041774190136,5462.041774090136,1476.6661576838083,10800.0,47125.80817752267,48079.84398905628,0.0,1.0001047230842392e-06,3.8809723392591814e-07,47125.80817852277,0,39497.90787059565,0,1.00000761449337e-07
2025-03-10,Q4-2 ANNUAL / AWAITING HUMAN REVIEW,5462.041774090136,5462.041773990137,1278.7211981202513,10799.999999999998,47861.73924031768,47029.38785570045,0.0,380.50301586699095,90.76211452199054,48242.242256184676,2,40985.7112754919,0,1.0000451311498182e-07
2025-03-11,Q4-2 ANNUAL / AWAITING HUMAN REVIEW,5462.041773990137,5462.041773890137,1275.5689547407378,10799.999999999996,47028.3183439625,47164.45309881849,0.0,360.2008996801237,72.52904179052588,47388.51924364263,4,37853.878841489495,0,1.0000040706918808e-07
2025-03-12,Q4-2 ANNUAL / AWAITING HUMAN REVIEW,5462.041773890137,5462.041773790137,1200.0000000000005,10800.000000000002,46101.845470770946,46026.125922802,0.0,496.8346942801825,79.00269018155522,46598.680165051126,3,36138.42335503525,0,1.00000761449337e-07
2025-03-13,Q4-2 ANNUAL / AWAITING HUMAN REVIEW,5462.041773790137,5462.041773690137,1233.193203775384,10800.0,46202.58695193078,45295.50940326232,0.0,2528.712849540493,522.9703621038593,48731.29980147128,10,40177.53941780652,0,1.0001201644627145e-07
2025-03-14,Q4-2 ANNUAL / AWAITING HUMAN REVIEW,5462.041773690137,5462.041773590137,1317.2141898173982,10726.045150204183,12764.643809545121,12642.958494819184,0.0,1.3000156129888753e-06,5.742012468081042e-07,12764.643810845137,0,31429.75492431276,0,1e-07
2025-03-15,Q4-2 ANNUAL / AWAITING HUMAN REVIEW,5462.041773590137,5292.022175187681,1200.0,10569.237389444443,13109.058872535195,12539.226640117351,0.0,879.8241299020863,268.35014755994615,13988.883002437282,9,36535.087882205764,0,1.00000761449337e-07
2025-03-16,Q4-2 ANNUAL / AWAITING HUMAN REVIEW,5292.022175187681,5292.02217508768,1555.9432186369788,10799.999999999998,44182.2903813579,43493.66623004252,0.0,115.03140405157325,26.819588687536616,44297.321785409484,3,40690.050762056155,0,1.0000717054481356e-07
2025-03-17,Q4-2 ANNUAL / AWAITING HUMAN REVIEW,5292.02217508768,5292.02217498768,1393.8462316519867,10787.839870768572,43038.96371053257,45036.56567969796,0.0,1.5000203579576079e-06,5.863065407758523e-07,43038.96371203259,0,35119.69582782949,0,1.0001531336456537e-07
2025-03-18,Q4-2 ANNUAL / AWAITING HUMAN REVIEW,5292.02217498768,5260.26617868457,1200.0,10799.999999999998,42942.04077594447,43817.45278984869,0.0,452.28530363066795,93.28385494511868,43394.32607957514,3,38977.43769196974,0,1.0001531336456537e-07
2025-03-19,Q4-2 ANNUAL / AWAITING HUMAN REVIEW,5260.26617868457,5260.26617858457,1389.1094203195398,10800.0,42160.79994660741,42729.088750024704,0.0,2.2337503928243284e-06,4.995096692229841e-07,42160.79994884116,0,38406.5111712145,0,1.0000009176280855e-07
2025-03-20,Q4-2 ANNUAL / AWAITING HUMAN REVIEW,5260.26617858457,5260.26617848457,1220.1624145708643,10698.767227604765,42565.19468330506,43031.651166604526,0.0,1837.92241931309,418.6564619139153,44403.11710261815,11,38424.94661975807,0,1.0000108051144707e-07
2025-03-21,Q4-2 ANNUAL / AWAITING HUMAN REVIEW,5260.26617848457,5255.017678344311,1200.000000022374,10692.580518866456,12092.084423355933,11944.66774685786,0.0,328.6393819290751,142.50299162491294,12420.723805285008,6,31718.965940552243,0,1.000043994281441e-07
2025-03-22,Q4-2 ANNUAL / AWAITING HUMAN REVIEW,5255.017678344311,5228.218604182295,1502.7656275925842,10618.469243641977,12467.613407749202,12402.48967217025,0.0,225.0355182333485,70.6572219206397,12692.648925982552,3,30450.019830830028,0,1.000043994281441e-07
2025-03-23,Q4-2 ANNUAL / AWAITING HUMAN REVIEW,5228.218604182295,5228.218604082295,1201.7519544027305,10665.132460639279,41011.68850845992,41397.968986216445,0.0,1.8999711745664277e-06,5.671624788050865e-07,41011.6885103599,0,37917.34459821526,0,1.0001531336456537e-07
2025-03-24,Q4-2 ANNUAL / AWAITING HUMAN REVIEW,5228.218604082295,5108.506548566975,1501.4695831791544,10723.838723878916,40911.918570046546,41284.012451288865,0.0,1734.0994684100676,499.7477672584848,42646.01803845662,6,37345.40699741434,0,1.0002258932217956e-07
2025-03-25,Q4-2 ANNUAL / AWAITING HUMAN REVIEW,5108.506548566975,5006.491378026607,1200.0,10701.223830592047,40440.45118489039,40580.70300402382,0.0,2760.5823574860196,558.2102082116087,43201.03354237641,19,38521.9055849194,0,1.0000803740695119e-07
2025-03-26,Q4-2 ANNUAL / AWAITING HUMAN REVIEW,5006.491378026607,5003.528127871981,1392.872250857896,10743.68255838755,39738.776166674725,40006.5713358586,0.0,1.6999947934226373e-06,6.235474446027459e-07,39738.776168374716,0,36580.607764225,0,1.00000761449337e-07
2025-03-27,Q4-2 ANNUAL / AWAITING HUMAN REVIEW,5003.528127871981,5003.528127771981,1401.61650720322,10755.011452472707,39890.54060192309,40703.07980883139,0.0,1321.9309312465562,293.12336206163485,41212.47153316964,6,37142.548632524486,0,1.000006571416634e-07
2025-03-28,Q4-2 ANNUAL / AWAITING HUMAN REVIEW,5003.528127771981,4955.172646391872,1446.6445522913846,10639.40682808538,11824.632227945593,11570.86190426034,0.0,2.199978929048256e-06,1.0397367480230197e-06,11824.632230145573,0,29158.841027372935,0,1.0000258043874055e-07
2025-03-29,Q4-2 ANNUAL / AWAITING HUMAN REVIEW,4955.172646391872,4965.799498139912,1232.3704970925914,10475.569301413581,11979.396350168114,12016.339081662507,0.0,435.99945369164357,136.8764076465009,12415.395803859756,5,29556.165173784404,0,1.00000761449337e-07
2025-03-30,Q4-2 ANNUAL / AWAITING HUMAN REVIEW,4965.799498139912,4959.6944979831505,1534.7721534800849,10800.0,37953.894920503684,38805.429895451874,0.0,789.8106342585993,241.53230423007798,38743.70555476228,1,37292.90986341392,0,1.0000360362028005e-07
2025-03-31,Q4-2 ANNUAL / AWAITING HUMAN REVIEW,4959.6944979831505,4959.694497883151,1364.8437719082424,10750.504788972916,37638.910119136555,37418.67594824015,0.0,3779.973538997419,981.7777897074835,41418.88365813397,11,35368.05021720522,0,1.0000940164900385e-07
2025-04-01,Q4-2 ANNUAL / AWAITING HUMAN REVIEW,4959.694497883151,4959.694497583152,1200.0000000168438,10659.369075489036,39055.67309663133,38036.86887185743,0.0,6076.222173734357,1922.7094435485355,45131.89527036568,25,36586.0897463799,0,1.0000746897276258e-07
2025-04-02,Q4-2 ANNUAL / AWAITING HUMAN REVIEW,4959.694497583152,4959.694497483152,1200.0,10800.0,38255.50692058723,37770.04628457806,0.0,13206.502929303333,2980.4534154741546,51462.00984989056,22,38245.85971119387,0,1.0000508154917043e-07
2025-04-03,Q4-2 ANNUAL / AWAITING HUMAN REVIEW,4959.694497483152,4959.694497383152,1200.0,10647.225829445537,39021.98284625015,38605.159619869664,0.0,2221.681259426553,464.327072466625,41243.664105676704,9,38249.55772105262,0,1.0000157146805577e-07
2025-04-04,Q4-2 ANNUAL / AWAITING HUMAN REVIEW,4959.694497383152,4959.694497283152,1558.418190581639,10708.471700381999,11452.506141742064,11301.622150198356,0.0,1.9999834761375773e-06,1.0399381059353446e-06,11452.506143742048,0,27425.69659101306,0,1.0000035572943488e-07
2025-04-05,Q4-2 ANNUAL / AWAITING HUMAN REVIEW,4959.694497283152,4985.03254161662,1200.0,10607.945959500004,11585.924710091003,11316.171080422373,0.0,203.91248430000837,42.43733037689681,11789.837194391012,2,30336.256040688466,0,1.00000761449337e-07
2025-04-06,Q4-2 ANNUAL / AWAITING HUMAN REVIEW,4985.03254161662,4985.03254151662,1522.5227521941615,10800.0,38763.73920934161,37929.11431057598,0.0,1065.350066682183,306.00009867000284,39829.0892760238,6,36058.804353639076,0,1.0000803740695119e-07
2025-04-07,Q4-2 ANNUAL / AWAITING HUMAN REVIEW,4985.03254151662,4985.032541416619,1389.9942770304342,10693.256991298884,37246.29055861551,37230.43177167384,0.0,619.9276352013133,186.51329671632374,37866.21819381683,3,35131.93948963231,0,1.00000761449337e-07
2025-04-08,Q4-2 ANNUAL / AWAITING HUMAN REVIEW,4985.032541416619,4939.5461098156975,1200.0000000163707,10792.749299826504,37249.145548174216,37688.15921180979,0.0,1180.5728870144312,220.90289820705638,38429.71843518865,9,37900.485225390235,0,1.0000951533584157e-07
2025-04-09,Q4-2 ANNUAL / AWAITING HUMAN REVIEW,4939.5461098156975,4938.454109660141,1230.2872647217623,10799.999999999998,37179.49590015634,36957.1638296585,0.0,8183.2191307086805,2338.9767112666686,45362.715030865016,10,38623.38513283798,0,1.0000803740695119e-07
2025-04-10,Q4-2 ANNUAL / AWAITING HUMAN REVIEW,4938.454109660141,4938.454109560141,1224.5918982196224,10765.371197519762,37478.20194506768,37692.191737329005,0.0,765.0816722975311,144.9175726539368,38243.28361736522,6,37849.01939962529,0,1.0000282202327071e-07
2025-04-11,Q4-2 ANNUAL / AWAITING HUMAN REVIEW,4938.454109560141,4938.454109460141,1244.0252395008406,10545.054688217291,11303.075573735023,10910.731538240143,0.0,1.9999951022470225e-06,1.0947559298599009e-06,11303.075575735018,0,27507.096901913475,0,1.00000761449337e-07
2025-04-12,Q4-2 ANNUAL / AWAITING HUMAN REVIEW,4938.454109460141,4925.554109355004,1381.4604347407426,10595.685453876546,11141.350549495619,11211.293951292764,0.0,123.74447870016627,39.681523072635834,11265.095028195787,2,27324.044208076164,0,1.00000761449337e-07
2025-04-13,Q4-2 ANNUAL / AWAITING HUMAN REVIEW,4925.554109355004,4925.554109255004,1245.1937509075287,10797.833203499997,37087.83311128472,36543.6047948464,0.0,871.1176110263934,173.01019560358125,37958.950722311114,8,36512.16760808884,0,1.00000761449337e-07
2025-04-14,Q4-2 ANNUAL / AWAITING HUMAN REVIEW,4925.554109255004,4925.554109155003,1249.823825471503,10800.0,36451.5403409275,36236.412863200545,0.0,2.7000191450428796e-06,8.887764120645139e-07,36451.54034362752,0,37716.34814118533,0,1.0000004760968295e-07
2025-04-15,Q4-2 ANNUAL / AWAITING HUMAN REVIEW,4925.554109155003,4925.554109055003,1518.4944098498954,10800.0,35789.703926315444,36314.54162805706,0.0,1431.559179729043,405.7975589297382,37221.26310604449,8,34919.81693958887,0,1.0000793793096818e-07
2025-04-16,Q4-2 ANNUAL / AWAITING HUMAN REVIEW,4925.554109055003,4905.720493737061,1574.7809144958069,10800.0,36009.394584055684,35519.40402445048,0.0,2963.061886852592,805.5046959511163,38972.45647090828,9,35426.74334423275,0,1.0002258932217956e-07
2025-04-17,Q4-2 ANNUAL / AWAITING HUMAN REVIEW,4905.720493737061,4905.720493637061,1200.0000000170048,10800.0,35785.99944502485,36163.03887536139,0.0,806.6845539868706,185.10988904109507,36592.683999011715,9,36665.15108243762,0,1.0000803740695119e-07
2025-04-18,Q4-2 ANNUAL / AWAITING HUMAN REVIEW,4905.720493637061,4905.72049353706,1523.047390861146,10713.988242685184,10896.01207903941,10722.86509729307,0.0,2.199978672968437e-06,1.11693334809628e-06,10896.012081239389,0,26578.051380272278,0,1.0000258043874055e-07
2025-04-19,Q4-2 ANNUAL / AWAITING HUMAN REVIEW,4905.72049353706,4878.0280194402085,1704.2824904781096,10799.853165169472,10934.373542803001,10684.671924028098,0.0,1.1999970929928833e-06,6.847553346686883e-07,10934.373544002996,0,28927.98160102821,0,1.0000258043874055e-07
2025-04-20,Q4-2 ANNUAL / AWAITING HUMAN REVIEW,4878.0280194402085,4828.09653790714,1378.690461146891,10677.54609123895,35377.43961554165,35445.70547392142,0.0,108.19325339340747,20.136484592771676,35485.632868935056,3,37346.52070151493,0,1.0000196084547497e-07
2025-04-21,Q4-2 ANNUAL / AWAITING HUMAN REVIEW,4828.09653790714,4828.0965378071405,1344.8115801189556,10717.091189969384,35104.41942710004,35312.754571951526,0.0,2.000021222329621e-06,7.25891746858012e-07,35104.41942910006,0,34681.13350384231,0,1.0001531336456537e-07
2025-04-22,Q4-2 ANNUAL / AWAITING HUMAN REVIEW,4828.0965378071405,4767.853270386233,1621.0540578591758,10800.0,34916.74108328884,34425.61607923586,0.0,1601.7700560549374,461.9573973073744,36518.511139343784,5,35479.91011566984,0,1.0000803740695119e-07
2025-04-23,Q4-2 ANNUAL / AWAITING HUMAN REVIEW,4767.853270386233,4767.853270286233,1620.805926145641,10767.935008038221,35394.385210659115,34871.238553765856,0.0,74.15342991681457,22.830489331601402,35468.538640575935,1,33377.254131232694,0,1.0000036354540498e-07
2025-04-24,Q4-2 ANNUAL / AWAITING HUMAN REVIEW,4767.853270286233,4756.499770145366,1451.7205646635082,10785.412713,34660.77372034699,34322.120600801114,0.0,2.300001218861707e-06,7.798127503883211e-07,34660.77372264699,0,34150.623741569994,0,1.0000069892157625e-07
2025-04-25,Q4-2 ANNUAL / AWAITING HUMAN REVIEW,4756.499770145366,4749.627077494173,1338.8165672655302,10575.319240137902,10290.76021203781,10242.78090014681,0.0,1.5999895358050152e-06,8.940206079306782e-07,10290.760213637797,0,26310.66768757662,0,1.0000258043874055e-07
2025-04-26,Q4-2 ANNUAL / AWAITING HUMAN REVIEW,4749.627077494173,4763.313386939395,1200.0,10402.437919654276,10269.80448600692,9985.080682893911,0.0,1069.7357132094226,309.4039956351534,11339.540199216342,10,26417.851027145538,0,1.0000258043874055e-07
2025-04-27,Q4-2 ANNUAL / AWAITING HUMAN REVIEW,4763.313386939395,4729.231905407384,1201.4462626098957,10775.63613632594,32533.15083698176,32773.748738909344,0.0,5432.10297009381,1272.0553865635213,37965.25380707557,18,35530.55231829654,0,1.0000803740695119e-07
2025-04-28,Q4-2 ANNUAL / AWAITING HUMAN REVIEW,4729.231905407384,4729.231905307383,1309.9541580524394,10505.73073192979,33716.68457037702,32927.379618910476,0.0,15776.537100400645,5185.352586097466,49493.22167077767,25,36761.81002593996,0,1.0000894690165296e-07
2025-04-29,Q4-2 ANNUAL / AWAITING HUMAN REVIEW,4729.231905307383,4729.2319052073835,1202.2985727825808,10619.822802922703,33047.82947724462,33312.39927720349,0.0,3901.979370363906,996.5227707293102,36949.808847608525,14,32008.350906255044,0,1.0001247119362233e-07
2025-04-30,Q4-2 ANNUAL / AWAITING HUMAN REVIEW,4729.2319052073835,4670.768858860756,1256.426070247448,10800.0,33385.64812283999,33855.02822812574,0.0,1.3999962782360401e-06,4.5747424298084733e-07,33385.64812423999,0,32669.8445726427,0,1.0000803740695119e-07
2025-05-01,Q4-2 ANNUAL / AWAITING HUMAN REVIEW,4670.768858860756,3953.7421002420165,1200.0000000163323,10579.83398901214,34064.530338255034,33409.01301538742,0.0,10763.517249343124,1814.3113544314238,44828.047587598165,16,36072.12729207381,0,1.00000761449337e-07
2025-05-02,Q4-2 ANNUAL / AWAITING HUMAN REVIEW,3953.7421002420165,3455.485326678502,1200.0,10378.618758285795,10656.531294362887,9991.704873423327,0.0,10827.840028430845,2484.126596897372,21484.37132279373,25,26948.13426789903,0,1.0000033852788661e-07
2025-05-03,Q4-2 ANNUAL / AWAITING HUMAN REVIEW,3455.485326678502,3252.844273713433,1199.9999999999998,10363.732581583528,10552.376261633412,10262.178259060809,0.0,9199.162004861655,2053.805080259823,19751.538266495067,18,25972.473926844825,0,1.0000138672694447e-07
2025-05-04,Q4-2 ANNUAL / AWAITING HUMAN REVIEW,3252.844273713433,2949.7541353660217,1200.0000000169375,10669.950968999998,34942.112333090365,33664.221083795215,0.0,9931.145252007449,1714.569654751251,44873.25758509781,13,32360.28322269038,0,1.0002258932217956e-07
2025-05-05,Q4-2 ANNUAL / AWAITING HUMAN REVIEW,2949.7541353660217,2598.4095300441027,1200.0000000165057,10751.467548819335,35248.438653009645,34393.744492190686,0.0,10180.263470808211,1699.1357285687188,45428.70212381786,16,37329.8006177799,0,1.0000030670198612e-07
2025-05-06,Q4-2 ANNUAL / AWAITING HUMAN REVIEW,2598.4095300441027,2134.556694235098,1200.0000000166438,10665.7882725,35720.1157004995,34447.08241183584,0.0,9260.9869544542,1595.3351213307935,44981.1026549537,17,37473.11699928258,0,3.710986788973969e-07
2025-05-07,Q4-2 ANNUAL / AWAITING HUMAN REVIEW,2134.556694235098,2025.791593775678,1200.0000000162067,10685.987609878313,36164.79699224266,35042.066202724,0.0,16333.190940444856,3111.9394397127544,52497.98793268751,41,33761.83196242627,0,1.0000053407566156e-07
2025-05-08,Q4-2 ANNUAL / AWAITING HUMAN REVIEW,2025.791593775678,1989.3917012237107,1200.0000000169787,10710.011658268544,37069.824866517985,36074.77506745956,0.0,6246.527389318666,1475.2337152439447,43316.35225583665,20,35279.32671588793,0,1.00000761449337e-07
2025-05-09,Q4-2 ANNUAL / AWAITING HUMAN REVIEW,1989.3917012237107,1989.3917011237106,1200.0,10374.097236522863,11734.891260198892,11293.107983172224,0.0,3735.0787257279762,804.9893564800038,15469.969985926868,15,27079.76237421749,0,1.0000621841754764e-07
2025-05-10,Q4-2 ANNUAL / AWAITING HUMAN REVIEW,1989.3917011237106,1829.863045435451,1200.0,10503.232866833332,12009.37473235578,11385.018599840158,0.0,3365.95432440842,769.0864807142249,15375.329056764196,12,27814.018127779655,0,1.0000258043874055e-07
2025-05-11,Q4-2 ANNUAL / AWAITING HUMAN REVIEW,1829.863045435451,1690.3273974745996,1200.0000000161358,10666.06004103859,37454.14236318317,36630.33506835015,0.0,5231.682517091723,929.3404650877698,42685.8248802749,13,33449.070674734336,0,1.00000761449337e-07
2025-05-12,Q4-2 ANNUAL / AWAITING HUMAN REVIEW,1690.3273974745996,1690.3273973745995,1200.0000000165617,10706.341430263134,38034.581875456744,37401.4221803886,0.0,4332.535362623049,709.3399144980677,42367.11723807981,9,29653.25599228708,0,1.00000761449337e-07
2025-05-13,Q4-2 ANNUAL / AWAITING HUMAN REVIEW,1690.3273973745995,1690.3273972745997,1200.0000000164719,10800.0,37433.82535649922,36589.10379739139,0.0,2275.0279651056057,370.171016014865,39708.85332160482,8,34297.58105986718,0,1.0000016459343897e-07
2025-05-14,Q4-2 ANNUAL / AWAITING HUMAN REVIEW,1690.3273972745997,1690.3273971745998,1200.000000015892,10799.999999999998,36942.547687862476,36775.22709408554,0.0,1779.1053490811396,323.68509032105896,38721.65303694361,16,32940.59211661805,0,1.0001531336456537e-07
2025-05-15,Q4-2 ANNUAL / AWAITING HUMAN REVIEW,1690.3273971745998,1716.8957231458721,1690.3273971745998,10781.54802848403,38146.02677513899,37988.06484363048,0.0,3972.894201707949,962.3522740306615,42118.920976846945,13,32280.74561747205,0,1.0001502914747107e-07
2025-05-16,Q4-2 ANNUAL / AWAITING HUMAN REVIEW,1716.8957231458721,1629.3253882296674,1361.6231383567772,10586.975929574075,12011.350476905394,12134.365625249626,0.0,1.4999855091611608e-06,8.902081016075313e-07,12011.35047840538,0,23895.869416513226,0,1.0000000000000002e-07
2025-05-17,Q4-2 ANNUAL / AWAITING HUMAN REVIEW,1629.3253882296674,1605.8631475688162,1200.0,10366.89429686914,12173.688447410095,12257.515954936265,0.0,1865.3188714680045,424.3990237298089,14039.007318878099,8,24351.783462913758,0,1.0000258043874055e-07
2025-05-18,Q4-2 ANNUAL / AWAITING HUMAN REVIEW,1605.8631475688162,1829.6085854718979,1605.8631475688162,10800.0,37532.62069145371,37682.91628760635,0.0,2.2999923933625503e-06,6.912862525526033e-07,37532.620693753706,0,32603.178820092522,0,1.0000803740695119e-07
2025-05-19,Q4-2 ANNUAL / AWAITING HUMAN REVIEW,1829.6085854718979,1812.9687706056452,1586.853534719848,10800.0,37019.56007274894,37350.70560546657,0.0,550.8294622333367,79.23650045880304,37570.38953498227,2,31081.553477455476,0,1.0001531336456537e-07
2025-05-20,Q4-2 ANNUAL / AWAITING HUMAN REVIEW,1812.9687706056452,1797.5467149966355,1340.9595679886447,10800.0,36446.121856658916,36686.9381263901,0.0,1760.4315895989025,492.870577264961,38206.55344625782,5,32826.7027440427,0,1.000057068267779e-07
2025-05-21,Q4-2 ANNUAL / AWAITING HUMAN REVIEW,1797.5467149966355,1701.1440205399497,1311.201783513296,10536.313166714963,37193.26134923508,36851.463774457,0.0,3643.136719818195,967.2639141579606,40836.39806905328,13,29707.374663478782,0,1.0000246675190283e-07
2025-05-22,Q4-2 ANNUAL / AWAITING HUMAN REVIEW,1701.1440205399497,1701.14402043995,1250.8450352544478,10800.0,36631.75406146826,36853.37177542828,0.0,1430.91124057515,283.7986797048549,38062.6653020434,8,31919.33523499457,0,1.0000803740695119e-07
2025-05-23,Q4-2 ANNUAL / AWAITING HUMAN REVIEW,1701.14402043995,1701.14402033995,1227.2940080658263,10368.188883134924,11738.005814853703,11733.65856217466,0.0,481.46450250810847,113.36436916700781,12219.47031736181,5,23094.5302829028,0,1.0000258043874055e-07
2025-05-24,Q4-2 ANNUAL / AWAITING HUMAN REVIEW,1701.14402033995,1700.9315759367037,1693.300826026295,10690.13995673456,12250.974950256243,12123.399573429619,0.0,1.8999654258760348e-06,1.0622233819552172e-06,12250.974952156208,0,22947.48356061372,0,1.00000761449337e-07
2025-05-25,Q4-2 ANNUAL / AWAITING HUMAN REVIEW,1700.9315759367037,1700.9315758367038,1545.5343965344446,10800.0,36733.67768223017,36745.23433693453,0.0,1.6999956417283808e-06,4.918250115575328e-07,36733.67768393016,0,29941.31566382282,0,1.0000095915074781e-07
2025-05-26,Q4-2 ANNUAL / AWAITING HUMAN REVIEW,1700.9315758367038,1700.9315757367037,1489.6897528216257,10727.762293425103,35889.86744654685,35843.82958397908,0.0,2017.3919598356201,809.6199494246214,37907.25940638247,3,34145.840841916535,0,1.0001531336456537e-07
2025-05-27,Q4-2 ANNUAL / AWAITING HUMAN REVIEW,1700.9315757367037,1689.0458349420892,1574.9994353685038,10800.0,36466.34829509872,36138.19335613145,0.0,1.500022076442078e-06,5.410698165247896e-07,36466.34829659875,0,30336.26299021102,0,1.0000803740695119e-07
2025-05-28,Q4-2 ANNUAL / AWAITING HUMAN REVIEW,1689.0458349420892,1689.0458348420893,1505.8020793888875,10675.4627685,36804.687676707515,36115.39949663214,0.0,8.000004484871425e-07,3.6653604863294204e-07,36804.68767750752,0,32895.67320769392,0,1.0002258932217956e-07
2025-05-29,Q4-2 ANNUAL / AWAITING HUMAN REVIEW,1689.0458348420893,1689.0458347420893,1200.0000000165046,10614.674178687297,36165.85115746518,35721.392560720284,0.0,3986.207485661944,747.7551749418801,40152.05864312712,20,33458.976140436105,0,1.0001531336456537e-07
2025-05-30,Q4-2 ANNUAL / AWAITING HUMAN REVIEW,1689.0458347420893,1689.0458346420892,1294.6891210503932,10316.776878115033,11790.020228695961,11537.02139978866,0.0,1722.5541328152167,528.4188640496087,13512.574361511179,11,23751.441872826275,0,1.00000761449337e-07
2025-05-31,Q4-2 ANNUAL / AWAITING HUMAN REVIEW,1689.0458346420892,1531.39008458737,1351.5156264547945,10666.736493839508,11669.267220382564,12032.087661648175,0.0,1.1999932969466256e-06,6.67376924680739e-07,11669.267221582559,0,24185.402682818974,0,1.0000000000000002e-07
2025-06-01,Q4-2 ANNUAL / AWAITING HUMAN REVIEW,1531.39008458737,1200.0000000451578,1200.0,10360.894969992332,40757.718240411545,36995.74254215093,0.0,59166.41888327391,13988.073496686211,99924.13712368548,69,40078.77767713263,0,1.0001974715123652e-07
2025-06-02,Q4-2 ANNUAL / AWAITING HUMAN REVIEW,1200.0000000451578,1200.0,1200.0,10344.510321083231,41402.33803482738,37906.60346291402,0.0,49760.228257717536,10087.865277372446,91162.5662925449,60,38446.347689747694,0,1.0000621841754764e-07
2025-06-03,Q4-2 ANNUAL / AWAITING HUMAN REVIEW,1200.0,1200.0,1200.0,10309.703211258324,43081.09549670867,39230.73525904829,0.0,33418.27336507056,6910.903944479877,76499.36886177924,66,37269.09527556418,0,1.0000735528592486e-07
2025-06-04,Q4-2 ANNUAL / AWAITING HUMAN REVIEW,1200.0,1200.0,1199.9999999999998,10334.057216664747,44399.8260593905,40449.168030443776,0.0,31687.812727547902,7048.685257983731,76087.6387869384,64,38445.30535699776,0,1.000108511561848e-07
2025-06-05,Q4-2 ANNUAL / AWAITING HUMAN REVIEW,1200.0,1200.0,1200.0,10309.978161516523,45846.08602063624,41387.038970661204,0.0,38678.43286591758,8178.081158471161,84524.51888655382,70,38587.871102981975,0,1.0000803740695119e-07
2025-06-06,Q4-2 ANNUAL / AWAITING HUMAN REVIEW,1200.0,1200.0,1200.0,10231.621214660056,13833.822019750405,12344.464899873201,0.0,27157.99315912783,7093.935732417203,40991.815178878234,72,25340.424274061552,0,1.000075826596003e-07
2025-06-07,Q4-2 ANNUAL / AWAITING HUMAN REVIEW,1200.0,1200.0000000448117,1200.0,10239.000385058282,14371.181506557972,12725.697163345343,0.0,20071.46537730133,5163.3838406620325,34442.6468838593,65,26437.147014489005,0,1.0000269412557827e-07
2025-06-08,Q4-2 ANNUAL / AWAITING HUMAN REVIEW,1200.0000000448117,1200.0,1199.9999999999998,10800.0,51072.94724610561,49076.28154786459,0.0,10750.185524569657,2247.49095204315,61823.132770675256,43,29283.25176694416,0,1.0000007932831068e-07
2025-06-09,Q4-2 ANNUAL / AWAITING HUMAN REVIEW,1200.0,1200.0,1199.9999999999998,10697.718797598773,51115.6725314715,47944.861511731106,0.0,16234.504384465417,2962.4099060293834,67350.1769159369,45,36118.893232682225,0,1.00000761449337e-07
2025-06-10,Q4-2 ANNUAL / AWAITING HUMAN REVIEW,1200.0,1200.0,1200.0,10800.0,52567.76623505825,49102.833365060666,0.0,8905.08415983605,1743.515302194656,61472.85039489429,36,38224.93080031542,0,1.0000098882301245e-07
2025-06-11,Q4-2 ANNUAL / AWAITING HUMAN REVIEW,1200.0,1200.0,1200.0,10670.718789776936,52664.41232629403,50113.58798888487,0.0,20573.346457469783,3999.5462086978428,73237.75878376381,54,42653.53536030955,0,1.0001099326473195e-07
2025-06-12,Q4-2 ANNUAL / AWAITING HUMAN REVIEW,1200.0,1200.0000000157415,1200.0,10793.360340660984,53285.911447415754,51112.99617399169,0.0,6263.748512580368,1112.8076479343176,59549.659959996134,32,40249.6944341307,0,1.000046836452384e-07
2025-06-13,Q4-2 ANNUAL / AWAITING HUMAN REVIEW,1200.0000000157415,1200.0,1200.0,10172.135592361576,16370.831701132956,15853.15672275141,0.0,8963.952548067855,2052.6018352547185,25334.784249200806,38,22958.99052039339,0,1.0000007932831068e-07
2025-06-14,Q4-2 ANNUAL / AWAITING HUMAN REVIEW,1200.0,1247.0037037934144,1200.0,10166.191640944186,17400.04541752401,15891.67591972606,0.0,7600.158867096008,1800.1953481257067,25000.204284620013,31,24923.4312901619,0,1.000046836452384e-07
2025-06-15,Q4-2 ANNUAL / AWAITING HUMAN REVIEW,1247.0037037934144,1548.1568890858425,1247.0037037934144,10800.000000000002,57654.58413756273,57156.201960430546,0.0,2.399981174803758e-06,5.901552580309588e-07,57654.58413996271,0,33815.20789273526,0,1.0002258932217956e-07
2025-06-16,Q4-2 ANNUAL / AWAITING HUMAN REVIEW,1548.1568890858425,1679.9821539944098,1548.1568890858425,10800.000000000002,57688.15812246876,57027.68976628826,0.0,2.4000033757533307e-06,5.553455673022464e-07,57688.15812486876,0,36836.2415395114,0,1.0002258932217956e-07
2025-06-17,Q4-2 ANNUAL / AWAITING HUMAN REVIEW,1679.9821539944098,1679.9821538944097,1238.4957908849306,10652.84103175926,56809.9106593491,55940.996509842225,0.0,1682.6884505866924,353.2909125183709,58492.5991099358,8,40408.553574065314,0,1.00000761449337e-07
2025-06-18,Q4-2 ANNUAL / AWAITING HUMAN REVIEW,1679.9821538944097,1687.5534500927395,1679.9821538944097,10800.0,57745.037466222064,57137.10641028628,0.0,2.0000166882576168e-07,8.08909310156264e-08,57745.03746642206,0,32731.710621242215,0,1.0000058377475055e-07
2025-06-19,Q4-2 ANNUAL / AWAITING HUMAN REVIEW,1687.5534500927395,1784.463837165857,1687.5534500927395,10800.0,56174.360027182614,56823.68853052572,0.0,430.7709248500337,62.67270735122733,56605.130952032654,2,35133.294511165324,0,1.0000803740695119e-07
2025-06-20,Q4-2 ANNUAL / AWAITING HUMAN REVIEW,1784.463837165857,1950.8467846235599,1274.899463091361,10538.771697474225,18490.317724913955,18532.548299527654,0.0,1.299980082223991e-06,5.239534483773773e-07,18490.317726213932,0,22726.952360630945,0,1.0000028964896046e-07
2025-06-21,Q4-2 ANNUAL / AWAITING HUMAN REVIEW,1950.8467846235599,2027.9199326719418,1950.8467846235599,10800.0,18637.3571506999,19014.4935616163,0.0,6.999961987530233e-07,3.4578586611094524e-07,18637.357151399894,0,23849.609110274003,0,1.0000000000000002e-07
2025-06-22,Q4-2 ANNUAL / AWAITING HUMAN REVIEW,2027.9199326719418,2027.9199325719417,1735.295909543505,10800.0,54619.37631971635,54105.07065857234,0.0,16.69666543337099,2.396192130356411,54636.07298514972,1,32992.068968416315,0,1.0001531336456537e-07
2025-06-23,Q4-2 ANNUAL / AWAITING HUMAN REVIEW,2027.9199325719417,2027.9199324719414,1921.5302886269592,10800.0,52941.5849742977,53872.48167177265,0.0,1.5000024520675412e-06,4.720223386338979e-07,52941.5849757977,0,36042.89112755113,0,1.0000050104963522e-07
2025-06-24,Q4-2 ANNUAL / AWAITING HUMAN REVIEW,2027.9199324719414,2027.9199323719413,1200.0,10788.233698999997,53543.86858464767,52492.31283442901,0.0,23185.740069344884,4915.696560462861,76729.60865399256,40,40021.17608105178,0,1.0000167094403878e-07
2025-06-25,Q4-2 ANNUAL / AWAITING HUMAN REVIEW,2027.9199323719413,2027.9199322719412,1762.5673453628174,10800.0,53672.45311504133,54095.52120303101,0.0,2.4999754814131726e-06,6.474552261729073e-07,53672.453117541314,0,37181.36631953584,0,1.000008069240721e-07
2025-06-26,Q4-2 ANNUAL / AWAITING HUMAN REVIEW,2027.9199322719412,2027.919932171941,1636.0920828518506,10800.0,53397.569257606825,54435.0333121059,0.0,146.29661147499414,20.86242357790421,53543.86586908182,2,37818.57370546911,0,1.0000157964458935e-07
2025-06-27,Q4-2 ANNUAL / AWAITING HUMAN REVIEW,2027.919932171941,2027.9199320719408,1604.633354201194,10465.564357201954,17205.57163927763,17516.853082521873,0.0,1.2999716119870173e-06,5.084439171798118e-07,17205.571640577604,0,22761.10071332968,0,1.00000761449337e-07
2025-06-28,Q4-2 ANNUAL / AWAITING HUMAN REVIEW,2027.9199320719408,1959.5606727201566,1620.1876303126814,10450.479947214479,17751.46708434805,17909.26456084304,0.0,528.7920877810645,161.42882533533134,18280.259172129117,3,25215.296661772005,0,1.0000400152421207e-07
2025-06-29,Q4-2 ANNUAL / AWAITING HUMAN REVIEW,1959.5606727201566,1959.5606726201568,1692.9812438766116,10800.0,54533.17710820562,53958.750240526,0.0,3.000018629330649e-06,7.523739265292129e-07,54533.17711120564,0,34327.05727323833,0,1.0000113832120406e-07
2025-06-30,Q4-2 ANNUAL / AWAITING HUMAN REVIEW,1959.5606726201568,1791.9038577853257,1791.9038577853257,10800.0,52945.54143328767,53226.983102225866,0.0,329.9254964333372,46.4944674824299,53275.46692972101,2,36453.85851017476,0,1.00000761449337e-07
2025-07-01,Q4-2 ANNUAL / AWAITING HUMAN REVIEW,1791.9038577853257,1200.0000000416248,1200.000000012829,10191.408712641698,57743.657585236266,53942.04954907519,0.0,25193.615794166013,4262.311925539126,82937.27337940228,49,39446.04502207154,0,1.0000485417549498e-07
2025-07-02,Q4-2 ANNUAL / AWAITING HUMAN REVIEW,1200.0000000416248,1200.0000000000002,1200.0,10375.07215924333,56869.84684109685,52419.56324501525,0.0,23326.533939428948,4141.325229093427,80196.3807805258,46,33061.52463073019,0,1.0000485417549498e-07
2025-07-03,Q4-2 ANNUAL / AWAITING HUMAN REVIEW,1200.0000000000002,1200.0,1200.0,10150.520682767912,56860.75254231381,50945.290465793456,0.0,41127.927983988084,8110.332292781233,97988.68052630188,72,39864.4638896121,0,1.0002986527979374e-07
2025-07-04,Q4-2 ANNUAL / AWAITING HUMAN REVIEW,1200.0,1200.0000000141747,1200.0,10209.069817883603,18958.43441872254,16579.779416693313,0.0,31258.63085804936,7916.9026203982985,50217.0652767719,73,22046.292646490787,0,1.00000761449337e-07
2025-07-05,Q4-2 ANNUAL / AWAITING HUMAN REVIEW,1200.0000000141747,1200.0000000419207,1200.0,10133.620373319358,18619.477581219733,16609.669811808828,0.0,33513.14799348739,8654.41921009023,52132.625574707126,74,24895.953044025657,0,1.00000761449337e-07
2025-07-06,Q4-2 ANNUAL / AWAITING HUMAN REVIEW,1200.0000000419207,1200.0,1200.0,10100.355487644405,52548.77799936007,47589.959480440375,0.0,66495.76887143527,13264.441508751424,119044.54687079534,84,38577.625522208604,0,1.0001531336456537e-07
2025-07-07,Q4-2 ANNUAL / AWAITING HUMAN REVIEW,1200.0,1200.0,1199.9999999999998,10100.29332145161,52403.4382934594,47505.5108123217,0.0,31090.47531912438,6026.029356874136,83493.91361258378,68,35506.67643996967,0,1.0000155725720106e-07
2025-07-08,Q4-2 ANNUAL / AWAITING HUMAN REVIEW,1200.0,1200.0,1200.0,10035.219194670959,58891.23512162619,56982.86524474097,0.0,20888.69990373862,3747.163449264667,79779.9350253648,53,36750.21188511154,0,1.0000803740695119e-07
2025-07-09,Q4-2 ANNUAL / AWAITING HUMAN REVIEW,1200.0,1200.0,1200.0,10198.941543992374,57811.559401335406,55271.0201876443,0.0,12113.722339975438,2125.595005722455,69925.28174131084,36,34523.17356406132,0,1.0000212569138967e-07
2025-07-10,Q4-2 ANNUAL / AWAITING HUMAN REVIEW,1200.0,1200.0000000126415,1200.0,10162.695453386583,58637.31564042745,56161.052095600404,0.0,12620.078435217722,2084.2150383405224,71257.39407564518,31,36620.03872332674,0,1.0001531336456537e-07
2025-07-11,Q4-2 ANNUAL / AWAITING HUMAN REVIEW,1200.0000000126415,1200.0000000421835,1200.0,9989.996891824156,22938.301875472476,21405.881195233,0.0,13106.616275875786,3252.0428336720206,36044.91815134826,56,23039.105699406864,0,1.00000761449337e-07
2025-07-12,Q4-2 ANNUAL / AWAITING HUMAN REVIEW,1200.0000000421835,1200.000000039096,1199.9999999999998,9971.849026670208,22554.880223169235,21306.664281797108,0.0,13886.795580214071,3387.1584815021597,36441.6758033833,62,24169.377644338318,0,1.0000547945310245e-07
2025-07-13,Q4-2 ANNUAL / AWAITING HUMAN REVIEW,1200.000000039096,1200.0,1200.0,10497.191395476288,57024.04459032886,56647.034716491595,0.0,8145.022076788975,1262.925461234429,65169.066667117826,27,33475.90913993251,0,1.0000030670198612e-07
2025-07-14,Q4-2 ANNUAL / AWAITING HUMAN REVIEW,1200.0,1200.0,1200.0,9988.482135951288,56676.30202506907,54812.91846249792,0.0,13400.605599257779,1935.2718923402947,70076.90762432685,37,33718.277178332384,0,1.0000323413805745e-07
2025-07-15,Q4-2 ANNUAL / AWAITING HUMAN REVIEW,1200.0,1403.9182223123005,1200.0,10796.576249980031,63231.09780258934,63528.7791481785,0.0,204.60169962241312,25.036919125378724,63435.699502211755,1,32719.985332834593,0,1.0000007932831068e-07
2025-07-16,Q4-2 ANNUAL / AWAITING HUMAN REVIEW,1403.9182223123005,1461.0256593412248,1403.9182223123005,10799.999999999998,63288.12868186693,63014.21614984558,0.0,185.99934877916755,22.125658809380973,63474.128030646105,1,32367.35063461978,0,1.0000000000000002e-07
2025-07-17,Q4-2 ANNUAL / AWAITING HUMAN REVIEW,1461.0256593412248,1461.0256592412247,1371.4357202611495,10752.925749779368,62423.84547468646,63072.46835373106,0.0,1831.2281018562517,345.8306732916304,64255.07357654272,6,36924.81631169625,0,1.0002986527979374e-07
2025-07-18,Q4-2 ANNUAL / AWAITING HUMAN REVIEW,1461.0256592412247,1585.6734840174067,1461.0256592412247,10286.158108000174,25764.27720051058,26454.088221152364,0.0,321.01650636691875,95.14079864450181,26085.2937068775,3,21507.236008452164,0,1.0000803740695119e-07
2025-07-19,Q4-2 ANNUAL / AWAITING HUMAN REVIEW,1585.6734840174067,1520.7198666737852,1210.6915653291865,10185.423696810667,25894.659379606812,25902.54273662191,0.0,284.44744680123625,79.19648527707568,26179.10682640805,5,23136.335494853778,0,1.0000134409438033e-07
2025-07-20,Q4-2 ANNUAL / AWAITING HUMAN REVIEW,1520.7198666737852,1791.572487029929,1520.7198666737852,10785.466524771187,62421.659410110544,62670.579694676926,0.0,1.4999748990111784e-06,3.4219692777397784e-07,62421.659411610526,0,33301.708725630924,0,1.0002258932217956e-07
2025-07-21,Q4-2 ANNUAL / AWAITING HUMAN REVIEW,1791.572487029929,2041.5428296694936,1791.572487029929,10800.0,64004.157449589045,63206.91513328774,0.0,1.8000286002571398e-06,4.0675393097432996e-07,64004.15745138907,0,34217.090410689016,0,1.0000481427141494e-07
2025-07-22,Q4-2 ANNUAL / AWAITING HUMAN REVIEW,2041.5428296694936,2041.5428295694937,1850.5624185591391,10800.000000000002,63466.22653178359,63531.777627083095,0.0,2.000008009878461e-06,4.7480304189248787e-07,63466.2265337836,0,34870.99388414786,0,1.0000134352594615e-07
2025-07-23,Q4-2 ANNUAL / AWAITING HUMAN REVIEW,2041.5428295694937,2041.5428294694937,1462.8860451793275,10763.951311499999,63438.59130749679,63812.109525371256,0.0,1.4999962281031304e-06,3.350753115976998e-07,63438.591308996794,0,35417.05773583505,0,1.0000054771808209e-07
2025-07-24,Q4-2 ANNUAL / AWAITING HUMAN REVIEW,2041.5428294694937,2041.5428293694936,1601.0629016450234,10791.846,62900.488001538935,62773.8869660957,0.0,2.300026623167213e-06,5.303665727213814e-07,62900.48800383896,0,34012.66315334196,0,1.0001531336456537e-07
2025-07-25,Q4-2 ANNUAL / AWAITING HUMAN REVIEW,2041.5428293694936,2041.5428292694937,1610.693476443722,10549.957317142549,25588.30905954115,25735.558260459668,0.0,1.099996569214105e-06,4.218485668996423e-07,25588.309060641142,0,23256.691802513044,0,1.0000000000000002e-07
2025-07-26,Q4-2 ANNUAL / AWAITING HUMAN REVIEW,2041.5428292694937,2054.1252365766077,1518.0961054517281,10640.539076540794,26221.05290463006,26022.839813328468,0.0,6.999847456361084e-07,2.8335548164543565e-07,26221.05290533005,0,24762.6709415082,0,1.0000803740695119e-07
2025-07-27,Q4-2 ANNUAL / AWAITING HUMAN REVIEW,2054.1252365766077,2054.1252364766074,1200.0,10800.0,62521.330647177754,61647.598876665885,0.0,2075.2533891495896,380.7926201816637,64596.584036327346,3,38821.72293103292,0,1.000046456738346e-07
2025-07-28,Q4-2 ANNUAL / AWAITING HUMAN REVIEW,2054.1252364766074,2054.1252363766075,1720.0618299099442,10782.013232000001,63495.230720927604,63207.722334933715,0.0,461.0701774390557,74.70398324639741,63956.30089836666,2,37628.365592459726,0,1.0000181282521227e-07
2025-07-29,Q4-2 ANNUAL / AWAITING HUMAN REVIEW,2054.1252363766075,2054.1252362766077,1724.9020636600435,10800.000000000002,63817.061042835616,63314.98192043029,0.0,19.39980064999839,2.2175004101260343,63836.460843485605,1,36002.52257569882,0,1.0000078759730968e-07
2025-07-30,Q4-2 ANNUAL / AWAITING HUMAN REVIEW,2054.1252362766077,2061.48288031597,2054.1252362766077,10800.0,65116.143493838295,64327.3287566923,0.0,1.9000355131183474e-06,4.37226591207907e-07,65116.14349573833,0,34562.97855272833,0,1.0002258932217956e-07
2025-07-31,Q4-2 ANNUAL / AWAITING HUMAN REVIEW,2061.48288031597,2061.48288021597,1467.2447010519882,10800.0,63615.51340832903,63651.09365804853,0.0,2.0000130378719477e-06,4.758888225626678e-07,63615.51341032905,0,36864.82544760717,0,1.0001531336456537e-07
2025-08-01,Q4-2 ANNUAL / AWAITING HUMAN REVIEW,2061.48288021597,2061.48288011597,1385.1331004011552,10800.0,25262.074512214072,25110.395433674028,0.0,1.7999887243281256e-06,6.854545400665559e-07,25262.07451401406,0,23559.6852621835,0,1.0000056295211834e-07
2025-08-02,Q4-2 ANNUAL / AWAITING HUMAN REVIEW,2061.48288011597,2035.9958429769226,1724.5448008333346,10782.226437777777,25165.027648536972,25481.03933005302,0.0,5.999990733553285e-07,2.600432277561427e-07,25165.02764913697,0,25765.837280226697,0,1.0000000000000002e-07
2025-08-03,Q4-2 ANNUAL / AWAITING HUMAN REVIEW,2035.9958429769226,2035.9958428769226,1541.3422981613191,10800.0,58900.32416717801,60384.959691939206,0.0,484.617959150831,58.13837367624178,59384.94212632885,3,31762.19517564354,0,1.0000158408729476e-07
2025-08-04,Q4-2 ANNUAL / AWAITING HUMAN REVIEW,2035.9958428769226,2033.5263983706868,1949.919313019493,10800.0,57898.28820057544,59327.03397476014,0.0,1.3000166074460662e-06,2.8942494786274536e-07,57898.28820187546,0,31124.426796976775,0,1.0000120460063044e-07
2025-08-05,Q4-2 ANNUAL / AWAITING HUMAN REVIEW,2033.5263983706868,2033.526398270687,1335.7558273121967,10800.0,57255.18133008772,58122.559583131195,0.0,1.5999981093012083e-06,3.9693487261343427e-07,57255.18133168772,0,33581.08842410031,0,1.0001531336456537e-07
2025-08-06,Q4-2 ANNUAL / AWAITING HUMAN REVIEW,2033.526398270687,2005.321768579384,1646.62256904389,10793.571316499996,57002.02249281525,57312.82141021668,0.0,9037.200551415608,2071.8156613620345,66039.22304423086,11,32317.10601935361,0,1.0000086535910668e-07
2025-08-07,Q4-2 ANNUAL / AWAITING HUMAN REVIEW,2005.321768579384,2005.3217684793842,1474.4833877191181,10799.999999999998,55966.06527811002,56955.279317846216,0.0,21.96677701166568,2.5217287873316003,55988.0320551217,1,32827.535816495496,0,1.0000098058071673e-07
2025-08-08,Q4-2 ANNUAL / AWAITING HUMAN REVIEW,2005.3217684793842,2005.3217683793841,1741.0752592119568,10800.0,23738.157766308905,24274.709326039738,0.0,1.3000045349912515e-06,4.178728666950762e-07,23738.157767608907,0,22353.62334963964,0,1.00000761449337e-07
2025-08-09,Q4-2 ANNUAL / AWAITING HUMAN REVIEW,2005.3217683793841,2039.8606571719101,1597.7363153813822,10302.493209296297,24110.340900028474,24133.240964674027,0.0,7.999943609292865e-07,3.625701864400271e-07,24110.340900828465,0,25189.827203886314,0,1.00000761449337e-07
2025-08-10,Q4-2 ANNUAL / AWAITING HUMAN REVIEW,2039.8606571719101,2039.8606570719103,1831.5381100362295,10799.999999999996,56821.280877961486,56158.87492101986,0.0,1.6000148618066205e-06,3.814623120495859e-07,56821.28087956149,0,31225.749305573023,0,1.0001531336456537e-07
2025-08-11,Q4-2 ANNUAL / AWAITING HUMAN REVIEW,2039.8606570719103,2039.8606569719102,1522.1444500128935,10800.0,55368.30516165037,56385.43255790445,0.0,10.558380270832439,1.2651587035244953,55378.86354192121,1,34084.7302757285,0,1.0000061854498199e-07
2025-08-12,Q4-2 ANNUAL / AWAITING HUMAN REVIEW,2039.8606569719102,2039.8606568719101,1253.6073074480505,10800.0,55476.3237352044,55225.05503989802,0.0,7785.165794647636,1685.354253261576,63261.48952985203,17,31593.768475464633,0,1.0001161854233942e-07
2025-08-13,Q4-2 ANNUAL / AWAITING HUMAN REVIEW,2039.8606568719101,2039.86065677191,1768.3897111374238,10800.0,55489.802464543114,56517.461120287844,0.0,97.23791578336704,11.825833646333821,55587.04038032648,1,32256.242225707094,0,1.00000761449337e-07
2025-08-14,Q4-2 ANNUAL / AWAITING HUMAN REVIEW,2039.86065677191,2039.8606566719095,1315.640522325975,10782.013232000001,55868.50397504284,55959.769877869694,0.0,84.52183978830541,9.9647778010479,55953.025814831155,2,35871.72793051317,0,1.0000128429510369e-07
2025-08-15,Q4-2 ANNUAL / AWAITING HUMAN REVIEW,2039.8606566719095,2039.8606565719094,1453.2920129564943,10800.0,23978.642874829904,23835.52554086537,0.0,1.9999748649093896e-06,6.944997287874337e-07,23978.64287682988,0,23564.419321100006,0,1.000006384401786e-07
2025-08-16,Q4-2 ANNUAL / AWAITING HUMAN REVIEW,2039.8606565719094,2107.368063883836,1292.877580885969,10418.16468459259,23891.63596187166,23638.094727172233,0.0,7.999945117536864e-07,3.824398702508662e-07,23891.63596267165,0,25658.37113025337,0,1.0000803740695119e-07
2025-08-17,Q4-2 ANNUAL / AWAITING HUMAN REVIEW,2107.368063883836,2107.368063783836,1602.0401712360608,10605.447513774787,55639.22517773122,55943.10388913512,0.0,4.617524604189061,0.5488887045000699,55643.842702335416,1,32865.64920062957,0,1.0000180191127583e-07
2025-08-18,Q4-2 ANNUAL / AWAITING HUMAN REVIEW,2107.368063783836,2107.368063683836,1339.9596348559962,10552.20034273225,55405.82859047991,54687.07558015831,0.0,812.9712561759471,137.29515187995523,56218.799846655864,4,36302.60543301074,0,1.0000101724472188e-07
2025-08-19,Q4-2 ANNUAL / AWAITING HUMAN REVIEW,2107.368063683836,2107.368063583836,1606.626339908596,10656.80349358537,54893.655026732966,54870.93903984129,0.0,2472.68717023267,578.0299082475428,57366.342196965634,10,31927.194238626347,0,1.000040299459215e-07
2025-08-20,Q4-2 ANNUAL / AWAITING HUMAN REVIEW,2107.368063583836,2107.368063483836,1200.0000000208856,10696.900791256845,55521.71264756437,54915.06733996126,0.0,5173.269668238585,1171.038480993907,60694.98231580295,12,38552.87301272931,0,1.0001531336456537e-07
2025-08-21,Q4-2 ANNUAL / AWAITING HUMAN REVIEW,2107.368063483836,2107.3680633838358,1441.0285930541495,10706.347602416488,55748.89772943832,55337.13982091629,0.0,903.7492654087947,259.095796247983,56652.64699484712,4,32238.608512321982,0,1.0001531336456537e-07
2025-08-22,Q4-2 ANNUAL / AWAITING HUMAN REVIEW,2107.3680633838358,2107.368063283836,1200.000000017333,10214.3560479636,23996.18627260717,23503.097287820747,0.0,2781.9040636796526,632.4891414873607,26778.090336286827,15,24799.1634669024,0,1.000046836452384e-07
2025-08-23,Q4-2 ANNUAL / AWAITING HUMAN REVIEW,2107.368063283836,2099.0053645647295,1260.3248117777484,10298.950050666639,23645.659002998036,23840.679721257653,0.0,644.8330155884611,186.47444862733806,24290.492018586498,5,24815.307024077447,0,1.0000293571010843e-07
2025-08-24,Q4-2 ANNUAL / AWAITING HUMAN REVIEW,2099.0053645647295,2099.0053644647296,1403.4207321350148,10622.932734042446,56662.13501180512,56593.17717165248,0.0,2699.231177735992,567.9438924976407,59361.36618954111,14,34315.272047132225,0,1.0000945849242271e-07
2025-08-25,Q4-2 ANNUAL / AWAITING HUMAN REVIEW,2099.0053644647296,2099.0053643647293,1378.9702767201638,10800.0,57165.09732548516,56096.33244423797,0.0,7753.8049134893945,1808.1196502196276,64918.90223897455,15,36628.375650743634,0,1.0001531336456537e-07
2025-08-26,Q4-2 ANNUAL / AWAITING HUMAN REVIEW,2099.0053643647293,2099.0053642647295,1619.8373243719327,10781.770880999999,56631.51197727493,57187.1442629432,0.0,692.3579437353749,128.34958585379982,57323.86992101031,3,34069.68730129567,0,1.0000189831771422e-07
2025-08-27,Q4-2 ANNUAL / AWAITING HUMAN REVIEW,2099.0053642647295,2099.005364164729,1308.589979635562,10800.0,56774.29372421918,57365.201118108635,0.0,1440.9680925730756,355.5725964680364,58215.26181679225,4,36712.99767284831,0,1.0001195960285258e-07
2025-08-28,Q4-2 ANNUAL / AWAITING HUMAN REVIEW,2099.005364164729,2099.0053640647293,1574.5594379261534,10799.999999999998,57397.22902395111,57132.5197773537,0.0,105.44311211251002,12.498875545082763,57502.672136063615,2,37075.68054256067,0,1.0001531336456537e-07
2025-08-29,Q4-2 ANNUAL / AWAITING HUMAN REVIEW,2099.0053640647293,2099.0053639647294,1801.347341698361,10761.798402774948,24444.59415011278,24660.665261867583,0.0,9.999991426940107e-07,3.584121347730848e-07,24444.594151112782,0,24868.289887765208,0,1.0000048712299758e-07
2025-08-30,Q4-2 ANNUAL / AWAITING HUMAN REVIEW,2099.0053639647294,2092.7229564552817,1556.3564788898748,10780.083634710321,24961.96633188871,24453.47111570274,0.0,8.999787999149594e-07,4.0460239103015935e-07,24961.96633278869,0,25554.550442176034,0,1.00000761449337e-07
2025-08-31,Q4-2 ANNUAL / AWAITING HUMAN REVIEW,2092.7229564552817,2092.722956355282,1613.9957764828875,10781.920824,56741.74715562584,56943.48343738589,0.0,1007.8298912033954,231.68052163222592,57749.57704682923,7,35076.624910681945,0,1.0000107135965664e-07
2025-09-01,Q4-2 ANNUAL / AWAITING HUMAN REVIEW,2092.722956355282,3417.9985267290463,2092.722956355282,10800.0,51258.76112243055,57401.10062105376,0.0,1.499971700583404e-06,3.3034862092147715e-07,51258.76112393052,0,29298.91446995372,0,1.0001531336456537e-07
2025-09-02,Q4-2 ANNUAL / AWAITING HUMAN REVIEW,3417.9985267290463,3417.9985266290464,2383.154313884648,10800.0,50484.19240434165,56413.83323412614,0.0,1.5999798562835046e-06,3.393070252252979e-07,50484.19240594162,0,31888.95357531997,0,1.0001531336456537e-07
2025-09-03,Q4-2 ANNUAL / AWAITING HUMAN REVIEW,3417.9985266290464,3417.9985265290466,3397.3193557405884,10800.0,51482.78333124575,56301.643578872216,0.0,1.6999926623286773e-06,3.6493992827340973e-07,51482.78333294574,0,27781.913360116127,0,1.0000402255627706e-07
2025-09-04,Q4-2 ANNUAL / AWAITING HUMAN REVIEW,3417.9985265290466,3417.9985264290467,3207.718768177618,10800.0,50863.02972335525,56229.04684993837,0.0,1.6999981052726383e-06,3.753899236644549e-07,50863.02972505525,0,30448.65131779808,0,1.000040428493776e-07
2025-09-05,Q4-2 ANNUAL / AWAITING HUMAN REVIEW,3417.9985264290467,3417.9985263290464,3104.3032434379234,10522.679947141634,21441.146915725345,24566.925957332594,0.0,4.99967265073844e-07,2.6033582872913143e-07,21441.146916225312,0,21573.15937748656,0,1.0000000000000002e-07
2025-09-06,Q4-2 ANNUAL / AWAITING HUMAN REVIEW,3417.9985263290464,3563.309637342595,3318.0620939872306,10609.687094760242,21695.551820966666,24454.86464107027,0.0,4.0000411357930285e-07,2.0191128010579523e-07,21695.551821366673,0,23242.670221675966,0,1.0000803740695119e-07
2025-09-07,Q4-2 ANNUAL / AWAITING HUMAN REVIEW,3563.309637342595,3563.309637242595,2543.003325979678,10800.0,50373.52337147991,55841.95108749985,0.0,1.8000156310938989e-06,4.1917236901390466e-07,50373.523373279924,0,31647.19222782354,0,1.0000384827435482e-07
2025-09-08,Q4-2 ANNUAL / AWAITING HUMAN REVIEW,3563.309637242595,3563.309637142595,2650.4775300207943,10784.734457999997,46722.88003553009,48319.33924957337,0.0,4196.715085728616,1051.1074457329623,50919.59512125871,5,32507.365654888512,0,1.0000339182170138e-07
2025-09-09,Q4-2 ANNUAL / AWAITING HUMAN REVIEW,3563.309637142595,3563.309637042595,2491.691548934754,10800.0,46765.79107853187,48441.3399525445,0.0,447.03445803299144,141.75819161105127,47212.825536564866,1,33132.09462741297,0,1.0000803740695119e-07
2025-09-10,Q4-2 ANNUAL / AWAITING HUMAN REVIEW,3563.309637042595,3563.309636942595,1200.0,10800.0,47167.92058970656,48922.294117662226,0.0,3835.994264352435,894.9468195920836,51003.914854058996,9,36607.98197185574,0,1.00000761449337e-07
2025-09-11,Q4-2 ANNUAL / AWAITING HUMAN REVIEW,3563.309636942595,3563.309636842595,2406.331440001022,10800.0,47332.225055852294,49930.35597913906,0.0,1.7000072812947186e-06,4.140182955647443e-07,47332.2250575523,0,33267.90474851517,0,1.0000368240525858e-07
2025-09-12,Q4-2 ANNUAL / AWAITING HUMAN REVIEW,3563.309636842595,3563.3096367425946,3010.597753655507,10800.0,18484.516513626135,19546.86256901097,0.0,9.99974819612733e-07,3.918884380402226e-07,18484.516514626113,0,22122.728931542144,0,1.000043994281441e-07
2025-09-13,Q4-2 ANNUAL / AWAITING HUMAN REVIEW,3563.3096367425946,3671.5244514604888,3342.717715685179,10800.0,18810.68096036888,20099.060302775615,0.0,1e-07,4.6750818139317446e-08,18810.680960468882,0,23365.57368259386,0,1.0000000000000002e-07
2025-09-14,Q4-2 ANNUAL / AWAITING HUMAN REVIEW,3671.5244514604888,3671.524451360489,1894.0532683217712,10800.0,47439.306340629395,48757.3190721726,0.0,1.900011887861732e-06,4.781609880082401e-07,47439.30634252941,0,34394.47552050905,0,1.0000803740695119e-07
2025-09-15,Q4-2 ANNUAL / AWAITING HUMAN REVIEW,3671.524451360489,3671.524451260489,1201.7054629963927,10800.0,43581.583242566645,43026.38549441744,0.0,1792.3815253765008,461.5771826504405,45373.964767943144,6,36662.71531950729,0,1.0000314887292916e-07
2025-09-16,Q4-2 ANNUAL / AWAITING HUMAN REVIEW,3671.524451260489,3671.524451160489,1410.0357888290089,10551.088259053317,43776.910006696555,42510.38169105574,0.0,1874.5479105534844,520.933427249483,45651.45791725004,6,35873.42272398289,0,1.0000803740695119e-07
2025-09-17,Q4-2 ANNUAL / AWAITING HUMAN REVIEW,3671.524451160489,3671.524451060489,1214.4215830431397,10785.044170499998,43957.19029880383,43666.11673794496,0.0,38.19542501668279,7.629167186928512,43995.38572382051,1,37352.955744873674,0,1.0000104339269455e-07
2025-09-18,Q4-2 ANNUAL / AWAITING HUMAN REVIEW,3671.524451060489,3671.524450760489,1261.6354328691555,10762.386854400367,43479.02102239561,43032.28056693518,0.0,515.3298051117339,119.35059432483531,43994.35082750733,5,36724.140283878965,0,1.0000112647485933e-07
2025-09-19,Q4-2 ANNUAL / AWAITING HUMAN REVIEW,3671.524450760489,3671.524450660489,1510.099178085155,10142.35144261805,15934.403145890852,15698.812636375435,0.0,1855.9566444286042,539.459944036129,17790.359790319457,12,25326.373564392237,0,1.0000769634643802e-07
2025-09-20,Q4-2 ANNUAL / AWAITING HUMAN REVIEW,3671.524450660489,3663.452228337879,1510.6765382716026,10474.439135802468,15669.819797761696,15699.612371513636,0.0,7.99990337075233e-07,4.4692079208563815e-07,15669.819798561686,0,28239.882250763698,0,1.00000761449337e-07
2025-09-21,Q4-2 ANNUAL / AWAITING HUMAN REVIEW,3663.452228337879,3663.452228237879,1616.150821643146,10739.3572045525,46085.483893901,44897.132591153306,0.0,2.3000162056366124e-06,5.380070271017472e-07,46085.48389620101,0,34934.96633806462,0,1.0000084267858257e-07
2025-09-22,Q4-2 ANNUAL / AWAITING HUMAN REVIEW,3663.452228237879,3663.452228137879,1254.8992197834323,10800.0,46384.850860894214,45041.78887010755,0.0,3012.998989571775,633.1450634635978,49397.84985046599,17,35573.34817528796,0,1.0001531336456537e-07
2025-09-23,Q4-2 ANNUAL / AWAITING HUMAN REVIEW,3663.452228137879,3663.452228037879,1200.0384675854432,10774.3421955328,46277.81361586185,45570.21759685852,0.0,4371.218963582018,1033.0716791551083,50649.03257944387,11,37325.66641313269,0,1.0000803740695119e-07
2025-09-24,Q4-2 ANNUAL / AWAITING HUMAN REVIEW,3663.452228037879,3663.452227937879,1324.048443732121,10800.0,46388.91059220356,45886.25900780049,0.0,1.8000154423652728e-06,5.435960591322203e-07,46388.91059400358,0,36994.791971812214,0,1.0002258932217956e-07
2025-09-25,Q4-2 ANNUAL / AWAITING HUMAN REVIEW,3663.452227937879,3620.353582654357,1437.902551003328,10799.999999999998,45980.39963902762,44934.210809279466,0.0,2056.102610191611,458.4387105539291,48036.50224921924,11,35418.69684766546,0,1.0001116379498853e-07
2025-09-26,Q4-2 ANNUAL / AWAITING HUMAN REVIEW,3620.353582654357,3619.3230825076753,1593.9499224105798,10258.619888282645,16022.526216849285,16068.871487905577,0.0,200.99493096726164,61.51831885255774,16223.521147816544,2,26042.920875669966,0,1.0000258043874055e-07
2025-09-27,Q4-2 ANNUAL / AWAITING HUMAN REVIEW,3619.3230825076753,3575.9648631066343,1270.7066240740733,10203.301095497838,16544.845039526837,15941.648316855457,0.0,2358.516505290026,587.2430221894393,18903.36154481686,12,28860.474424661083,0,1.0000783845498518e-07
2025-09-28,Q4-2 ANNUAL / AWAITING HUMAN REVIEW,3575.9648631066343,3565.782455644662,1368.661134259749,10799.532345,47943.58400523353,47065.90571923388,0.0,2.000030391526748e-06,4.5114114110582466e-07,47943.58400723357,0,38628.30623348877,0,1.0000107801722966e-07
2025-09-29,Q4-2 ANNUAL / AWAITING HUMAN REVIEW,3565.782455644662,3491.7245296646693,1260.2863191758145,10664.060280178403,47848.95292489276,47169.25720145384,0.0,553.3854003373958,98.44250547121294,48402.33832523014,7,36407.65768028872,0,1.0000803740695119e-07
2025-09-30,Q4-2 ANNUAL / AWAITING HUMAN REVIEW,3491.7245296646693,3491.7245295646694,1200.0,10726.702204306555,48562.62670852273,48125.473297209894,0.0,3673.771412866135,954.2253523676208,52236.39812138886,9,38440.7541210897,0,1.0000258043874055e-07
2025-10-01,Q4-2 ANNUAL / AWAITING HUMAN REVIEW,3491.7245295646694,3491.7245294646696,2999.9309666293266,10799.999999999996,46279.81587847768,47985.6700418246,0.0,1.2000018858852957e-06,3.6706878398994095e-07,46279.815879677684,0,31172.010002200732,0,1.0000000000000002e-07
2025-10-02,Q4-2 ANNUAL / AWAITING HUMAN REVIEW,3491.7245294646696,3491.7245293646693,2697.293997179487,10800.0,44844.921688624934,46067.356101824254,0.0,1.60000060962534e-06,4.5189673526811566e-07,44844.92169022493,0,33774.40452034385,0,1.0000803740695119e-07
2025-10-03,Q4-2 ANNUAL / AWAITING HUMAN REVIEW,3491.7245293646693,3491.7245292646694,2636.955262956266,10652.6437345,15211.642185936083,15764.581636560337,0.0,6.999939819123723e-07,3.4635464368000174e-07,15211.642186636076,0,24292.49410496764,0,1.0000068868976088e-07
2025-10-04,Q4-2 ANNUAL / AWAITING HUMAN REVIEW,3491.7245292646694,3520.5152699071223,1995.2430360601757,10765.14829106017,15985.902002317125,16317.369075211514,0.0,6.999921360280026e-07,3.8311465467360066e-07,15985.90200301712,0,26345.365290043155,0,1.000043994281441e-07
2025-10-05,Q4-2 ANNUAL / AWAITING HUMAN REVIEW,3520.5152699071223,3520.515269807122,2178.8131835214535,10748.305285215516,43784.72380878742,45024.646530534184,0.0,1.30001914289014e-06,3.71117151600815e-07,43784.72381008744,0,33571.62042521141,0,1.00003334637222e-07
2025-10-06,Q4-2 ANNUAL / AWAITING HUMAN REVIEW,3520.515269807122,3520.515269707122,1798.0944166772174,10771.329956656564,44169.1456585024,44676.131410675865,0.0,795.1078854472921,212.34952336918366,44964.25354394969,7,34898.114950053656,0,1.0000392296660721e-07
2025-10-07,Q4-2 ANNUAL / AWAITING HUMAN REVIEW,3520.515269707122,3520.5152696071227,1227.6952369762648,10800.0,44333.34643378145,45091.25758280215,0.0,666.197796440629,165.63262251442208,44999.54423022208,5,36266.78695415657,0,1.0002258932217956e-07
2025-10-08,Q4-2 ANNUAL / AWAITING HUMAN REVIEW,3520.5152696071227,3520.5152695071224,1727.1591095973477,10793.908780499998,43257.80882661315,42816.92919219238,0.0,1.6999959403400142e-06,3.848774779070883e-07,43257.808828313144,0,35724.64930419068,0,1.0001531336456537e-07
2025-10-09,Q4-2 ANNUAL / AWAITING HUMAN REVIEW,3520.5152695071224,3520.515269407122,1800.8354742147494,10733.353892708785,43111.99596100686,43064.92539249089,0.0,163.2489660161379,49.005692300977174,43275.24492702299,3,35612.743699332656,0,1.000046836452384e-07
2025-10-10,Q4-2 ANNUAL / AWAITING HUMAN REVIEW,3520.515269407122,3520.5152693071223,1861.0526223180352,10562.87694681526,14372.075525423366,14093.0098185553,0.0,1.999989619588112e-06,8.588420367739166e-07,14372.07552742336,0,27105.913814694853,0,1e-07
2025-10-11,Q4-2 ANNUAL / AWAITING HUMAN REVIEW,3520.5152693071223,3531.5236025429303,2273.6447404382716,10706.038885499998,15235.982470150997,15319.018932715535,0.0,2.99996088070975e-07,1.7465477792051825e-07,15235.98247045099,0,27464.82465538221,0,1.00000761449337e-07
2025-10-12,Q4-2 ANNUAL / AWAITING HUMAN REVIEW,3531.5236025429303,3531.5236024429305,2015.6943648677654,10800.000000000002,43208.11566764622,43794.99014315056,0.0,241.9616524992142,53.11647042611702,43450.077320145436,2,35182.21800560453,0,1.0001531336456537e-07
2025-10-13,Q4-2 ANNUAL / AWAITING HUMAN REVIEW,3531.5236024429305,3531.52360234293,2027.554018459855,10785.242519999998,43962.38658077316,44570.736486157024,0.0,371.15649080903427,110.67734915543492,44333.5430715822,1,35422.72640263704,0,1.0001531336456537e-07
2025-10-14,Q4-2 ANNUAL / AWAITING HUMAN REVIEW,3531.52360234293,3531.52360224293,1200.0,10771.262532000008,44126.88531927092,43989.09666006166,0.0,2715.518106427461,625.4472975626892,46842.40342569839,13,38185.19865682195,0,1.0000221095651796e-07
2025-10-15,Q4-2 ANNUAL / AWAITING HUMAN REVIEW,3531.52360224293,3531.5236021429296,1259.002185271359,10736.757659403163,43016.674328779525,42136.97470177284,0.0,2065.13518471275,571.169777093649,45081.80951349228,7,38667.82020351314,0,1.0000107261021186e-07
2025-10-16,Q4-2 ANNUAL / AWAITING HUMAN REVIEW,3531.5236021429296,3531.52360204293,1239.0331389415005,10662.592468499999,44285.99322319825,42977.474612525635,0.0,10031.655517271502,2262.650032633076,54317.648740469755,18,38854.928749444254,0,1.0000258043874055e-07
2025-10-17,Q4-2 ANNUAL / AWAITING HUMAN REVIEW,3531.52360204293,3531.52360194293,1200.0000000208818,10246.114430946276,14146.073882739103,13566.290850479356,0.0,271.2814830491912,83.76146879791038,14417.355365788295,3,29208.799950571745,0,1.000005944717941e-07
2025-10-18,Q4-2 ANNUAL / AWAITING HUMAN REVIEW,3531.52360194293,3541.056009246275,1532.5801322246489,10172.43913901478,14206.44289242271,14174.277306103146,0.0,1065.9235784063858,294.1947425239864,15272.366470829096,6,27863.10817514544,0,1.0000145778121805e-07
2025-10-19,Q4-2 ANNUAL / AWAITING HUMAN REVIEW,3541.056009246275,3541.0560091462753,1200.0000000168898,10721.571949426525,46291.73889759624,44781.5647546329,0.0,7004.24918082534,1608.3869599466966,53295.98807842158,18,38779.15784470258,0,1.0002258932217956e-07
2025-10-20,Q4-2 ANNUAL / AWAITING HUMAN REVIEW,3541.0560091462753,3521.9032313206494,1200.0,10785.8036955,46765.792393010786,45961.74207489878,0.0,2730.7656891519787,514.3396924192049,49496.55808216277,5,39000.036540140034,0,1.0000031375057006e-07
2025-10-21,Q4-2 ANNUAL / AWAITING HUMAN REVIEW,3521.9032313206494,3521.9032312206496,1200.0,10734.879121374423,47520.6931874468,46025.704151930666,0.0,1463.7587401555675,373.75105337098717,48984.45192760237,4,38783.04105707312,0,1.0000712791224942e-07
2025-10-22,Q4-2 ANNUAL / AWAITING HUMAN REVIEW,3521.9032312206496,3521.9032311206497,1200.0,10799.999999999996,47372.95394411721,46327.54224609964,0.0,4448.170923462383,826.8868463700165,51821.124867579594,6,39716.73092915348,0,1.0000098063756013e-07
2025-10-23,Q4-2 ANNUAL / AWAITING HUMAN REVIEW,3521.9032311206497,3521.9032310206494,1366.3089262041553,10729.424818639258,47728.08107119783,47328.8148798091,0.0,6.916434583278239,1.7166626176791375,47734.997505781095,2,38653.309255364875,0,1.0001531336456537e-07
2025-10-24,Q4-2 ANNUAL / AWAITING HUMAN REVIEW,3521.9032310206494,3521.903230920649,1254.6145371081911,10198.269536153673,14709.236622413777,14426.738145506988,0.0,2146.93705236181,498.8205677477054,16856.173674775586,16,29582.585994596117,0,1.0000401573506679e-07
2025-10-25,Q4-2 ANNUAL / AWAITING HUMAN REVIEW,3521.903230920649,3581.9456105046265,1200.0,10163.883733570336,14764.589287610568,14377.388811626479,0.0,461.9607203686561,101.12224698636776,15226.550007979224,5,30646.914414884883,0,1.0000258043874055e-07
2025-10-26,Q4-2 ANNUAL / AWAITING HUMAN REVIEW,3581.9456105046265,3581.945610404626,1816.2264423286576,10793.413390499994,49001.84710647084,48129.21972647529,0.0,2.000002955223897e-06,4.500302176372957e-07,49001.84710847084,0,37054.49826230529,0,1.0000072029470174e-07
2025-10-27,Q4-2 ANNUAL / AWAITING HUMAN REVIEW,3581.945610404626,3581.9456103046264,1283.8788279941823,10698.25154021556,48296.22487544677,47725.18844878368,0.0,3171.5965911747458,667.6729096169718,51467.82146662152,14,37240.66250063524,0,1.00000761449337e-07
2025-10-28,Q4-2 ANNUAL / AWAITING HUMAN REVIEW,3581.9456103046264,3581.9456102046265,1252.4232334523556,10792.286023397115,48729.54212362647,47925.9403233247,0.0,939.644155877651,193.03507999154968,49669.186279504116,4,37705.67296177267,0,1.0000803740695119e-07
2025-10-29,Q4-2 ANNUAL / AWAITING HUMAN REVIEW,3581.9456102046265,3581.9456101046267,1200.0,10756.342066012918,49121.8158906987,48018.47744919095,0.0,4973.567251072919,1059.7057379740006,54095.38314177162,17,41034.14220367999,0,1.0000911743190954e-07
2025-10-30,Q4-2 ANNUAL / AWAITING HUMAN REVIEW,3581.9456101046267,3563.9901073557703,1510.3713837435437,10800.0,50082.7023576871,48671.91990025576,0.0,1.3764636467017521,0.276454051108352,50084.07882133381,1,38032.38539602082,0,1.0000093675325486e-07
2025-10-31,Q4-2 ANNUAL / AWAITING HUMAN REVIEW,3563.9901073557703,3557.2843572144975,1243.0011296733558,10224.587748811553,15137.321944145071,15110.29773520544,0.0,1327.6209597352313,384.3128015282822,16464.942903880303,10,29304.998818259235,0,1.0000258043874055e-07
2025-11-01,Q4-2 ANNUAL / AWAITING HUMAN REVIEW,3557.2843572144975,3552.4139590190625,1351.8666407407386,10175.958881481482,15005.481376570582,15003.6925103291,0.0,575.0780099944614,171.87440181102056,15580.559386565043,6,32209.7893199534,0,1.0000258043874055e-07
2025-11-02,Q4-2 ANNUAL / AWAITING HUMAN REVIEW,3552.4139590190625,3552.4139589190627,1200.0,10450.82275263884,51735.865311939546,50781.60857550427,0.0,868.191464698711,161.91188088919665,52604.05677663826,9,39780.44192530778,0,1.0001531336456537e-07
2025-11-03,Q4-2 ANNUAL / AWAITING HUMAN REVIEW,3552.4139589190627,3552.413958819063,1608.3819156240675,10673.951534006788,52831.33282123215,50885.64619866204,0.0,2.1999922902292294e-06,5.152801794550383e-07,52831.33282343214,0,37173.984906508726,0,1.00000761449337e-07
2025-11-04,Q4-2 ANNUAL / AWAITING HUMAN REVIEW,3552.413958819063,3552.4139587190625,1435.2425012809072,10799.999999999998,51876.05485105145,51308.19582855606,0.0,105.30702989167658,21.97788388934217,51981.36188094312,1,38154.65878715174,0,1.0000803740695119e-07
2025-11-05,Q4-2 ANNUAL / AWAITING HUMAN REVIEW,3552.4139587190625,3552.4139586190627,1636.4463647803937,10745.72184556762,53278.75914696965,51995.15036377262,0.0,2.200021010671757e-06,6.110544866993587e-07,53278.759149169666,0,37537.23493087337,0,1.0000803740695119e-07
2025-11-06,Q4-2 ANNUAL / AWAITING HUMAN REVIEW,3552.4139586190627,3535.9737559543155,1200.0,10796.978251499993,52809.92291241671,50998.2495465394,0.0,10052.593029705205,1871.0637285378239,62862.515942121914,17,36497.63068275328,0,1.0000104566643131e-07
2025-11-07,Q4-2 ANNUAL / AWAITING HUMAN REVIEW,3535.9737559543155,3514.93175579887,1286.4298158921267,10318.078413286972,15413.980255767625,15438.672790245182,0.0,2.0999882803403574e-06,9.147038764371149e-07,15413.980257867612,0,31218.368672773675,0,1.00000761449337e-07
2025-11-08,Q4-2 ANNUAL / AWAITING HUMAN REVIEW,3514.93175579887,3524.933663157128,1222.7323757177705,10167.518820162222,15595.50825323144,15220.997044138669,0.0,178.39083344705415,47.851080422039466,15773.899086678493,4,31918.426276146303,0,1.00000761449337e-07
2025-11-09,Q4-2 ANNUAL / AWAITING HUMAN REVIEW,3524.933663157128,3524.117922364095,1364.6890611810416,10696.75023292524,53608.30444335512,52430.18865555819,0.0,2.7999784250197234e-06,6.802967060775173e-07,53608.304446155096,0,40080.583588658235,0,1.0001531336456537e-07
2025-11-10,Q4-2 ANNUAL / AWAITING HUMAN REVIEW,3524.117922364095,3524.1179222640953,1230.6936984485428,10496.849373211633,55029.94599551265,52907.118489519286,0.0,4612.700024969547,880.7507106425586,59642.64602048219,18,40045.46510300053,0,1.0000695738199283e-07
2025-11-11,Q4-2 ANNUAL / AWAITING HUMAN REVIEW,3524.1179222640953,3524.1179221640955,1302.3665493030896,10293.80986941549,54607.75075437306,53407.845832633735,0.0,990.8619341650742,179.32742828384013,55598.61268853814,9,38955.3427972614,0,1.0002258932217956e-07
2025-11-12,Q4-2 ANNUAL / AWAITING HUMAN REVIEW,3524.1179221640955,3524.1179220640956,1294.6857993245253,10389.15077202303,55021.194706858514,54298.51630611718,0.0,60.57968886667049,11.773333798024296,55081.77439572519,1,39107.09472252666,0,1.0000803740695119e-07
2025-11-13,Q4-2 ANNUAL / AWAITING HUMAN REVIEW,3524.1179220640956,3524.117921964096,1431.3554509430405,10641.562295781734,55819.02767959498,54454.86537845373,0.0,761.3428433619979,249.59693442442943,56580.370522956975,9,36232.74007886578,0,1.0000124461839732e-07
2025-11-14,Q4-2 ANNUAL / AWAITING HUMAN REVIEW,3524.117921964096,3524.1179218640955,1268.17341151024,10265.619459019419,15860.314967380104,15781.849838487888,0.0,1090.8850332321042,316.9211535783718,16951.200000612207,10,30385.04407384094,0,1.0000082784245024e-07
2025-11-15,Q4-2 ANNUAL / AWAITING HUMAN REVIEW,3524.1179218640955,3548.3086625120386,1200.0,10271.938830842317,16145.404733173515,15604.067083042595,0.0,848.6896428318162,175.0326549915286,16994.09437600533,5,32656.14130958121,0,1.00000761449337e-07
2025-11-16,Q4-2 ANNUAL / AWAITING HUMAN REVIEW,3548.3086625120386,3525.3975513543714,1200.0,10390.0362543381,56974.809106786255,55707.02656671376,0.0,1867.5934387958846,361.4667254830772,58842.40254558214,5,37698.873545557566,0,1.000007291622751e-07
2025-11-17,Q4-2 ANNUAL / AWAITING HUMAN REVIEW,3525.3975513543714,3525.397551254371,1215.4430870816277,10799.999999999998,57336.04510156225,56807.563218550335,0.0,786.3157277428447,152.7602066598331,58122.36082930509,2,38072.91511831369,0,1.0000087941192286e-07
2025-11-18,Q4-2 ANNUAL / AWAITING HUMAN REVIEW,3525.397551254371,3525.3975511543713,1521.5019964480366,10655.61528435648,57927.66748644399,56265.062768447344,0.0,3.0000624039579074e-06,7.460556982733859e-07,57927.66748944406,0,38483.05912351396,0,1.0000122614428621e-07
2025-11-19,Q4-2 ANNUAL / AWAITING HUMAN REVIEW,3525.3975511543713,3506.0957641174127,1200.0,10765.523382000001,58970.14898968295,56922.991982098916,0.0,3781.4982711536904,719.3230310446872,62751.647260836646,5,37589.072698295844,0,1.00000761449337e-07
2025-11-20,Q4-2 ANNUAL / AWAITING HUMAN REVIEW,3506.0957641174127,3506.095764017413,1721.983215457886,10799.999999999998,58226.99397770679,57958.11733177928,0.0,1.7999960266289109e-06,4.788899089524339e-07,58226.993979506784,0,37526.75042389345,0,1.0000000000000002e-07
2025-11-21,Q4-2 ANNUAL / AWAITING HUMAN REVIEW,3506.095764017413,3506.0957639174126,1478.7707966318396,10216.797738584137,16661.144769646533,16110.976985879774,0.0,92.68172540462879,27.08511063404949,16753.826495051166,4,31149.157409766383,0,1.0000205463711609e-07
2025-11-22,Q4-2 ANNUAL / AWAITING HUMAN REVIEW,3506.0957639174126,3507.581874928203,1222.5554629629632,10231.469951234565,16784.14415544986,16415.840685807234,0.0,904.7136787088591,218.4509087022695,17688.85783415872,5,33362.26489561405,0,1.000001930151484e-07
2025-11-23,Q4-2 ANNUAL / AWAITING HUMAN REVIEW,3507.581874928203,3507.581874828203,1200.0,10763.641020582625,59693.95013152086,58597.1332712428,0.0,6955.5090936347,1334.919330982136,66649.45922515556,15,35983.26077465243,0,1.0000066322390921e-07
2025-11-24,Q4-2 ANNUAL / AWAITING HUMAN REVIEW,3507.581874828203,3507.581874728203,1690.1662847741145,10800.0,59417.65079801823,58721.74580190493,0.0,427.1854075852644,106.05173181183856,59844.83620560349,5,35120.77887623629,0,1.00000761449337e-07
2025-11-25,Q4-2 ANNUAL / AWAITING HUMAN REVIEW,3507.581874728203,3507.5818746282025,1204.5599999596002,10797.675308999997,58957.22339006337,58391.55188265287,0.0,2.200021399355069e-06,6.193139056024151e-07,58957.22339226339,0,38819.841990509914,0,1.000032697058152e-07
2025-11-26,Q4-2 ANNUAL / AWAITING HUMAN REVIEW,3507.5818746282025,3507.5818745282027,1427.1238867200807,10738.802467530822,59728.332032738894,58948.46978609331,0.0,2.1000048494348535e-06,5.037948638958605e-07,59728.332034838895,0,37711.93981775334,0,1.0001531336456537e-07
2025-11-27,Q4-2 ANNUAL / AWAITING HUMAN REVIEW,3507.5818745282027,3507.5818744282024,1714.9005654368393,10799.999999999998,60426.059307048265,59349.42606401112,0.0,2.8999882050601076e-06,7.336198159697892e-07,60426.059309948265,0,37375.89498047805,0,1.00000761449337e-07
2025-11-28,Q4-2 ANNUAL / AWAITING HUMAN REVIEW,3507.5818744282024,3507.5818743282025,1200.000000022171,10172.119403539416,16740.500249354343,16755.185567060842,0.0,1423.0186517472284,327.7636370045215,18163.51890110157,5,32610.417562980503,0,1.0000479733207612e-07
2025-11-29,Q4-2 ANNUAL / AWAITING HUMAN REVIEW,3507.5818743282025,3389.577457685211,1465.2101994904597,10384.895522329967,17360.857842409416,17325.168125547912,0.0,1066.8245306271165,343.52917529631185,18427.68237303653,6,33897.19303860605,0,1.00000761449337e-07
2025-11-30,Q4-2 ANNUAL / AWAITING HUMAN REVIEW,3389.577457685211,3389.577457585211,1200.0,10400.069089108152,62233.561311601865,61080.40540217438,0.0,6200.11381878188,1201.435832335095,68433.67513038374,14,38109.36229934933,0,1.0000151462463691e-07
2025-12-01,Q4-2 ANNUAL / AWAITING HUMAN REVIEW,3389.577457585211,3298.6987723981847,1200.0,10302.775130360646,65945.68637311622,60913.11476617675,0.0,26356.19880120359,4633.7350502559775,92301.8851743198,41,41186.103203476014,0,1.0000803740695119e-07
2025-12-02,Q4-2 ANNUAL / AWAITING HUMAN REVIEW,3298.6987723981847,3298.698772298185,1200.0,10317.518482321633,67305.2865882896,61740.578512730426,0.0,33702.46176108678,5785.117179612023,101007.74834937639,49,39699.11257235997,0,1.0001531336456537e-07
2025-12-03,Q4-2 ANNUAL / AWAITING HUMAN REVIEW,3298.698772298185,3284.787651874282,1200.0,10301.186584340277,68755.11586340582,63509.47045883305,0.0,22901.666737908632,4713.14010281893,91656.78260131445,55,40089.70339457705,0,1.0000803740695119e-07
2025-12-04,Q4-2 ANNUAL / AWAITING HUMAN REVIEW,3284.787651874282,3284.7876516742817,1200.0,10800.0,68790.08445709432,63551.588458951504,0.0,19704.036999282376,4178.919071861956,88494.1214563767,35,39713.63690474625,0,1.0000695738199283e-07
2025-12-05,Q4-2 ANNUAL / AWAITING HUMAN REVIEW,3284.7876516742817,3181.4376949605285,1200.000000018904,10214.816860357027,19949.23509142163,18442.656562419917,0.0,10353.397836310169,2273.690707270863,30302.6329277318,26,36445.410084372124,0,1.0000232464335568e-07
2025-12-06,Q4-2 ANNUAL / AWAITING HUMAN REVIEW,3181.4376949605285,3138.6379542532663,1200.0,10269.27188417152,20470.6867448531,18751.28610714255,0.0,13083.51549420257,3288.9361895621764,33554.20223905567,36,37924.33874477059,0,1.0000343309002346e-07
2025-12-07,Q4-2 ANNUAL / AWAITING HUMAN REVIEW,3138.6379542532663,3109.899721224059,1200.0,10347.02288974299,69336.48217611045,64560.68977612148,0.0,13186.371295919522,2343.3870725252073,82522.85347202996,26,40687.328679842394,0,1.00000761449337e-07
2025-12-08,Q4-2 ANNUAL / AWAITING HUMAN REVIEW,3109.899721224059,3109.899721124059,1200.0,10800.0,71857.36346485154,68969.96724514313,0.0,3693.916659883266,603.4678687715619,75551.2801247348,9,42009.94001590822,0,1.0001531336456537e-07
2025-12-09,Q4-2 ANNUAL / AWAITING HUMAN REVIEW,3109.899721124059,3109.899721024059,1200.0,10800.0,71152.77400450027,69541.9290508103,0.0,4243.134139278994,658.6334547791099,75395.90814377926,6,41351.067244431935,0,1.000003126705451e-07
2025-12-10,Q4-2 ANNUAL / AWAITING HUMAN REVIEW,3109.899721024059,3109.8997209240592,1200.0,10800.0,72300.18724598514,69798.16939767801,0.0,3532.0103693308565,545.0800665673361,75832.19761531599,8,43316.077357885704,0,1.0000263728215941e-07
2025-12-11,Q4-2 ANNUAL / AWAITING HUMAN REVIEW,3109.8997209240592,3109.8997208240594,1200.0,10800.0,70923.68634933536,69967.20076400696,0.0,3719.9281022456557,544.8761242899055,74643.61445158103,3,39454.15288702617,0,1.0000011906186046e-07
2025-12-12,Q4-2 ANNUAL / AWAITING HUMAN REVIEW,3109.8997208240594,3151.074720752206,1200.0,10339.762716014571,22565.626702726116,21029.465214018615,0.0,4425.707076602535,941.3446513332108,26991.33377932865,11,37347.62723999271,0,1.0001167538575828e-07
2025-12-13,Q4-2 ANNUAL / AWAITING HUMAN REVIEW,3151.074720752206,3140.4200910282043,1200.0,10280.205105719215,22882.522569819164,21856.569420192754,0.0,3085.4382966061144,642.4386254904967,25967.96086642528,10,37948.332478311575,0,1.000043994281441e-07
2025-12-14,Q4-2 ANNUAL / AWAITING HUMAN REVIEW,3140.4200910282043,3140.420090928204,1200.0,10769.776263888252,73475.92056939274,70813.67807864273,0.0,7834.603360511057,1301.4533280869518,81310.5239299038,13,40165.161696286246,0,1.00000761449337e-07
2025-12-15,Q4-2 ANNUAL / AWAITING HUMAN REVIEW,3140.420090928204,3140.420090828204,1200.0,10800.0,76389.93894127736,75599.18504826305,0.0,1745.0829690395885,262.5538728053433,78135.02191031695,2,40610.04943332569,0,1.0000112268926386e-07
2025-12-16,Q4-2 ANNUAL / AWAITING HUMAN REVIEW,3140.420090828204,3127.254350035995,1270.889222222222,10800.0,76453.83328819394,76097.59209781098,0.0,197.44762964265163,29.961704171332975,76651.28091783659,1,40583.12044880145,0,1.0001531336456537e-07
2025-12-17,Q4-2 ANNUAL / AWAITING HUMAN REVIEW,3127.254350035995,3127.254349935995,1441.5827268050618,10679.602193523571,76376.48018127502,76304.98763284663,0.0,1.4001162674840704e-06,4.098234725270943e-07,76376.48018267514,0,39741.48008251948,0,1.00000761449337e-07
2025-12-18,Q4-2 ANNUAL / AWAITING HUMAN REVIEW,3127.254349935995,3127.254349835995,1222.4203574074072,10730.559889813543,75694.30263503856,75156.02749796564,0.0,1575.9067926445753,248.55876284827355,77270.20942768313,3,40609.912926312085,0,1.0002986527979374e-07
2025-12-19,Q4-2 ANNUAL / AWAITING HUMAN REVIEW,3127.254349835995,3127.2543497359948,1200.00000001907,10800.0,24747.111823458727,24428.676084645886,0.0,1246.7416989791004,338.8327302740253,25993.85352243783,7,34821.11414210875,0,1.0000055567616072e-07
2025-12-20,Q4-2 ANNUAL / AWAITING HUMAN REVIEW,3127.2543497359948,3152.6904607483834,1304.8185145964787,10744.630009943061,25030.33105405976,25142.819580099116,0.0,355.1212455459655,115.03765651671564,25385.45229960572,1,36727.04949871458,0,1.0000030670198612e-07
2025-12-21,Q4-2 ANNUAL / AWAITING HUMAN REVIEW,3152.6904607483834,3152.6904606483836,1200.0,10800.0,75891.97330607416,76033.52319831343,0.0,784.6084347622327,198.83205717503864,76676.58174083638,9,43358.894342993604,0,1.00000761449337e-07
2025-12-22,Q4-2 ANNUAL / AWAITING HUMAN REVIEW,3152.6904606483836,3152.6904605483833,1337.8309324068703,10800.0,76133.79092296625,75509.02869487838,0.0,1367.2912314331707,367.60614548933984,77501.08215439941,12,41062.73418927367,0,1.0002039374512606e-07
2025-12-23,Q4-2 ANNUAL / AWAITING HUMAN REVIEW,3152.6904605483833,3152.6904604483834,1658.4311173593048,10800.0,75891.15411016693,75350.41465355351,0.0,1.2000370701697138e-06,2.8782231713007883e-07,75891.15411136697,0,40373.279420554034,0,1.00000761449337e-07
2025-12-24,Q4-2 ANNUAL / AWAITING HUMAN REVIEW,3152.6904604483834,3152.6904603483836,1272.459344793406,10800.0,75222.05950562397,75611.37390580386,0.0,1.5000032782498517e-06,3.7725661109058585e-07,75222.05950712397,0,40023.013450135404,0,1.0000074786375991e-07
2025-12-25,Q4-2 ANNUAL / AWAITING HUMAN REVIEW,3152.6904603483836,3152.6904602483833,1441.4047933447955,10800.0,75285.04983773305,74110.97309577343,0.0,526.3303532609427,125.55237849252882,75811.380190994,4,40272.10232669534,0,1.0000493944062328e-07
2025-12-26,Q4-2 ANNUAL / AWAITING HUMAN REVIEW,3152.6904602483833,3152.690460148383,1544.439523266253,10800.0,24610.990122491916,24332.117799915755,0.0,1057.7983225197906,348.1624454387633,25668.788445011705,5,35452.98433142403,0,1.0000509576002514e-07
2025-12-27,Q4-2 ANNUAL / AWAITING HUMAN REVIEW,3152.690460148383,3166.3256452320857,1200.0,10682.417636870368,24020.316174059888,24513.135697108977,0.0,667.4849144901339,163.8855620995937,24687.801088550026,7,36259.890566684866,0,1.0000789529840404e-07
2025-12-28,Q4-2 ANNUAL / AWAITING HUMAN REVIEW,3166.3256452320857,3166.325645132086,1749.391326669421,10800.000000000002,75068.89586889766,75827.30610038903,0.0,211.19771754833516,28.283245371642792,75280.09358644599,2,38886.30232331705,0,1.00000761449337e-07
2025-12-29,Q4-2 ANNUAL / AWAITING HUMAN REVIEW,3166.325645132086,3154.1274969367096,1608.8212210333681,10800.0,75203.4503054025,76067.24250622284,0.0,1.6000565707174934e-06,4.6872581101492794e-07,75203.45030700255,0,39174.67843744435,0,1.0000085410410974e-07
2025-12-30,Q4-2 ANNUAL / AWAITING HUMAN REVIEW,3154.1274969367096,3154.1274968367093,1627.603817329324,10800.0,74299.52738314767,75250.81564333715,0.0,1.100010990418591e-06,3.2901484576165087e-07,74299.52738424767,0,40036.462625172135,0,1.0000005750043783e-07
2025-12-31,Q4-2 ANNUAL / AWAITING HUMAN REVIEW,3154.1274968367093,3095.5904597477725,1442.3805802111788,10740.0570585,74671.00988947476,74765.04897417403,0.0,1.500015198931548e-06,3.362152326432593e-07,74671.00989097478,0,42030.27841371882,0,1.0000100348861452e-07
