date,update_time,sample_count,effective_slots,historical_error_old,historical_error_new,confidence_rho,history_dates
2025-03-20,06:00,7,522,0.07814425689698573,0.06304273340530774,0.5534805697044803,2025-03-13;2025-03-14;2025-03-15;2025-03-16;2025-03-17;2025-03-18;2025-03-19
2025-03-20,12:00,7,270,0.06415672469214678,0.03409828242627885,0.6529613453245442,2025-03-13;2025-03-14;2025-03-15;2025-03-16;2025-03-17;2025-03-18;2025-03-19
2025-03-20,18:00,7,25,0.9999999974648031,0.9999999974648031,0.5,2025-03-13;2025-03-14;2025-03-15;2025-03-16;2025-03-17;2025-03-18;2025-03-19
2025-03-21,06:00,7,523,0.08484218504508909,0.07223556011911232,0.5401286105414042,2025-03-14;2025-03-15;2025-03-16;2025-03-17;2025-03-18;2025-03-19;2025-03-20
2025-03-21,12:00,7,271,0.0654907827413013,0.033999497970460896,0.6582630896959252,2025-03-14;2025-03-15;2025-03-16;2025-03-17;2025-03-18;2025-03-19;2025-03-20
2025-03-21,18:00,7,26,0.9999999978888479,0.9999999978888479,0.5,2025-03-14;2025-03-15;2025-03-16;2025-03-17;2025-03-18;2025-03-19;2025-03-20
2025-03-22,06:00,7,524,0.09725172655804923,0.06774499704021499,0.5894160965675708,2025-03-15;2025-03-16;2025-03-17;2025-03-18;2025-03-19;2025-03-20;2025-03-21
2025-03-22,12:00,7,272,0.06883513648088876,0.0327101605359704,0.6778761296245728,2025-03-15;2025-03-16;2025-03-17;2025-03-18;2025-03-19;2025-03-20;2025-03-21
2025-03-22,18:00,7,27,0.9999999981624347,0.9999999981624347,0.5,2025-03-15;2025-03-16;2025-03-17;2025-03-18;2025-03-19;2025-03-20;2025-03-21
