slot,source_time,price_yuan_per_kwh,load_kw,pv_forecast_kw,load_kwh,pv_forecast_kwh,x_kwh,y_kwh,q_kwh,z_kwh,soc_kwh,soc_previous_kwh,grid_purchase_kwh,charge_input_kwh,battery_charge_kwh,battery_discharge_kwh,supply_surplus_kwh,cost_yuan,throughput_kwh
1,00:10:00,0.4248,3439.8466,0.0,573.3077666666666,0.0,833.3333333333339,573.3077666666666,0.0,0.0,6750.0,6000.0,1406.6411000000005,833.3333333333339,750.0000000000006,0.0,0.0,597.5411392800003,750.0000000000006
2,00:20:00,0.4245,3437.9792,0.0,572.9965333333333,0.0,833.3333333333339,572.9965333333333,0.0,0.0,7500.0,6750.0,1406.3298666666674,833.3333333333339,750.0000000000006,0.0,0.0,596.9870284000003,750.0000000000006
3,00:30:00,0.4269,3444.3031,0.0,574.0505166666667,0.0,833.3333333333339,574.0505166666667,0.0,0.0,8250.0,7500.0,1407.3838500000006,833.3333333333339,750.0000000000006,0.0,0.0,600.8121655650002,750.0000000000006
4,00:40:00,0.4272,3454.4437,0.0,575.7406166666666,0.0,833.3333333333321,575.7406166666666,0.0,0.0,9000.0,8250.0,1409.0739499999986,833.3333333333321,749.999999999999,0.0,0.0,601.9563914399995,749.999999999999
5,00:50:00,0.4271,3458.8273,0.0,576.4712166666666,0.0,833.3333333333339,576.4712166666666,0.0,0.0,9750.0,9000.0,1409.8045500000005,833.3333333333339,750.0000000000006,0.0,0.0,602.1275233050002,750.0000000000006
6,01:00:00,0.4285,3459.8401,0.0,576.6400166666666,0.0,0.0,576.6400166666666,0.0,0.0,9750.0,9750.0,576.6400166666666,0.0,0.0,0.0,0.0,247.09024714166665,0.0
7,01:10:00,0.4311,3467.1582,0.0,577.8597,0.0,0.0,577.8597,0.0,0.0,9750.0,9750.0,577.8597,0.0,0.0,0.0,0.0,249.11531666999997,0.0
8,01:20:00,0.4302,3467.9632,0.0,577.9938666666667,0.0,0.0,577.9938666666667,0.0,0.0,9750.0,9750.0,577.9938666666667,0.0,0.0,0.0,0.0,248.65296144,0.0
9,01:30:00,0.4279,3466.9683,0.0,577.82805,0.0,333.33333333333394,577.82805,0.0,0.0,10050.0,9750.0,911.1613833333339,333.33333333333394,300.00000000000057,0.0,0.0,389.8859559283336,300.00000000000057
10,01:40:00,0.4312,3482.4927,0.0,580.41545,0.0,0.0,580.41545,0.0,0.0,10050.0,10050.0,580.41545,0.0,0.0,0.0,0.0,250.27514204,0.0
11,01:50:00,0.4333,3495.0841,0.0,582.5140166666666,0.0,0.0,582.5140166666666,0.0,0.0,10050.0,10050.0,582.5140166666666,0.0,0.0,0.0,0.0,252.40332342166667,0.0
12,02:00:00,0.4311,3498.4443,0.0,583.0740499999999,0.0,0.0,583.0740499999999,0.0,0.0,10050.0,10050.0,583.0740499999999,0.0,0.0,0.0,0.0,251.36322295499997,0.0
13,02:10:00,0.4293,3505.2295,0.0,584.2049166666666,0.0,0.0,584.2049166666666,0.0,0.0,10050.0,10050.0,584.2049166666666,0.0,0.0,0.0,0.0,250.79917072499998,0.0
14,02:20:00,0.4324,3512.6387,0.0,585.4397833333333,0.0,0.0,585.4397833333333,0.0,0.0,10050.0,10050.0,585.4397833333333,0.0,0.0,0.0,0.0,253.1441623133333,0.0
15,02:30:00,0.4367,3516.8685,0.0,586.1447499999999,0.0,0.0,586.1447499999999,0.0,0.0,10050.0,10050.0,586.1447499999999,0.0,0.0,0.0,0.0,255.96941232499995,0.0
16,02:40:00,0.4348,3517.9246,0.0,586.3207666666666,0.0,0.0,586.3207666666666,0.0,0.0,10050.0,10050.0,586.3207666666666,0.0,0.0,0.0,0.0,254.93226934666666,0.0
17,02:50:00,0.4335,3518.5518,0.0,586.4253,0.0,0.0,586.4253,0.0,0.0,10050.0,10050.0,586.4253,0.0,0.0,0.0,0.0,254.21536755,0.0
18,03:00:00,0.4357,3521.0976,0.0,586.8496,0.0,0.0,586.8496,0.0,0.0,10050.0,10050.0,586.8496,0.0,0.0,0.0,0.0,255.69037072,0.0
19,03:10:00,0.4374,3526.9261,0.0,587.8210166666667,0.0,0.0,587.8210166666667,0.0,0.0,10050.0,10050.0,587.8210166666667,0.0,0.0,0.0,0.0,257.11291269,0.0
20,03:20:00,0.4371,3537.2854,0.0,589.5475666666666,0.0,0.0,589.5475666666666,0.0,0.0,10050.0,10050.0,589.5475666666666,0.0,0.0,0.0,0.0,257.69124138999996,0.0
21,03:30:00,0.4356,3544.8808,0.0,590.8134666666666,0.0,0.0,590.8134666666666,0.0,0.0,10050.0,10050.0,590.8134666666666,0.0,0.0,0.0,0.0,257.35834608,0.0
22,03:40:00,0.4353,3541.2787,0.0,590.2131166666666,0.0,0.0,590.2131166666666,0.0,0.0,10050.0,10050.0,590.2131166666666,0.0,0.0,0.0,0.0,256.91976968499995,0.0
23,03:50:00,0.436,3546.3976,0.0,591.0662666666666,0.0,0.0,591.0662666666666,0.0,0.0,10050.0,10050.0,591.0662666666666,0.0,0.0,0.0,0.0,257.70489226666666,0.0
24,04:00:00,0.4378,3560.207,0.0,593.3678333333332,0.0,0.0,593.3678333333332,0.0,0.0,10050.0,10050.0,593.3678333333332,0.0,0.0,0.0,0.0,259.7764374333333,0.0
25,04:10:00,0.4401,3561.9581,0.0,593.6596833333333,0.0,0.0,593.6596833333333,0.0,0.0,10050.0,10050.0,593.6596833333333,0.0,0.0,0.0,0.0,261.269626635,0.0
26,04:20:00,0.4389,3556.7183,0.0,592.7863833333333,0.0,0.0,592.7863833333333,0.0,0.0,10050.0,10050.0,592.7863833333333,0.0,0.0,0.0,0.0,260.173943645,0.0
27,04:30:00,0.4364,3560.0272,0.0,593.3378666666666,0.0,0.0,593.3378666666666,0.0,0.0,10050.0,10050.0,593.3378666666666,0.0,0.0,0.0,0.0,258.93264501333334,0.0
28,04:40:00,0.4393,3580.654,0.5994,596.7756666666667,0.0999,0.0,596.6757666666666,0.0,0.0,10050.0,10050.0,596.6757666666666,0.0,0.0,0.0,0.0,262.11966429666666,0.0
29,04:50:00,0.4422,3586.916,0.2345,597.8193333333334,0.03908333333333333,0.0,597.78025,0.0,0.0,10050.0,10050.0,597.78025,0.0,0.0,0.0,0.0,264.33842655,0.0
30,05:00:00,0.4395,3571.2635,0.2885,595.2105833333333,0.048083333333333325,0.0,595.1624999999999,0.0,0.0,10050.0,10050.0,595.1624999999999,0.0,0.0,0.0,0.0,261.57391874999996,0.0
31,05:10:00,0.4333,3562.3171,18.6781,593.7195166666667,3.1130166666666668,0.0,590.6065,0.0,0.0,10050.0,10050.0,590.6065,0.0,0.0,0.0,0.0,255.90979645000002,0.0
32,05:20:00,0.4439,3591.3809,54.4698,598.5634833333334,9.078299999999999,0.0,589.4851833333333,0.0,0.0,10050.0,10050.0,589.4851833333333,0.0,0.0,0.0,0.0,261.6724728816667,0.0
33,05:30:00,0.4301,3579.7045,108.9718,596.6174166666666,18.161966666666665,0.0,578.4554499999999,0.0,0.0,10050.0,10050.0,578.4554499999999,0.0,0.0,0.0,0.0,248.79368904499995,0.0
34,05:40:00,0.3713,3486.119,184.1603,581.0198333333333,30.693383333333333,833.3333333333334,550.3264499999999,0.0,0.0,10800.0,10050.0,1383.6597833333333,833.3333333333334,750.0,0.0,0.0,513.7528775516666,750.0
35,05:50:00,0.5708,3823.8994,277.0582,637.3165666666666,46.17636666666667,0.0,591.1401999999999,0.0,0.0,10800.0,10800.0,591.1401999999999,0.0,0.0,0.0,0.0,337.42282615999994,0.0
36,06:00:00,0.9099,4398.0727,388.5494,733.0121166666665,64.75823333333332,0.0,0.0,0.0,668.2538833333332,10057.495685185186,10800.0,0.0,0.0,0.0,742.5043148148146,0.0,0.0,742.5043148148146
37,06:10:00,0.9368,4454.0123,521.2803,742.3353833333333,86.88005,0.0,0.0,0.0,655.4553333333333,9329.211981481481,10057.495685185186,0.0,0.0,0.0,728.2837037037037,0.0,0.0,728.2837037037037
38,06:20:00,0.8758,4371.7919,672.7677,728.6319833333333,112.12795,0.0,0.0,0.0,616.5040333333334,8644.2075,9329.211981481481,0.0,0.0,0.0,685.0044814814815,1.1368683772161603e-13,0.0,685.0044814814815
39,06:30:00,0.8759,4392.953,844.2261,732.1588333333334,140.70434999999998,0.0,0.0,0.0,591.4544833333334,7987.035851851852,8644.2075,0.0,0.0,0.0,657.1716481481483,0.0,0.0,657.1716481481483
40,06:40:00,0.8601,4384.5956,1039.6744,730.7659333333332,173.27906666666667,0.0,0.0,0.0,557.4868666666666,7367.606000000001,7987.035851851852,0.0,0.0,0.0,619.4298518518518,1.1368683772161603e-13,0.0,619.4298518518518
41,06:50:00,0.8442,4434.7757,1259.3375,739.1292833333333,209.88958333333335,0.0,0.0,0.0,529.2397,6779.561888888889,7367.606000000001,0.0,0.0,0.0,588.0441111111111,0.0,0.0,588.0441111111111
42,07:00:00,0.8334,4523.4561,1508.6318,753.90935,251.43863333333334,0.0,0.0,0.0,502.4707166666667,6221.261092592593,6779.561888888889,0.0,0.0,0.0,558.3007962962963,0.0,0.0,558.3007962962963
43,07:10:00,0.8092,4524.0721,1791.4107,754.0120166666667,298.56845,0.0,0.0,0.0,455.4435666666667,5715.212685185185,6221.261092592593,0.0,0.0,0.0,506.0484074074074,0.0,0.0,506.0484074074074
44,07:20:00,0.7972,4545.8867,2085.4865,757.6477833333333,347.5810833333333,0.0,0.0,0.0,410.0667,5259.583018518519,5715.212685185185,0.0,0.0,0.0,455.6296666666667,0.0,0.0,455.6296666666667
45,07:30:00,0.7644,4523.2418,2381.2611,753.8736333333333,396.87685,0.0,0.0,0.0,356.99678333333327,4862.919925925926,5259.583018518519,0.0,0.0,0.0,396.66309259259253,0.0,0.0,396.66309259259253
46,07:40:00,0.6899,4383.3566,2683.1752,730.5594333333333,447.1958666666667,0.0,0.0,0.0,283.36356666666666,4548.071518518518,4862.919925925926,0.0,0.0,0.0,314.84840740740736,0.0,0.0,314.84840740740736
47,07:50:00,0.86,4910.4599,2986.3552,818.4099833333332,497.72586666666666,0.0,0.0,0.0,320.68411666666657,4191.755833333333,4548.071518518518,0.0,0.0,0.0,356.3156851851851,0.0,0.0,356.3156851851851
48,08:00:00,1.1617,5799.7327,3289.204,966.6221166666666,548.2006666666666,0.0,0.0,0.0,418.42144999999994,3726.8431111111104,4191.755833333333,0.0,0.0,0.0,464.91272222222216,0.0,0.0,464.91272222222216
49,08:10:00,1.1683,5884.826,3593.3613,980.8043333333333,598.89355,0.0,0.0,0.0,381.91078333333326,3302.4977962962957,3726.8431111111104,0.0,0.0,0.0,424.34531481481474,0.0,0.0,424.34531481481474
50,08:20:00,1.0956,5748.0713,3890.7332,958.0118833333332,648.4555333333333,0.0,0.0,0.0,309.55634999999995,2958.5462962962956,3302.4977962962957,0.0,0.0,0.0,343.95149999999995,0.0,0.0,343.95149999999995
51,08:30:00,1.0849,5769.0581,4181.3417,961.5096833333333,696.8902833333333,0.0,0.0,0.0,264.61940000000004,2664.52474074074,2958.5462962962956,0.0,0.0,0.0,294.0215555555556,0.0,0.0,294.0215555555556
52,08:40:00,1.061,5754.2105,4471.7657,959.0350833333333,745.2942833333333,0.0,0.0,0.0,213.74080000000004,2427.0349629629623,2664.52474074074,0.0,0.0,0.0,237.48977777777782,0.0,0.0,237.48977777777782
53,08:50:00,1.043,5824.1807,4752.8272,970.6967833333333,792.1378666666666,0.0,0.0,0.0,178.55891666666673,2228.6361666666658,2427.0349629629623,0.0,0.0,0.0,198.39879629629635,0.0,0.0,198.39879629629635
54,09:00:00,1.036,5954.2601,5021.9074,992.3766833333334,836.9845666666666,0.0,0.0,0.0,155.39211666666677,2055.9782592592583,2228.6361666666658,0.0,0.0,0.0,172.65790740740752,0.0,0.0,172.65790740740752
55,09:10:00,1.0147,5958.9696,5285.4126,993.1616,880.9020999999999,0.0,0.0,0.0,112.25950000000012,1931.2454814814803,2055.9782592592583,0.0,0.0,0.0,124.7327777777779,0.0,0.0,124.7327777777779
56,09:20:00,0.9922,5929.5554,5543.1742,988.2592333333333,923.8623666666667,0.0,0.0,0.0,64.3968666666666,1859.6934074074063,1931.2454814814803,0.0,0.0,0.0,71.552074074074,0.0,0.0,71.552074074074
57,09:30:00,0.97,5923.7828,5788.4093,987.2971333333332,964.7348833333333,0.0,0.0,0.0,22.56224999999995,1834.6242407407397,1859.6934074074063,0.0,0.0,0.0,25.06916666666661,0.0,0.0,25.06916666666661
58,09:40:00,0.9422,5907.586,6012.1304,984.5976666666667,1002.0217333333333,0.0,0.0,17.42406666666659,0.0,1850.3059007407396,1834.6242407407397,0.0,17.42406666666659,15.681659999999932,0.0,0.0,0.0,15.681659999999932
59,09:50:00,0.9569,5899.1262,6216.1528,983.1877,1036.0254666666665,0.0,0.0,52.83776666666654,0.0,1897.8598907407395,1850.3059007407396,0.0,52.83776666666654,47.553989999999885,0.0,0.0,0.0,47.553989999999885
60,10:00:00,0.9977,5902.2196,6409.5941,983.7032666666667,1068.2656833333333,0.0,0.0,84.56241666666665,0.0,1973.9660657407394,1897.8598907407395,0.0,84.56241666666665,76.106175,0.0,0.0,0.0,76.106175
61,10:10,0.9919,5897.4793,6599.3808,982.9132166666666,1099.8968,0.0,0.0,116.9835833333334,0.0,2079.2512907407395,1973.9660657407394,0.0,116.9835833333334,105.28522500000007,0.0,0.0,0.0,105.28522500000007
62,10:20,0.9588,5886.7568,6766.7204,981.1261333333333,1127.7867333333334,0.0,0.0,146.66060000000004,0.0,2211.2458307407396,2079.2512907407395,0.0,146.66060000000004,131.99454000000006,0.0,0.0,0.0,131.99454000000006
63,10:30,0.9549,5873.4708,6914.5923,978.9118,1152.43205,0.0,0.0,173.52024999999992,0.0,2367.4140557407395,2211.2458307407396,0.0,173.52024999999992,156.16822499999992,0.0,0.0,0.0,156.16822499999992
64,10:40,0.9839,5858.0308,7064.2053,976.3384666666667,1177.36755,0.0,0.0,201.02908333333323,0.0,2548.3402307407396,2367.4140557407395,0.0,201.02908333333323,180.92617499999992,0.0,0.0,0.0,180.92617499999992
65,10:50,0.799,5844.9948,7197.4315,974.1658,1199.5719166666665,0.0,0.0,225.40611666666655,0.0,2751.2057357407393,2548.3402307407396,0.0,225.40611666666655,202.8655049999999,0.0,0.0,0.0,202.8655049999999
66,11:00,0.5025,5839.0587,7303.1142,973.1764499999999,1217.1857,0.0,0.0,244.00925000000007,0.0,2970.8140607407395,2751.2057357407393,0.0,244.00925000000007,219.60832500000006,0.0,0.0,0.0,219.60832500000006
67,11:10,0.4662,5838.7103,7387.6848,973.1183833333332,1231.2808,0.0,575.1709166666666,833.3333333333334,0.0,3720.8140607407395,2970.8140607407395,575.1709166666666,833.3333333333334,750.0,0.0,0.0,268.14468135,750.0
68,11:20,0.5007,5823.4378,7459.227,970.5729666666666,1243.2044999999998,0.0,0.0,272.6315333333332,0.0,3966.1824407407394,3720.8140607407395,0.0,272.6315333333332,245.3683799999999,0.0,0.0,0.0,245.3683799999999
69,11:30,0.4827,5814.7932,7520.7191,969.1322,1253.4531833333333,0.0,0.0,284.3209833333333,0.0,4222.07132574074,3966.1824407407394,0.0,284.3209833333333,255.88888499999996,0.0,0.0,0.0,255.88888499999996
70,11:40,0.4785,5832.3951,7568.2039,972.06585,1261.3673166666667,179.2771713991806,0.0,289.3014666666668,0.0,4643.792100000002,4222.07132574074,179.2771713991806,468.5786380658474,421.72077425926267,0.0,0.0,85.7841265145079,421.72077425926267
71,11:50,0.4662,5712.901,7592.1539,952.1501666666666,1265.3589833333333,520.1245166666666,0.0,313.20881666666673,0.0,5393.792100000002,4643.792100000002,520.1245166666666,833.3333333333334,750.0,0.0,0.0,242.48204966999998,750.0
72,12:00,0.4432,5519.4607,7601.0433,919.9101166666666,1266.84055,486.40290000000005,0.0,346.9304333333333,0.0,6143.792100000002,5393.792100000002,486.40290000000005,833.3333333333334,750.0,0.0,0.0,215.57376528,750.0
73,12:10,0.4411,5494.7907,7612.316,915.7984499999999,1268.7193333333332,480.41245000000004,0.0,352.92088333333334,0.0,6893.792100000002,6143.792100000002,480.41245000000004,833.3333333333334,750.0,0.0,0.0,211.909931695,750.0
74,12:20,0.4551,5514.4524,7602.6524,919.0754,1267.1087333333332,485.30000000000007,0.0,348.0333333333333,0.0,7643.792100000002,6893.792100000002,485.30000000000007,833.3333333333334,750.0,0.0,0.0,220.86003000000002,750.0
75,12:30,0.4463,5485.829,7554.1872,914.3048333333332,1259.0312,488.6069666666667,0.0,344.72636666666665,0.0,8393.792100000002,7643.792100000002,488.6069666666667,833.3333333333334,750.0,0.0,0.0,218.06528922333334,750.0
76,12:40,0.4113,5462.3628,7472.7384,910.3937999999999,1245.4564,498.2707333333333,0.0,335.0626000000001,0.0,9143.792100000004,8393.792100000002,498.2707333333333,833.3333333333334,750.0,0.0,0.0,204.93875261999997,750.0
77,12:50,0.5682,5566.1066,7393.4172,927.6844333333333,1232.2361999999998,0.0,0.0,304.5517666666665,0.0,9417.888690000003,9143.792100000004,0.0,304.5517666666665,274.0965899999998,0.0,0.0,0.0,274.0965899999998
78,13:00,0.8279,5725.7548,7312.7979,954.2924666666665,1218.79965,0.0,0.0,264.5071833333334,0.0,9655.945155000003,9417.888690000003,0.0,264.5071833333334,238.05646500000006,0.0,0.0,0.0,238.05646500000006
79,13:10,0.8636,5739.4957,7194.541,956.5826166666667,1199.0901666666666,0.0,0.0,242.50754999999992,0.0,9874.201950000002,9655.945155000003,0.0,242.50754999999992,218.25679499999993,0.0,0.0,0.0,218.25679499999993
80,13:20,0.8416,5714.6836,7053.1371,952.4472666666667,1175.5228499999998,0.0,0.0,223.07558333333316,0.0,10074.969975000002,9874.201950000002,0.0,223.07558333333316,200.76802499999985,0.0,0.0,0.0,200.76802499999985
81,13:30,0.8618,5717.8505,6910.4064,952.9750833333333,1151.7343999999998,0.0,0.0,198.75931666666656,0.0,10253.853360000001,10074.969975000002,0.0,198.75931666666656,178.88338499999992,0.0,0.0,0.0,178.88338499999992
82,13:40,0.8623,5708.2486,6772.4075,951.3747666666666,1128.7345833333334,0.0,0.0,177.3598166666668,0.0,10413.477195000001,10253.853360000001,0.0,177.3598166666668,159.62383500000013,0.0,0.0,0.0,159.62383500000013
83,13:50,0.9026,5696.9182,6607.36,949.4863666666666,1101.2266666666665,0.0,0.0,151.74029999999982,0.0,10550.043465,10413.477195000001,0.0,151.74029999999982,136.56626999999983,0.0,0.0,0.0,136.56626999999983
84,14:00,0.9754,5692.2983,6412.5085,948.7163833333334,1068.7514166666665,0.0,0.0,120.0350333333331,0.0,10658.074995,10550.043465,0.0,120.0350333333331,108.03152999999979,0.0,0.0,0.0,108.03152999999979
85,14:10,1.0002,5687.1291,6214.0158,947.8548499999999,1035.6693,0.0,0.0,87.81445000000008,0.0,10737.108,10658.074995,0.0,87.81445000000008,79.03300500000007,0.0,0.0,0.0,79.03300500000007
86,14:20,0.9978,5678.962,6000.7112,946.4936666666667,1000.1185333333333,0.0,0.0,53.62486666666655,0.0,10785.37038,10737.108,0.0,53.62486666666655,48.262379999999894,0.0,0.0,0.0,48.262379999999894
87,14:30,1.0271,5669.4508,5766.9816,944.9084666666665,961.1636,0.0,0.0,16.255133333333447,0.0,10800.0,10785.37038,0.0,16.255133333333447,14.629620000000102,0.0,0.0,0.0,14.629620000000102
88,14:40,1.0906,5664.1948,5521.5066,944.0324666666667,920.2511,0.0,0.0,0.0,23.781366666666713,10773.57625925926,10800.0,0.0,0.0,0.0,26.42374074074079,0.0,0.0,26.42374074074079
89,14:50,0.9376,5672.7011,5268.781,945.4501833333334,878.1301666666666,0.0,0.0,0.0,67.32001666666679,10698.77624074074,10773.57625925926,0.0,0.0,0.0,74.80001851851866,0.0,0.0,74.80001851851866
90,15:00,0.6694,5682.2544,5009.7152,947.0423999999999,834.9525333333332,0.0,112.0898666666667,0.0,0.0,10698.77624074074,10698.77624074074,112.0898666666667,0.0,0.0,0.0,0.0,75.03295674666668,0.0
91,15:10,0.66,5669.0195,4743.4484,944.8365833333334,790.5747333333334,112.47084362139908,154.26184999999998,0.0,0.0,10800.0,10698.77624074074,266.73269362139905,112.47084362139908,101.22375925925918,0.0,0.0,176.04357779012338,101.22375925925918
92,15:20,0.7217,5656.3651,4471.224,942.7275166666666,745.204,0.0,197.52351666666664,0.0,0.0,10800.0,10800.0,197.52351666666664,0.0,0.0,0.0,0.0,142.55272197833332,0.0
93,15:30,0.7308,5657.0867,4188.2025,942.8477833333333,698.03375,0.0,244.8140333333332,0.0,0.0,10800.0,10800.0,244.8140333333332,0.0,0.0,0.0,0.0,178.91009555999992,0.0
94,15:40,0.7534,5662.6008,3889.3931,943.7668,648.2321833333333,0.0,295.5346166666667,0.0,0.0,10800.0,10800.0,295.5346166666667,0.0,0.0,0.0,0.0,222.65578019666668,0.0
95,15:50,0.7823,5669.2596,3594.5946,944.8766,599.0990999999999,0.0,345.77750000000015,0.0,0.0,10800.0,10800.0,345.77750000000015,0.0,0.0,0.0,0.0,270.50173825000013,0.0
96,16:00,0.8055,5673.4767,3303.8878,945.57945,550.6479666666667,0.0,394.9314833333333,0.0,0.0,10800.0,10800.0,394.9314833333333,0.0,0.0,0.0,0.0,318.11730982499995,0.0
97,16:10,0.8271,5671.0146,2998.4247,945.1691000000001,499.73744999999997,0.0,445.4316500000001,0.0,0.0,10800.0,10800.0,445.4316500000001,0.0,0.0,0.0,0.0,368.41651771500005,0.0
98,16:20,0.8519,5661.5926,2687.4131,943.5987666666666,447.90218333333337,0.0,495.69658333333325,0.0,0.0,10800.0,10800.0,495.69658333333325,0.0,0.0,0.0,0.0,422.2839193416666,0.0
99,16:30,0.8791,5665.8922,2383.1779,944.3153666666667,397.1963166666667,0.0,547.11905,0.0,0.0,10800.0,10800.0,547.11905,0.0,0.0,0.0,0.0,480.972356855,0.0
100,16:40,0.9024,5689.0372,2089.1246,948.1728666666666,348.18743333333333,0.0,599.9854333333333,0.0,0.0,10800.0,10800.0,599.9854333333333,0.0,0.0,0.0,0.0,541.42685504,0.0
101,16:50,0.9163,5603.6614,1791.0829,933.9435666666666,298.5138166666667,0.0,635.4297499999999,0.0,0.0,10800.0,10800.0,635.4297499999999,0.0,0.0,0.0,0.0,582.2442799249999,0.0
102,17:00,0.9264,5466.7124,1501.7283,911.1187333333334,250.28805,0.0,660.8306833333334,0.0,0.0,10800.0,10800.0,660.8306833333334,0.0,0.0,0.0,0.0,612.19354504,0.0
103,17:10,0.9462,5467.3939,1255.1723,911.2323166666666,209.19538333333333,0.0,702.0369333333333,0.0,0.0,10800.0,10800.0,702.0369333333333,0.0,0.0,0.0,0.0,664.26734632,0.0
104,17:20,0.9742,5464.727,1036.3323,910.7878333333333,172.72205,0.0,738.0657833333333,0.0,0.0,10800.0,10800.0,738.0657833333333,0.0,0.0,0.0,0.0,719.0236861233333,0.0
105,17:30,0.9862,5492.4458,836.7775,915.4076333333334,139.46291666666667,0.0,775.9447166666666,0.0,0.0,10800.0,10800.0,775.9447166666666,0.0,0.0,0.0,-1.1368683772161603e-13,765.2366795766666,0.0
106,17:40,0.976,5621.7308,665.2313,936.9551333333334,110.87188333333333,0.0,826.08325,0.0,0.0,10800.0,10800.0,826.08325,0.0,0.0,0.0,0.0,806.257252,0.0
107,17:50,1.0742,5091.2126,516.6758,848.5354333333332,86.11263333333332,0.0,762.4227999999999,0.0,0.0,10800.0,10800.0,762.4227999999999,0.0,0.0,0.0,0.0,818.99457176,0.0
108,18:00,1.2313,4208.5688,386.6731,701.4281333333333,64.44551666666666,0.0,636.9826166666667,0.0,0.0,10800.0,10800.0,636.9826166666667,0.0,0.0,0.0,0.0,784.3166959016667,0.0
109,18:10,1.2561,4122.7611,275.7933,687.1268499999999,45.96554999999999,0.0,531.8940499999999,0.0,109.26725000000005,10678.591944444444,10800.0,531.8940499999999,0.0,0.0,121.4080555555556,0.0,668.1121162049999,121.4080555555556
110,18:20,1.2447,4255.9358,182.9526,709.3226333333333,30.492099999999997,0.0,678.8305333333333,0.0,0.0,10678.591944444444,10678.591944444444,678.8305333333333,0.0,0.0,0.0,0.0,844.9403648399999,0.0
111,18:30,1.2545,4225.9524,108.3414,704.3254,18.0569,0.0,686.2684999999999,0.0,0.0,10678.591944444444,10678.591944444444,686.2684999999999,0.0,0.0,0.0,0.0,860.9238332499998,0.0
112,18:40,1.2522,4233.3384,54.3121,705.5563999999999,9.052016666666667,0.0,696.5043833333333,0.0,0.0,10678.591944444444,10678.591944444444,696.5043833333333,0.0,0.0,0.0,0.0,872.1627888099999,0.0
113,18:50,1.2881,4246.4625,18.6569,707.7437499999999,3.1094833333333334,0.0,0.0,0.0,704.6342666666666,9895.664981481481,10678.591944444444,0.0,0.0,0.0,782.9269629629629,0.0,0.0,782.9269629629629
114,19:00,1.3466,4239.1795,0.2753,706.5299166666666,0.04588333333333333,0.0,0.0,0.0,706.4840333333333,9110.682722222222,9895.664981481481,0.0,0.0,0.0,784.9822592592592,0.0,0.0,784.9822592592592
115,19:10,1.3523,4244.6684,0.2296,707.4447333333333,0.038266666666666664,0.0,0.0,0.0,707.4064666666666,8324.675537037037,9110.682722222222,0.0,0.0,0.0,786.0071851851851,0.0,0.0,786.0071851851851
116,19:20,1.3445,4251.9187,0.6007,708.6531166666666,0.10011666666666666,0.0,0.0,0.0,708.553,7537.394425925927,8324.675537037037,0.0,0.0,0.0,787.281111111111,0.0,0.0,787.281111111111
117,19:30,1.3483,4256.6813,0.0,709.4468833333333,0.0,0.0,0.0,0.0,709.4468833333333,6749.120111111112,7537.394425925927,0.0,0.0,0.0,788.2743148148147,0.0,0.0,788.2743148148147
118,19:40,1.349,4267.3947,0.0,711.23245,0.0,0.0,0.0,0.0,711.23245,5958.861833333334,6749.120111111112,0.0,0.0,0.0,790.2582777777777,0.0,0.0,790.2582777777777
119,19:50,1.3473,4269.975,0.0,711.6625,0.0,0.0,0.0,0.0,711.6625,5168.125722222223,5958.861833333334,0.0,0.0,0.0,790.7361111111111,0.0,0.0,790.7361111111111
120,20:00,1.3482,4268.6702,0.0,711.4450333333332,0.0,-9.094947017729282e-13,0.0,0.0,711.4450333333332,4377.631240740741,5168.125722222223,-9.094947017729282e-13,-9.094947017729282e-13,-8.185452315956354e-13,790.4944814814813,0.0,-1.226180756930262e-12,790.4944814814805
121,20:10,1.3513,4282.2245,0.0,713.7040833333333,0.0,0.0,0.0,0.0,713.7040833333333,3584.626703703704,4377.631240740741,0.0,0.0,0.0,793.0045370370369,0.0,0.0,793.0045370370369
122,20:20,1.34,4291.7049,0.0,715.28415,0.0,-4.547473508864641e-13,0.0,0.0,715.28415,2789.8665370370372,3584.626703703704,-4.547473508864641e-13,-4.547473508864641e-13,-4.092726157978177e-13,794.7601666666666,0.0,-6.09361450187862e-13,794.7601666666661
123,20:30,1.3489,4291.3611,0.0,715.22685,0.0,0.0,0.0,0.0,715.22685,1995.170037037037,2789.8665370370372,0.0,0.0,0.0,794.6965,0.0,0.0,794.6965
124,20:40,1.3952,4293.9182,0.0,715.6530333333333,0.0,0.0,0.0,0.0,715.6530333333333,1200.0,1995.170037037037,0.0,0.0,0.0,795.170037037037,0.0,0.0,795.170037037037
125,20:50,1.2226,4295.2135,0.0,715.8689166666666,0.0,0.0,715.8689166666666,0.0,0.0,1200.0,1200.0,715.8689166666666,0.0,0.0,0.0,0.0,875.2213375166665,0.0
126,21:00,0.9332,4302.0307,0.0,717.0051166666667,0.0,0.0,717.0051166666667,0.0,0.0,1200.0,1200.0,717.0051166666667,0.0,0.0,0.0,0.0,669.1091748733334,0.0
127,21:10,0.9068,4320.9618,0.0,720.1603,0.0,0.0,720.1603,0.0,0.0,1200.0,1200.0,720.1603,0.0,0.0,0.0,0.0,653.0413600400001,0.0
128,21:20,0.9371,4302.3292,0.0,717.0548666666666,0.0,0.0,717.0548666666666,0.0,0.0,1200.0,1200.0,717.0548666666666,0.0,0.0,0.0,0.0,671.9521155533333,0.0
129,21:30,0.9371,4322.6758,0.0,720.4459666666667,0.0,0.0,720.4459666666667,0.0,0.0,1200.0,1200.0,720.4459666666667,0.0,0.0,0.0,0.0,675.1299153633333,0.0
130,21:40,0.9871,4428.8083,0.0,738.1347166666666,0.0,0.0,738.1347166666666,0.0,0.0,1200.0,1200.0,738.1347166666666,0.0,0.0,0.0,0.0,728.6127788216666,0.0
131,21:50,0.7764,4030.1614,0.0,671.6935666666666,0.0,0.0,671.6935666666666,0.0,0.0,1200.0,1200.0,671.6935666666666,0.0,0.0,0.0,0.0,521.5028851599999,0.0
132,22:00,0.4209,3362.7419,0.0,560.4569833333333,0.0,833.3333333333335,560.4569833333333,0.0,0.0,1950.0,1200.0,1393.7903166666667,833.3333333333335,750.0000000000001,0.0,0.0,586.646344285,750.0000000000001
133,22:10,0.3859,3309.3934,0.0,551.5655666666667,0.0,833.333333333333,551.5655666666667,0.0,0.0,2700.0,1950.0,1384.8988999999997,833.333333333333,749.9999999999998,0.0,0.0,534.4324855099999,749.9999999999998
134,22:20,0.4368,3412.9563,0.0,568.8260499999999,0.0,0.0,568.8260499999999,0.0,0.0,2700.0,2700.0,568.8260499999999,0.0,0.0,0.0,0.0,248.46321863999998,0.0
135,22:30,0.4198,3381.9313,0.0,563.6552166666667,0.0,833.3333333333335,563.6552166666667,0.0,0.0,3450.0,2700.0,1396.98855,833.3333333333335,750.0000000000001,0.0,0.0,586.45579329,750.0000000000001
136,22:40,0.4186,3386.5592,0.0,564.4265333333333,0.0,833.3333333333335,564.4265333333333,0.0,0.0,4200.0,3450.0,1397.7598666666668,833.3333333333335,750.0000000000001,0.0,0.0,585.1022801866668,750.0000000000001
137,22:50,0.4241,3400.4846,0.0,566.7474333333332,0.0,0.0,566.7474333333332,0.0,0.0,4200.0,4200.0,566.7474333333332,0.0,0.0,0.0,0.0,240.3575864766666,0.0
138,23:00,0.4237,3399.2426,0.0,566.5404333333333,0.0,833.333333333333,566.5404333333333,0.0,0.0,4950.0,4200.0,1399.8737666666664,833.333333333333,749.9999999999998,0.0,0.0,593.1265149366666,749.9999999999998
139,23:10,0.4248,3406.9809,0.0,567.83015,0.0,0.0,567.83015,0.0,0.0,4950.0,4950.0,567.83015,0.0,0.0,0.0,0.0,241.21424772,0.0
140,23:20,0.424,3416.1518,0.0,569.3586333333333,0.0,333.33333333333394,569.3586333333333,0.0,0.0,5250.0,4950.0,902.6919666666672,333.33333333333394,300.00000000000057,0.0,0.0,382.7413938666669,300.00000000000057
141,23:30,0.422,3421.9811,0.0,570.3301833333333,0.0,833.333333333333,570.3301833333333,0.0,0.0,6000.0,5250.0,1403.6635166666663,833.333333333333,749.9999999999998,0.0,0.0,592.3460040333332,749.9999999999998
142,23:40,0.424,3429.6923,0.0,571.6153833333333,0.0,0.0,571.6153833333333,0.0,0.0,6000.0,6000.0,571.6153833333333,0.0,0.0,0.0,0.0,242.3649225333333,0.0
143,23:50,0.4271,3439.061,0.0,573.1768333333333,0.0,0.0,573.1768333333333,0.0,0.0,6000.0,6000.0,573.1768333333333,0.0,0.0,0.0,0.0,244.80382551666665,0.0
144,0:00+1,0.4276,3444.7259,0.0,574.1209833333332,0.0,-9.094947017729282e-13,574.1209833333332,0.0,0.0,6000.0,6000.0,574.1209833333323,-9.094947017729282e-13,-8.185452315956354e-13,0.0,0.0,245.49413247333288,-8.185452315956354e-13
