date,update_time,slot,previous_plan_kwh,new_plan_kwh,increase_kwh,decrease_kwh,adjustment_cost_yuan,alpha,lambda,scenario_count,primary_objective,secondary_throughput,primary_status,secondary_status,empirical_cvar_yuan,initial_soc_kwh,plan_terminal_soc_kwh,max_constraint_violation
2025-03-20,00:00,1,0.0,1408.1173333333336,0.0,0.0,0.0,0.95,0.5,14,42332.33241634632,33368.21234683816,optimal,optimal,0.0,6000.0,1199.9999999999998,9.999348549172282e-08
2025-03-20,00:00,2,0.0,1390.4711750000001,0.0,0.0,0.0,0.95,0.5,14,42332.33241634632,33368.21234683816,optimal,optimal,0.0,6000.0,1199.9999999999998,9.999348549172282e-08
2025-03-20,00:00,3,0.0,1364.2808333333332,0.0,0.0,0.0,0.95,0.5,14,42332.33241634632,33368.21234683816,optimal,optimal,0.0,6000.0,1199.9999999999998,9.999348549172282e-08
2025-03-20,00:00,4,0.0,1123.063916666672,0.0,0.0,0.0,0.95,0.5,14,42332.33241634632,33368.21234683816,optimal,optimal,0.0,6000.0,1199.9999999999998,9.999348549172282e-08
2025-03-20,00:00,5,0.0,1375.2386416666668,0.0,0.0,0.0,0.95,0.5,14,42332.33241634632,33368.21234683816,optimal,optimal,0.0,6000.0,1199.9999999999998,9.999348549172282e-08
2025-03-20,00:00,6,0.0,563.5524999999999,0.0,0.0,0.0,0.95,0.5,14,42332.33241634632,33368.21234683816,optimal,optimal,0.0,6000.0,1199.9999999999998,9.999348549172282e-08
2025-03-20,00:00,7,0.0,569.3696583333334,0.0,0.0,0.0,0.95,0.5,14,42332.33241634632,33368.21234683816,optimal,optimal,0.0,6000.0,1199.9999999999998,9.999348549172282e-08
2025-03-20,00:00,8,0.0,587.7014666666666,0.0,0.0,0.0,0.95,0.5,14,42332.33241634632,33368.21234683816,optimal,optimal,0.0,6000.0,1199.9999999999998,9.999348549172282e-08
2025-03-20,00:00,9,0.0,572.36,0.0,0.0,0.0,0.95,0.5,14,42332.33241634632,33368.21234683816,optimal,optimal,0.0,6000.0,1199.9999999999998,9.999348549172282e-08
2025-03-20,00:00,10,0.0,570.1341249999999,0.0,0.0,0.0,0.95,0.5,14,42332.33241634632,33368.21234683816,optimal,optimal,0.0,6000.0,1199.9999999999998,9.999348549172282e-08
2025-03-20,00:00,11,0.0,587.3054500000001,0.0,0.0,0.0,0.95,0.5,14,42332.33241634632,33368.21234683816,optimal,optimal,0.0,6000.0,1199.9999999999998,9.999348549172282e-08
2025-03-20,00:00,12,0.0,640.2366666666667,0.0,0.0,0.0,0.95,0.5,14,42332.33241634632,33368.21234683816,optimal,optimal,0.0,6000.0,1199.9999999999998,9.999348549172282e-08
2025-03-20,00:00,13,0.0,615.3140916666667,0.0,0.0,0.0,0.95,0.5,14,42332.33241634632,33368.21234683816,optimal,optimal,0.0,6000.0,1199.9999999999998,9.999348549172282e-08
2025-03-20,00:00,14,0.0,574.8016166666666,0.0,0.0,0.0,0.95,0.5,14,42332.33241634632,33368.21234683816,optimal,optimal,0.0,6000.0,1199.9999999999998,9.999348549172282e-08
2025-03-20,00:00,15,0.0,583.7025000000001,0.0,0.0,0.0,0.95,0.5,14,42332.33241634632,33368.21234683816,optimal,optimal,0.0,6000.0,1199.9999999999998,9.999348549172282e-08
2025-03-20,00:00,16,0.0,604.0951166666669,0.0,0.0,0.0,0.95,0.5,14,42332.33241634632,33368.21234683816,optimal,optimal,0.0,6000.0,1199.9999999999998,9.999348549172282e-08
2025-03-20,00:00,17,0.0,620.329825,0.0,0.0,0.0,0.95,0.5,14,42332.33241634632,33368.21234683816,optimal,optimal,0.0,6000.0,1199.9999999999998,9.999348549172282e-08
2025-03-20,00:00,18,0.0,615.86,0.0,0.0,0.0,0.95,0.5,14,42332.33241634632,33368.21234683816,optimal,optimal,0.0,6000.0,1199.9999999999998,9.999348549172282e-08
2025-03-20,00:00,19,0.0,577.7672749999999,0.0,0.0,0.0,0.95,0.5,14,42332.33241634632,33368.21234683816,optimal,optimal,0.0,6000.0,1199.9999999999998,9.999348549172282e-08
2025-03-20,00:00,20,0.0,569.9817416666666,0.0,0.0,0.0,0.95,0.5,14,42332.33241634632,33368.21234683816,optimal,optimal,0.0,6000.0,1199.9999999999998,9.999348549172282e-08
2025-03-20,00:00,21,0.0,592.9966666666667,0.0,0.0,0.0,0.95,0.5,14,42332.33241634632,33368.21234683816,optimal,optimal,0.0,6000.0,1199.9999999999998,9.999348549172282e-08
2025-03-20,00:00,22,0.0,627.5677,0.0,0.0,0.0,0.95,0.5,14,42332.33241634632,33368.21234683816,optimal,optimal,0.0,6000.0,1199.9999999999998,9.999348549172282e-08
2025-03-20,00:00,23,0.0,603.4300750000001,0.0,0.0,0.0,0.95,0.5,14,42332.33241634632,33368.21234683816,optimal,optimal,0.0,6000.0,1199.9999999999998,9.999348549172282e-08
2025-03-20,00:00,24,0.0,624.2674999999999,0.0,0.0,0.0,0.95,0.5,14,42332.33241634632,33368.21234683816,optimal,optimal,0.0,6000.0,1199.9999999999998,9.999348549172282e-08
2025-03-20,00:00,25,0.0,630.1645249999999,0.0,0.0,0.0,0.95,0.5,14,42332.33241634632,33368.21234683816,optimal,optimal,0.0,6000.0,1199.9999999999998,9.999348549172282e-08
2025-03-20,00:00,26,0.0,620.7120916666667,0.0,0.0,0.0,0.95,0.5,14,42332.33241634632,33368.21234683816,optimal,optimal,0.0,6000.0,1199.9999999999998,9.999348549172282e-08
2025-03-20,00:00,27,0.0,590.1508333333333,0.0,0.0,0.0,0.95,0.5,14,42332.33241634632,33368.21234683816,optimal,optimal,0.0,6000.0,1199.9999999999998,9.999348549172282e-08
2025-03-20,00:00,28,0.0,626.2391333333333,0.0,0.0,0.0,0.95,0.5,14,42332.33241634632,33368.21234683816,optimal,optimal,0.0,6000.0,1199.9999999999998,9.999348549172282e-08
2025-03-20,00:00,29,0.0,638.4093166666665,0.0,0.0,0.0,0.95,0.5,14,42332.33241634632,33368.21234683816,optimal,optimal,0.0,6000.0,1199.9999999999998,9.999348549172282e-08
2025-03-20,00:00,30,0.0,617.1441666666666,0.0,0.0,0.0,0.95,0.5,14,42332.33241634632,33368.21234683816,optimal,optimal,0.0,6000.0,1199.9999999999998,9.999348549172282e-08
2025-03-20,00:00,31,0.0,593.968375,0.0,0.0,0.0,0.95,0.5,14,42332.33241634632,33368.21234683816,optimal,optimal,0.0,6000.0,1199.9999999999998,9.999348549172282e-08
2025-03-20,00:00,32,0.0,600.7614583333333,0.0,0.0,0.0,0.95,0.5,14,42332.33241634632,33368.21234683816,optimal,optimal,0.0,6000.0,1199.9999999999998,9.999348549172282e-08
2025-03-20,00:00,33,0.0,628.5408333333334,0.0,0.0,0.0,0.95,0.5,14,42332.33241634632,33368.21234683816,optimal,optimal,0.0,6000.0,1199.9999999999998,9.999348549172282e-08
2025-03-20,00:00,34,0.0,1424.5249083333333,0.0,0.0,0.0,0.95,0.5,14,42332.33241634632,33368.21234683816,optimal,optimal,0.0,6000.0,1199.9999999999998,9.999348549172282e-08
2025-03-20,00:00,35,0.0,637.8280416666668,0.0,0.0,0.0,0.95,0.5,14,42332.33241634632,33368.21234683816,optimal,optimal,0.0,6000.0,1199.9999999999998,9.999348549172282e-08
2025-03-20,00:00,36,0.0,20.252500000000055,0.0,0.0,0.0,0.95,0.5,14,42332.33241634632,33368.21234683816,optimal,optimal,0.0,6000.0,1199.9999999999998,9.999348549172282e-08
2025-03-20,00:00,37,0.0,0.0,0.0,0.0,0.0,0.95,0.5,14,42332.33241634632,33368.21234683816,optimal,optimal,0.0,6000.0,1199.9999999999998,9.999348549172282e-08
2025-03-20,00:00,38,0.0,0.0,0.0,0.0,0.0,0.95,0.5,14,42332.33241634632,33368.21234683816,optimal,optimal,0.0,6000.0,1199.9999999999998,9.999348549172282e-08
2025-03-20,00:00,39,0.0,0.0,0.0,0.0,0.0,0.95,0.5,14,42332.33241634632,33368.21234683816,optimal,optimal,0.0,6000.0,1199.9999999999998,9.999348549172282e-08
2025-03-20,00:00,40,0.0,0.0,0.0,0.0,0.0,0.95,0.5,14,42332.33241634632,33368.21234683816,optimal,optimal,0.0,6000.0,1199.9999999999998,9.999348549172282e-08
2025-03-20,00:00,41,0.0,0.0,0.0,0.0,0.0,0.95,0.5,14,42332.33241634632,33368.21234683816,optimal,optimal,0.0,6000.0,1199.9999999999998,9.999348549172282e-08
2025-03-20,00:00,42,0.0,0.0,0.0,0.0,0.0,0.95,0.5,14,42332.33241634632,33368.21234683816,optimal,optimal,0.0,6000.0,1199.9999999999998,9.999348549172282e-08
2025-03-20,00:00,43,0.0,171.64780199999802,0.0,0.0,0.0,0.95,0.5,14,42332.33241634632,33368.21234683816,optimal,optimal,0.0,6000.0,1199.9999999999998,9.999348549172282e-08
2025-03-20,00:00,44,0.0,371.6171499999998,0.0,0.0,0.0,0.95,0.5,14,42332.33241634632,33368.21234683816,optimal,optimal,0.0,6000.0,1199.9999999999998,9.999348549172282e-08
2025-03-20,00:00,45,0.0,342.9330249999999,0.0,0.0,0.0,0.95,0.5,14,42332.33241634632,33368.21234683816,optimal,optimal,0.0,6000.0,1199.9999999999998,9.999348549172282e-08
2025-03-20,00:00,46,0.0,293.5511166666665,0.0,0.0,0.0,0.95,0.5,14,42332.33241634632,33368.21234683816,optimal,optimal,0.0,6000.0,1199.9999999999998,9.999348549172282e-08
2025-03-20,00:00,47,0.0,0.0,0.0,0.0,0.0,0.95,0.5,14,42332.33241634632,33368.21234683816,optimal,optimal,0.0,6000.0,1199.9999999999998,9.999348549172282e-08
2025-03-20,00:00,48,0.0,0.0,0.0,0.0,0.0,0.95,0.5,14,42332.33241634632,33368.21234683816,optimal,optimal,0.0,6000.0,1199.9999999999998,9.999348549172282e-08
2025-03-20,00:00,49,0.0,0.0,0.0,0.0,0.0,0.95,0.5,14,42332.33241634632,33368.21234683816,optimal,optimal,0.0,6000.0,1199.9999999999998,9.999348549172282e-08
2025-03-20,00:00,50,0.0,0.0,0.0,0.0,0.0,0.95,0.5,14,42332.33241634632,33368.21234683816,optimal,optimal,0.0,6000.0,1199.9999999999998,9.999348549172282e-08
2025-03-20,00:00,51,0.0,0.0,0.0,0.0,0.0,0.95,0.5,14,42332.33241634632,33368.21234683816,optimal,optimal,0.0,6000.0,1199.9999999999998,9.999348549172282e-08
2025-03-20,00:00,52,0.0,0.0,0.0,0.0,0.0,0.95,0.5,14,42332.33241634632,33368.21234683816,optimal,optimal,0.0,6000.0,1199.9999999999998,9.999348549172282e-08
2025-03-20,00:00,53,0.0,0.0,0.0,0.0,0.0,0.95,0.5,14,42332.33241634632,33368.21234683816,optimal,optimal,0.0,6000.0,1199.9999999999998,9.999348549172282e-08
2025-03-20,00:00,54,0.0,0.0,0.0,0.0,0.0,0.95,0.5,14,42332.33241634632,33368.21234683816,optimal,optimal,0.0,6000.0,1199.9999999999998,9.999348549172282e-08
2025-03-20,00:00,55,0.0,0.0,0.0,0.0,0.0,0.95,0.5,14,42332.33241634632,33368.21234683816,optimal,optimal,0.0,6000.0,1199.9999999999998,9.999348549172282e-08
2025-03-20,00:00,56,0.0,0.0,0.0,0.0,0.0,0.95,0.5,14,42332.33241634632,33368.21234683816,optimal,optimal,0.0,6000.0,1199.9999999999998,9.999348549172282e-08
2025-03-20,00:00,57,0.0,0.0,0.0,0.0,0.0,0.95,0.5,14,42332.33241634632,33368.21234683816,optimal,optimal,0.0,6000.0,1199.9999999999998,9.999348549172282e-08
2025-03-20,00:00,58,0.0,0.0,0.0,0.0,0.0,0.95,0.5,14,42332.33241634632,33368.21234683816,optimal,optimal,0.0,6000.0,1199.9999999999998,9.999348549172282e-08
2025-03-20,00:00,59,0.0,0.0,0.0,0.0,0.0,0.95,0.5,14,42332.33241634632,33368.21234683816,optimal,optimal,0.0,6000.0,1199.9999999999998,9.999348549172282e-08
2025-03-20,00:00,60,0.0,0.0,0.0,0.0,0.0,0.95,0.5,14,42332.33241634632,33368.21234683816,optimal,optimal,0.0,6000.0,1199.9999999999998,9.999348549172282e-08
2025-03-20,00:00,61,0.0,0.0,0.0,0.0,0.0,0.95,0.5,14,42332.33241634632,33368.21234683816,optimal,optimal,0.0,6000.0,1199.9999999999998,9.999348549172282e-08
2025-03-20,00:00,62,0.0,0.0,0.0,0.0,0.0,0.95,0.5,14,42332.33241634632,33368.21234683816,optimal,optimal,0.0,6000.0,1199.9999999999998,9.999348549172282e-08
2025-03-20,00:00,63,0.0,0.0,0.0,0.0,0.0,0.95,0.5,14,42332.33241634632,33368.21234683816,optimal,optimal,0.0,6000.0,1199.9999999999998,9.999348549172282e-08
2025-03-20,00:00,64,0.0,0.0,0.0,0.0,0.0,0.95,0.5,14,42332.33241634632,33368.21234683816,optimal,optimal,0.0,6000.0,1199.9999999999998,9.999348549172282e-08
2025-03-20,00:00,65,0.0,0.0,0.0,0.0,0.0,0.95,0.5,14,42332.33241634632,33368.21234683816,optimal,optimal,0.0,6000.0,1199.9999999999998,9.999348549172282e-08
2025-03-20,00:00,66,0.0,631.7638500000002,0.0,0.0,0.0,0.95,0.5,14,42332.33241634632,33368.21234683816,optimal,optimal,0.0,6000.0,1199.9999999999998,9.999348549172282e-08
2025-03-20,00:00,67,0.0,766.5320944444446,0.0,0.0,0.0,0.95,0.5,14,42332.33241634632,33368.21234683816,optimal,optimal,0.0,6000.0,1199.9999999999998,9.999348549172282e-08
2025-03-20,00:00,68,0.0,725.0156444444445,0.0,0.0,0.0,0.95,0.5,14,42332.33241634632,33368.21234683816,optimal,optimal,0.0,6000.0,1199.9999999999998,9.999348549172282e-08
2025-03-20,00:00,69,0.0,683.0007625171402,0.0,0.0,0.0,0.95,0.5,14,42332.33241634632,33368.21234683816,optimal,optimal,0.0,6000.0,1199.9999999999998,9.999348549172282e-08
2025-03-20,00:00,70,0.0,775.8033694444447,0.0,0.0,0.0,0.95,0.5,14,42332.33241634632,33368.21234683816,optimal,optimal,0.0,6000.0,1199.9999999999998,9.999348549172282e-08
2025-03-20,00:00,71,0.0,793.8160972222221,0.0,0.0,0.0,0.95,0.5,14,42332.33241634632,33368.21234683816,optimal,optimal,0.0,6000.0,1199.9999999999998,9.999348549172282e-08
2025-03-20,00:00,72,0.0,790.7579500000002,0.0,0.0,0.0,0.95,0.5,14,42332.33241634632,33368.21234683816,optimal,optimal,0.0,6000.0,1199.9999999999998,9.999348549172282e-08
2025-03-20,00:00,73,0.0,734.1544333333336,0.0,0.0,0.0,0.95,0.5,14,42332.33241634632,33368.21234683816,optimal,optimal,0.0,6000.0,1199.9999999999998,9.999348549172282e-08
2025-03-20,00:00,74,0.0,736.1561166666669,0.0,0.0,0.0,0.95,0.5,14,42332.33241634632,33368.21234683816,optimal,optimal,0.0,6000.0,1199.9999999999998,9.999348549172282e-08
2025-03-20,00:00,75,0.0,808.1479500000002,0.0,0.0,0.0,0.95,0.5,14,42332.33241634632,33368.21234683816,optimal,optimal,0.0,6000.0,1199.9999999999998,9.999348549172282e-08
2025-03-20,00:00,76,0.0,854.3866750000002,0.0,0.0,0.0,0.95,0.5,14,42332.33241634632,33368.21234683816,optimal,optimal,0.0,6000.0,1199.9999999999998,9.999348549172282e-08
2025-03-20,00:00,77,0.0,523.75911759259,0.0,0.0,0.0,0.95,0.5,14,42332.33241634632,33368.21234683816,optimal,optimal,0.0,6000.0,1199.9999999999998,9.999348549172282e-08
2025-03-20,00:00,78,0.0,69.15736666666612,0.0,0.0,0.0,0.95,0.5,14,42332.33241634632,33368.21234683816,optimal,optimal,0.0,6000.0,1199.9999999999998,9.999348549172282e-08
2025-03-20,00:00,79,0.0,144.0996083333332,0.0,0.0,0.0,0.95,0.5,14,42332.33241634632,33368.21234683816,optimal,optimal,0.0,6000.0,1199.9999999999998,9.999348549172282e-08
2025-03-20,00:00,80,0.0,164.8923194444444,0.0,0.0,0.0,0.95,0.5,14,42332.33241634632,33368.21234683816,optimal,optimal,0.0,6000.0,1199.9999999999998,9.999348549172282e-08
2025-03-20,00:00,81,0.0,128.55198333333306,0.0,0.0,0.0,0.95,0.5,14,42332.33241634632,33368.21234683816,optimal,optimal,0.0,6000.0,1199.9999999999998,9.999348549172282e-08
2025-03-20,00:00,82,0.0,126.36637222222237,0.0,0.0,0.0,0.95,0.5,14,42332.33241634632,33368.21234683816,optimal,optimal,0.0,6000.0,1199.9999999999998,9.999348549172282e-08
2025-03-20,00:00,83,0.0,0.0,0.0,0.0,0.0,0.95,0.5,14,42332.33241634632,33368.21234683816,optimal,optimal,0.0,6000.0,1199.9999999999998,9.999348549172282e-08
2025-03-20,00:00,84,0.0,0.0,0.0,0.0,0.0,0.95,0.5,14,42332.33241634632,33368.21234683816,optimal,optimal,0.0,6000.0,1199.9999999999998,9.999348549172282e-08
2025-03-20,00:00,85,0.0,0.0,0.0,0.0,0.0,0.95,0.5,14,42332.33241634632,33368.21234683816,optimal,optimal,0.0,6000.0,1199.9999999999998,9.999348549172282e-08
2025-03-20,00:00,86,0.0,0.0,0.0,0.0,0.0,0.95,0.5,14,42332.33241634632,33368.21234683816,optimal,optimal,0.0,6000.0,1199.9999999999998,9.999348549172282e-08
2025-03-20,00:00,87,0.0,0.0,0.0,0.0,0.0,0.95,0.5,14,42332.33241634632,33368.21234683816,optimal,optimal,0.0,6000.0,1199.9999999999998,9.999348549172282e-08
2025-03-20,00:00,88,0.0,0.0,0.0,0.0,0.0,0.95,0.5,14,42332.33241634632,33368.21234683816,optimal,optimal,0.0,6000.0,1199.9999999999998,9.999348549172282e-08
2025-03-20,00:00,89,0.0,0.0,0.0,0.0,0.0,0.95,0.5,14,42332.33241634632,33368.21234683816,optimal,optimal,0.0,6000.0,1199.9999999999998,9.999348549172282e-08
2025-03-20,00:00,90,0.0,1251.051183333333,0.0,0.0,0.0,0.95,0.5,14,42332.33241634632,33368.21234683816,optimal,optimal,0.0,6000.0,1199.9999999999998,9.999348549172282e-08
2025-03-20,00:00,91,0.0,1260.880661111111,0.0,0.0,0.0,0.95,0.5,14,42332.33241634632,33368.21234683816,optimal,optimal,0.0,6000.0,1199.9999999999998,9.999348549172282e-08
2025-03-20,00:00,92,0.0,491.78541111111133,0.0,0.0,0.0,0.95,0.5,14,42332.33241634632,33368.21234683816,optimal,optimal,0.0,6000.0,1199.9999999999998,9.999348549172282e-08
2025-03-20,00:00,93,0.0,568.5888749999998,0.0,0.0,0.0,0.95,0.5,14,42332.33241634632,33368.21234683816,optimal,optimal,0.0,6000.0,1199.9999999999998,9.999348549172282e-08
2025-03-20,00:00,94,0.0,604.1031222222223,0.0,0.0,0.0,0.95,0.5,14,42332.33241634632,33368.21234683816,optimal,optimal,0.0,6000.0,1199.9999999999998,9.999348549172282e-08
2025-03-20,00:00,95,0.0,645.4796500000002,0.0,0.0,0.0,0.95,0.5,14,42332.33241634632,33368.21234683816,optimal,optimal,0.0,6000.0,1199.9999999999998,9.999348549172282e-08
2025-03-20,00:00,96,0.0,688.9040333333332,0.0,0.0,0.0,0.95,0.5,14,42332.33241634632,33368.21234683816,optimal,optimal,0.0,6000.0,1199.9999999999998,9.999348549172282e-08
2025-03-20,00:00,97,0.0,731.869772222222,0.0,0.0,0.0,0.95,0.5,14,42332.33241634632,33368.21234683816,optimal,optimal,0.0,6000.0,1199.9999999999998,9.999348549172282e-08
2025-03-20,00:00,98,0.0,749.6204694444441,0.0,0.0,0.0,0.95,0.5,14,42332.33241634632,33368.21234683816,optimal,optimal,0.0,6000.0,1199.9999999999998,9.999348549172282e-08
2025-03-20,00:00,99,0.0,738.9104666666665,0.0,0.0,0.0,0.95,0.5,14,42332.33241634632,33368.21234683816,optimal,optimal,0.0,6000.0,1199.9999999999998,9.999348549172282e-08
2025-03-20,00:00,100,0.0,760.184338888889,0.0,0.0,0.0,0.95,0.5,14,42332.33241634632,33368.21234683816,optimal,optimal,0.0,6000.0,1199.9999999999998,9.999348549172282e-08
2025-03-20,00:00,101,0.0,803.8587444444443,0.0,0.0,0.0,0.95,0.5,14,42332.33241634632,33368.21234683816,optimal,optimal,0.0,6000.0,1199.9999999999998,9.999348549172282e-08
2025-03-20,00:00,102,0.0,837.8181500000001,0.0,0.0,0.0,0.95,0.5,14,42332.33241634632,33368.21234683816,optimal,optimal,0.0,6000.0,1199.9999999999998,9.999348549172282e-08
2025-03-20,00:00,103,0.0,864.0654055555556,0.0,0.0,0.0,0.95,0.5,14,42332.33241634632,33368.21234683816,optimal,optimal,0.0,6000.0,1199.9999999999998,9.999348549172282e-08
2025-03-20,00:00,104,0.0,901.7422194444442,0.0,0.0,0.0,0.95,0.5,14,42332.33241634632,33368.21234683816,optimal,optimal,0.0,6000.0,1199.9999999999998,9.999348549172282e-08
2025-03-20,00:00,105,0.0,946.3415203333319,0.0,0.0,0.0,0.95,0.5,14,42332.33241634632,33368.21234683816,optimal,optimal,0.0,6000.0,1199.9999999999998,9.999348549172282e-08
2025-03-20,00:00,106,0.0,1045.6931472222223,0.0,0.0,0.0,0.95,0.5,14,42332.33241634632,33368.21234683816,optimal,optimal,0.0,6000.0,1199.9999999999998,9.999348549172282e-08
2025-03-20,00:00,107,0.0,939.9389833333332,0.0,0.0,0.0,0.95,0.5,14,42332.33241634632,33368.21234683816,optimal,optimal,0.0,6000.0,1199.9999999999998,9.999348549172282e-08
2025-03-20,00:00,108,0.0,726.5908333333332,0.0,0.0,0.0,0.95,0.5,14,42332.33241634632,33368.21234683816,optimal,optimal,0.0,6000.0,1199.9999999999998,9.999348549172282e-08
2025-03-20,00:00,109,0.0,691.2768416666668,0.0,0.0,0.0,0.95,0.5,14,42332.33241634632,33368.21234683816,optimal,optimal,0.0,6000.0,1199.9999999999998,9.999348549172282e-08
2025-03-20,00:00,110,0.0,703.0212249999998,0.0,0.0,0.0,0.95,0.5,14,42332.33241634632,33368.21234683816,optimal,optimal,0.0,6000.0,1199.9999999999998,9.999348549172282e-08
2025-03-20,00:00,111,0.0,696.3166666666666,0.0,0.0,0.0,0.95,0.5,14,42332.33241634632,33368.21234683816,optimal,optimal,0.0,6000.0,1199.9999999999998,9.999348549172282e-08
2025-03-20,00:00,112,0.0,708.7934999999999,0.0,0.0,0.0,0.95,0.5,14,42332.33241634632,33368.21234683816,optimal,optimal,0.0,6000.0,1199.9999999999998,9.999348549172282e-08
2025-03-20,00:00,113,0.0,549.5870062800035,0.0,0.0,0.0,0.95,0.5,14,42332.33241634632,33368.21234683816,optimal,optimal,0.0,6000.0,1199.9999999999998,9.999348549172282e-08
2025-03-20,00:00,114,0.0,0.0,0.0,0.0,0.0,0.95,0.5,14,42332.33241634632,33368.21234683816,optimal,optimal,0.0,6000.0,1199.9999999999998,9.999348549172282e-08
2025-03-20,00:00,115,0.0,0.0,0.0,0.0,0.0,0.95,0.5,14,42332.33241634632,33368.21234683816,optimal,optimal,0.0,6000.0,1199.9999999999998,9.999348549172282e-08
2025-03-20,00:00,116,0.0,0.0,0.0,0.0,0.0,0.95,0.5,14,42332.33241634632,33368.21234683816,optimal,optimal,0.0,6000.0,1199.9999999999998,9.999348549172282e-08
2025-03-20,00:00,117,0.0,0.0,0.0,0.0,0.0,0.95,0.5,14,42332.33241634632,33368.21234683816,optimal,optimal,0.0,6000.0,1199.9999999999998,9.999348549172282e-08
2025-03-20,00:00,118,0.0,0.0,0.0,0.0,0.0,0.95,0.5,14,42332.33241634632,33368.21234683816,optimal,optimal,0.0,6000.0,1199.9999999999998,9.999348549172282e-08
2025-03-20,00:00,119,0.0,0.0,0.0,0.0,0.0,0.95,0.5,14,42332.33241634632,33368.21234683816,optimal,optimal,0.0,6000.0,1199.9999999999998,9.999348549172282e-08
2025-03-20,00:00,120,0.0,0.0,0.0,0.0,0.0,0.95,0.5,14,42332.33241634632,33368.21234683816,optimal,optimal,0.0,6000.0,1199.9999999999998,9.999348549172282e-08
2025-03-20,00:00,121,0.0,0.0,0.0,0.0,0.0,0.95,0.5,14,42332.33241634632,33368.21234683816,optimal,optimal,0.0,6000.0,1199.9999999999998,9.999348549172282e-08
2025-03-20,00:00,122,0.0,0.0,0.0,0.0,0.0,0.95,0.5,14,42332.33241634632,33368.21234683816,optimal,optimal,0.0,6000.0,1199.9999999999998,9.999348549172282e-08
2025-03-20,00:00,123,0.0,0.0,0.0,0.0,0.0,0.95,0.5,14,42332.33241634632,33368.21234683816,optimal,optimal,0.0,6000.0,1199.9999999999998,9.999348549172282e-08
2025-03-20,00:00,124,0.0,0.0,0.0,0.0,0.0,0.95,0.5,14,42332.33241634632,33368.21234683816,optimal,optimal,0.0,6000.0,1199.9999999999998,9.999348549172282e-08
2025-03-20,00:00,125,0.0,717.2208083333333,0.0,0.0,0.0,0.95,0.5,14,42332.33241634632,33368.21234683816,optimal,optimal,0.0,6000.0,1199.9999999999998,9.999348549172282e-08
2025-03-20,00:00,126,0.0,769.9531069958848,0.0,0.0,0.0,0.95,0.5,14,42332.33241634632,33368.21234683816,optimal,optimal,0.0,6000.0,1199.9999999999998,9.999348549172282e-08
2025-03-20,00:00,127,0.0,741.8761999999998,0.0,0.0,0.0,0.95,0.5,14,42332.33241634632,33368.21234683816,optimal,optimal,0.0,6000.0,1199.9999999999998,9.999348549172282e-08
2025-03-20,00:00,128,0.0,721.3869666666666,0.0,0.0,0.0,0.95,0.5,14,42332.33241634632,33368.21234683816,optimal,optimal,0.0,6000.0,1199.9999999999998,9.999348549172282e-08
2025-03-20,00:00,129,0.0,745.2841666666666,0.0,0.0,0.0,0.95,0.5,14,42332.33241634632,33368.21234683816,optimal,optimal,0.0,6000.0,1199.9999999999998,9.999348549172282e-08
2025-03-20,00:00,130,0.0,710.1871416666667,0.0,0.0,0.0,0.95,0.5,14,42332.33241634632,33368.21234683816,optimal,optimal,0.0,6000.0,1199.9999999999998,9.999348549172282e-08
2025-03-20,00:00,131,0.0,616.3402,0.0,0.0,0.0,0.95,0.5,14,42332.33241634632,33368.21234683816,optimal,optimal,0.0,6000.0,1199.9999999999998,9.999348549172282e-08
2025-03-20,00:00,132,0.0,560.4133333333332,0.0,0.0,0.0,0.95,0.5,14,42332.33241634632,33368.21234683816,optimal,optimal,0.0,6000.0,1199.9999999999998,9.999348549172282e-08
2025-03-20,00:00,133,0.0,586.1315213991766,0.0,0.0,0.0,0.95,0.5,14,42332.33241634632,33368.21234683816,optimal,optimal,0.0,6000.0,1199.9999999999998,9.999348549172282e-08
2025-03-20,00:00,134,0.0,574.8878,0.0,0.0,0.0,0.95,0.5,14,42332.33241634632,33368.21234683816,optimal,optimal,0.0,6000.0,1199.9999999999998,9.999348549172282e-08
2025-03-20,00:00,135,0.0,546.5833333333333,0.0,0.0,0.0,0.95,0.5,14,42332.33241634632,33368.21234683816,optimal,optimal,0.0,6000.0,1199.9999999999998,9.999348549172282e-08
2025-03-20,00:00,136,0.0,576.69495,0.0,0.0,0.0,0.95,0.5,14,42332.33241634632,33368.21234683816,optimal,optimal,0.0,6000.0,1199.9999999999998,9.999348549172282e-08
2025-03-20,00:00,137,0.0,593.4741999348255,0.0,0.0,0.0,0.95,0.5,14,42332.33241634632,33368.21234683816,optimal,optimal,0.0,6000.0,1199.9999999999998,9.999348549172282e-08
2025-03-20,00:00,138,0.0,584.6,0.0,0.0,0.0,0.95,0.5,14,42332.33241634632,33368.21234683816,optimal,optimal,0.0,6000.0,1199.9999999999998,9.999348549172282e-08
2025-03-20,00:00,139,0.0,584.0878166666666,0.0,0.0,0.0,0.95,0.5,14,42332.33241634632,33368.21234683816,optimal,optimal,0.0,6000.0,1199.9999999999998,9.999348549172282e-08
2025-03-20,00:00,140,0.0,578.0750083333334,0.0,0.0,0.0,0.95,0.5,14,42332.33241634632,33368.21234683816,optimal,optimal,0.0,6000.0,1199.9999999999998,9.999348549172282e-08
2025-03-20,00:00,141,0.0,579.1133333333332,0.0,0.0,0.0,0.95,0.5,14,42332.33241634632,33368.21234683816,optimal,optimal,0.0,6000.0,1199.9999999999998,9.999348549172282e-08
2025-03-20,00:00,142,0.0,598.9101670341613,0.0,0.0,0.0,0.95,0.5,14,42332.33241634632,33368.21234683816,optimal,optimal,0.0,6000.0,1199.9999999999998,9.999348549172282e-08
2025-03-20,00:00,143,0.0,526.2121666666667,0.0,0.0,0.0,0.95,0.5,14,42332.33241634632,33368.21234683816,optimal,optimal,0.0,6000.0,1199.9999999999998,9.999348549172282e-08
2025-03-20,00:00,144,0.0,352.48041675512496,0.0,0.0,0.0,0.95,0.5,14,42332.33241634632,33368.21234683816,optimal,optimal,0.0,6000.0,1199.9999999999998,9.999348549172282e-08
2025-03-20,06:00,37,0.0,0.0,0.0,0.0,0.0,0.95,0.5,14,-1833.3627196360471,26397.461181487033,optimal,optimal,0.0,9246.839497407413,1199.9999999999998,1.0000030670198612e-07
2025-03-20,06:00,38,0.0,0.0,0.0,0.0,0.0,0.95,0.5,14,-1833.3627196360471,26397.461181487033,optimal,optimal,0.0,9246.839497407413,1199.9999999999998,1.0000030670198612e-07
2025-03-20,06:00,39,0.0,0.0,0.0,0.0,0.0,0.95,0.5,14,-1833.3627196360471,26397.461181487033,optimal,optimal,0.0,9246.839497407413,1199.9999999999998,1.0000030670198612e-07
2025-03-20,06:00,40,0.0,0.0,0.0,0.0,0.0,0.95,0.5,14,-1833.3627196360471,26397.461181487033,optimal,optimal,0.0,9246.839497407413,1199.9999999999998,1.0000030670198612e-07
2025-03-20,06:00,41,0.0,0.0,0.0,0.0,0.0,0.95,0.5,14,-1833.3627196360471,26397.461181487033,optimal,optimal,0.0,9246.839497407413,1199.9999999999998,1.0000030670198612e-07
2025-03-20,06:00,42,0.0,0.0,0.0,0.0,0.0,0.95,0.5,14,-1833.3627196360471,26397.461181487033,optimal,optimal,0.0,9246.839497407413,1199.9999999999998,1.0000030670198612e-07
2025-03-20,06:00,43,171.64780199999802,385.6358492107478,213.98804721074973,0.0,259.73869170440804,0.95,0.5,14,-1833.3627196360471,26397.461181487033,optimal,optimal,0.0,9246.839497407413,1199.9999999999998,1.0000030670198612e-07
2025-03-20,06:00,44,371.6171499999998,448.9712782448323,77.35412824483211,0.0,92.50006655517024,0.95,0.5,14,-1833.3627196360471,26397.461181487033,optimal,optimal,0.0,9246.839497407413,1199.9999999999998,1.0000030670198612e-07
2025-03-20,06:00,45,342.9330249999999,384.1702167176864,41.23719171768653,0.0,47.28256402349937,0.95,0.5,14,-1833.3627196360471,26397.461181487033,optimal,optimal,0.0,9246.839497407413,1199.9999999999998,1.0000030670198612e-07
2025-03-20,06:00,46,293.5511166666665,294.84629963597564,1.2951829693091668,0.0,1.340320095789591,0.95,0.5,14,-1833.3627196360471,26397.461181487033,optimal,optimal,0.0,9246.839497407413,1199.9999999999998,1.0000030670198612e-07
2025-03-20,06:00,47,0.0,0.0,0.0,0.0,0.0,0.95,0.5,14,-1833.3627196360471,26397.461181487033,optimal,optimal,0.0,9246.839497407413,1199.9999999999998,1.0000030670198612e-07
2025-03-20,06:00,48,0.0,0.0,0.0,0.0,0.0,0.95,0.5,14,-1833.3627196360471,26397.461181487033,optimal,optimal,0.0,9246.839497407413,1199.9999999999998,1.0000030670198612e-07
2025-03-20,06:00,49,0.0,0.0,0.0,0.0,0.0,0.95,0.5,14,-1833.3627196360471,26397.461181487033,optimal,optimal,0.0,9246.839497407413,1199.9999999999998,1.0000030670198612e-07
2025-03-20,06:00,50,0.0,0.0,0.0,0.0,0.0,0.95,0.5,14,-1833.3627196360471,26397.461181487033,optimal,optimal,0.0,9246.839497407413,1199.9999999999998,1.0000030670198612e-07
2025-03-20,06:00,51,0.0,0.0,0.0,0.0,0.0,0.95,0.5,14,-1833.3627196360471,26397.461181487033,optimal,optimal,0.0,9246.839497407413,1199.9999999999998,1.0000030670198612e-07
2025-03-20,06:00,52,0.0,0.0,0.0,0.0,0.0,0.95,0.5,14,-1833.3627196360471,26397.461181487033,optimal,optimal,0.0,9246.839497407413,1199.9999999999998,1.0000030670198612e-07
2025-03-20,06:00,53,0.0,0.0,0.0,0.0,0.0,0.95,0.5,14,-1833.3627196360471,26397.461181487033,optimal,optimal,0.0,9246.839497407413,1199.9999999999998,1.0000030670198612e-07
2025-03-20,06:00,54,0.0,0.0,0.0,0.0,0.0,0.95,0.5,14,-1833.3627196360471,26397.461181487033,optimal,optimal,0.0,9246.839497407413,1199.9999999999998,1.0000030670198612e-07
2025-03-20,06:00,55,0.0,0.0,0.0,0.0,0.0,0.95,0.5,14,-1833.3627196360471,26397.461181487033,optimal,optimal,0.0,9246.839497407413,1199.9999999999998,1.0000030670198612e-07
2025-03-20,06:00,56,0.0,0.0,0.0,0.0,0.0,0.95,0.5,14,-1833.3627196360471,26397.461181487033,optimal,optimal,0.0,9246.839497407413,1199.9999999999998,1.0000030670198612e-07
2025-03-20,06:00,57,0.0,0.0,0.0,0.0,0.0,0.95,0.5,14,-1833.3627196360471,26397.461181487033,optimal,optimal,0.0,9246.839497407413,1199.9999999999998,1.0000030670198612e-07
2025-03-20,06:00,58,0.0,0.0,0.0,0.0,0.0,0.95,0.5,14,-1833.3627196360471,26397.461181487033,optimal,optimal,0.0,9246.839497407413,1199.9999999999998,1.0000030670198612e-07
2025-03-20,06:00,59,0.0,0.0,0.0,0.0,0.0,0.95,0.5,14,-1833.3627196360471,26397.461181487033,optimal,optimal,0.0,9246.839497407413,1199.9999999999998,1.0000030670198612e-07
2025-03-20,06:00,60,0.0,0.0,0.0,0.0,0.0,0.95,0.5,14,-1833.3627196360471,26397.461181487033,optimal,optimal,0.0,9246.839497407413,1199.9999999999998,1.0000030670198612e-07
2025-03-20,06:00,61,0.0,0.0,0.0,0.0,0.0,0.95,0.5,14,-1833.3627196360471,26397.461181487033,optimal,optimal,0.0,9246.839497407413,1199.9999999999998,1.0000030670198612e-07
2025-03-20,06:00,62,0.0,0.0,0.0,0.0,0.0,0.95,0.5,14,-1833.3627196360471,26397.461181487033,optimal,optimal,0.0,9246.839497407413,1199.9999999999998,1.0000030670198612e-07
2025-03-20,06:00,63,0.0,0.0,0.0,0.0,0.0,0.95,0.5,14,-1833.3627196360471,26397.461181487033,optimal,optimal,0.0,9246.839497407413,1199.9999999999998,1.0000030670198612e-07
2025-03-20,06:00,64,0.0,0.0,0.0,0.0,0.0,0.95,0.5,14,-1833.3627196360471,26397.461181487033,optimal,optimal,0.0,9246.839497407413,1199.9999999999998,1.0000030670198612e-07
2025-03-20,06:00,65,0.0,0.0,0.0,0.0,0.0,0.95,0.5,14,-1833.3627196360471,26397.461181487033,optimal,optimal,0.0,9246.839497407413,1199.9999999999998,1.0000030670198612e-07
2025-03-20,06:00,66,631.7638500000002,0.0,0.0,631.7638500000002,-158.73066731250003,0.95,0.5,14,-1833.3627196360471,26397.461181487033,optimal,optimal,0.0,9246.839497407413,1199.9999999999998,1.0000030670198612e-07
2025-03-20,06:00,67,766.5320944444446,486.60134862863595,0.0,279.9307458158087,-65.251856849665,0.95,0.5,14,-1833.3627196360471,26397.461181487033,optimal,optimal,0.0,9246.839497407413,1199.9999999999998,1.0000030670198612e-07
2025-03-20,06:00,68,725.0156444444445,276.4703163913176,0.0,448.5453280531269,-112.29332287810033,0.95,0.5,14,-1833.3627196360471,26397.461181487033,optimal,optimal,0.0,9246.839497407413,1199.9999999999998,1.0000030670198612e-07
2025-03-20,06:00,69,683.0007625171402,448.06754406366906,0.0,234.9332184534711,-56.70113227374526,0.95,0.5,14,-1833.3627196360471,26397.461181487033,optimal,optimal,0.0,9246.839497407413,1199.9999999999998,1.0000030670198612e-07
2025-03-20,06:00,70,775.8033694444447,506.85314594785234,0.0,268.95022349659234,-64.34634097155971,0.95,0.5,14,-1833.3627196360471,26397.461181487033,optimal,optimal,0.0,9246.839497407413,1199.9999999999998,1.0000030670198612e-07
2025-03-20,06:00,71,793.8160972222221,500.77497283203536,0.0,293.0411243901867,-68.30788609535253,0.95,0.5,14,-1833.3627196360471,26397.461181487033,optimal,optimal,0.0,9246.839497407413,1199.9999999999998,1.0000030670198612e-07
2025-03-20,06:00,72,790.7579500000002,448.5101663828856,0.0,342.2477836171146,-75.84210884955259,0.95,0.5,14,-1833.3627196360471,26397.461181487033,optimal,optimal,0.0,9246.839497407413,1199.9999999999998,1.0000030670198612e-07
2025-03-20,06:00,73,734.1544333333336,428.31229734992473,0.0,305.84213598340887,-67.45348309114082,0.95,0.5,14,-1833.3627196360471,26397.461181487033,optimal,optimal,0.0,9246.839497407413,1199.9999999999998,1.0000030670198612e-07
2025-03-20,06:00,74,736.1561166666669,428.2676949836309,0.0,307.888421683036,-70.06001035397483,0.95,0.5,14,-1833.3627196360471,26397.461181487033,optimal,optimal,0.0,9246.839497407413,1199.9999999999998,1.0000030670198612e-07
2025-03-20,06:00,75,808.1479500000002,452.2648176173369,0.0,355.88313238266323,-79.4153209911913,0.95,0.5,14,-1833.3627196360471,26397.461181487033,optimal,optimal,0.0,9246.839497407413,1199.9999999999998,1.0000030670198612e-07
2025-03-20,06:00,76,854.3866750000002,535.0400819177096,0.0,319.3465930822906,-65.67362686737306,0.95,0.5,14,-1833.3627196360471,26397.461181487033,optimal,optimal,0.0,9246.839497407413,1199.9999999999998,1.0000030670198612e-07
2025-03-20,06:00,77,523.75911759259,0.0,0.0,523.75911759259,-148.79996530805482,0.95,0.5,14,-1833.3627196360471,26397.461181487033,optimal,optimal,0.0,9246.839497407413,1199.9999999999998,1.0000030670198612e-07
2025-03-20,06:00,78,69.15736666666612,0.0,0.0,69.15736666666612,-28.62769193166644,0.95,0.5,14,-1833.3627196360471,26397.461181487033,optimal,optimal,0.0,9246.839497407413,1199.9999999999998,1.0000030670198612e-07
2025-03-20,06:00,79,144.0996083333332,0.0,0.0,144.0996083333332,-62.22221087833328,0.95,0.5,14,-1833.3627196360471,26397.461181487033,optimal,optimal,0.0,9246.839497407413,1199.9999999999998,1.0000030670198612e-07
2025-03-20,06:00,80,164.8923194444444,0.0,0.0,164.8923194444444,-69.3866880222222,0.95,0.5,14,-1833.3627196360471,26397.461181487033,optimal,optimal,0.0,9246.839497407413,1199.9999999999998,1.0000030670198612e-07
2025-03-20,06:00,81,128.55198333333306,0.0,0.0,128.55198333333306,-55.393049618333215,0.95,0.5,14,-1833.3627196360471,26397.461181487033,optimal,optimal,0.0,9246.839497407413,1199.9999999999998,1.0000030670198612e-07
2025-03-20,06:00,82,126.36637222222237,0.0,0.0,126.36637222222237,-54.48286138361117,0.95,0.5,14,-1833.3627196360471,26397.461181487033,optimal,optimal,0.0,9246.839497407413,1199.9999999999998,1.0000030670198612e-07
2025-03-20,06:00,83,0.0,0.0,0.0,0.0,0.0,0.95,0.5,14,-1833.3627196360471,26397.461181487033,optimal,optimal,0.0,9246.839497407413,1199.9999999999998,1.0000030670198612e-07
2025-03-20,06:00,84,0.0,0.0,0.0,0.0,0.0,0.95,0.5,14,-1833.3627196360471,26397.461181487033,optimal,optimal,0.0,9246.839497407413,1199.9999999999998,1.0000030670198612e-07
2025-03-20,06:00,85,0.0,0.0,0.0,0.0,0.0,0.95,0.5,14,-1833.3627196360471,26397.461181487033,optimal,optimal,0.0,9246.839497407413,1199.9999999999998,1.0000030670198612e-07
2025-03-20,06:00,86,0.0,0.0,0.0,0.0,0.0,0.95,0.5,14,-1833.3627196360471,26397.461181487033,optimal,optimal,0.0,9246.839497407413,1199.9999999999998,1.0000030670198612e-07
2025-03-20,06:00,87,0.0,0.0,0.0,0.0,0.0,0.95,0.5,14,-1833.3627196360471,26397.461181487033,optimal,optimal,0.0,9246.839497407413,1199.9999999999998,1.0000030670198612e-07
2025-03-20,06:00,88,0.0,0.0,0.0,0.0,0.0,0.95,0.5,14,-1833.3627196360471,26397.461181487033,optimal,optimal,0.0,9246.839497407413,1199.9999999999998,1.0000030670198612e-07
2025-03-20,06:00,89,0.0,0.0,0.0,0.0,0.0,0.95,0.5,14,-1833.3627196360471,26397.461181487033,optimal,optimal,0.0,9246.839497407413,1199.9999999999998,1.0000030670198612e-07
2025-03-20,06:00,90,1251.051183333333,265.5239236491303,0.0,985.5272596842027,-329.85597381630265,0.95,0.5,14,-1833.3627196360471,26397.461181487033,optimal,optimal,0.0,9246.839497407413,1199.9999999999998,1.0000030670198612e-07
2025-03-20,06:00,91,1260.880661111111,803.3209890341175,0.0,457.5596720769936,-150.9946917854079,0.95,0.5,14,-1833.3627196360471,26397.461181487033,optimal,optimal,0.0,9246.839497407413,1199.9999999999998,1.0000030670198612e-07
2025-03-20,06:00,92,491.78541111111133,391.68482945611663,0.0,100.1005816549947,-36.12129489020484,0.95,0.5,14,-1833.3627196360471,26397.461181487033,optimal,optimal,0.0,9246.839497407413,1199.9999999999998,1.0000030670198612e-07
2025-03-20,06:00,93,568.5888749999998,433.8604698596098,0.0,134.72840514039,-49.22975923829851,0.95,0.5,14,-1833.3627196360471,26397.461181487033,optimal,optimal,0.0,9246.839497407413,1199.9999999999998,1.0000030670198612e-07
2025-03-20,06:00,94,604.1031222222223,533.8896352631032,0.0,70.21348695911911,-26.449420537500167,0.95,0.5,14,-1833.3627196360471,26397.461181487033,optimal,optimal,0.0,9246.839497407413,1199.9999999999998,1.0000030670198612e-07
2025-03-20,06:00,95,645.4796500000002,595.3253589999299,0.0,50.154291000070316,-19.617850924677505,0.95,0.5,14,-1833.3627196360471,26397.461181487033,optimal,optimal,0.0,9246.839497407413,1199.9999999999998,1.0000030670198612e-07
2025-03-20,06:00,96,688.9040333333332,603.2086827367559,0.0,85.69535059657733,-34.51380245277152,0.95,0.5,14,-1833.3627196360471,26397.461181487033,optimal,optimal,0.0,9246.839497407413,1199.9999999999998,1.0000030670198612e-07
2025-03-20,06:00,97,731.869772222222,574.7781751564507,0.0,157.09159706577123,-64.96522996654969,0.95,0.5,14,-1833.3627196360471,26397.461181487033,optimal,optimal,0.0,9246.839497407413,1199.9999999999998,1.0000030670198612e-07
2025-03-20,06:00,98,749.6204694444441,627.5018006735306,0.0,122.11866877091347,-52.01644696297059,0.95,0.5,14,-1833.3627196360471,26397.461181487033,optimal,optimal,0.0,9246.839497407413,1199.9999999999998,1.0000030670198612e-07
2025-03-20,06:00,99,738.9104666666665,682.0749511906106,0.0,56.83551547605589,-24.982050827500366,0.95,0.5,14,-1833.3627196360471,26397.461181487033,optimal,optimal,0.0,9246.839497407413,1199.9999999999998,1.0000030670198612e-07
2025-03-20,06:00,100,760.184338888889,696.8004217694067,0.0,63.38391711948225,-28.59882340431039,0.95,0.5,14,-1833.3627196360471,26397.461181487033,optimal,optimal,0.0,9246.839497407413,1199.9999999999998,1.0000030670198612e-07
2025-03-20,06:00,101,803.8587444444443,733.6832118763373,0.0,70.17553256810697,-32.15092024607821,0.95,0.5,14,-1833.3627196360471,26397.461181487033,optimal,optimal,0.0,9246.839497407413,1199.9999999999998,1.0000030670198612e-07
2025-03-20,06:00,102,837.8181500000001,790.1645581547784,0.0,47.65359184522163,-22.07314374270666,0.95,0.5,14,-1833.3627196360471,26397.461181487033,optimal,optimal,0.0,9246.839497407413,1199.9999999999998,1.0000030670198612e-07
2025-03-20,06:00,103,864.0654055555556,824.3540790178708,0.0,39.71132653768473,-18.787428584978645,0.95,0.5,14,-1833.3627196360471,26397.461181487033,optimal,optimal,0.0,9246.839497407413,1199.9999999999998,1.0000030670198612e-07
2025-03-20,06:00,104,901.7422194444442,869.9731582142964,0.0,31.769061230147827,-15.474709725205006,0.95,0.5,14,-1833.3627196360471,26397.461181487033,optimal,optimal,0.0,9246.839497407413,1199.9999999999998,1.0000030670198612e-07
2025-03-20,06:00,105,946.3415203333319,931.9240927680758,0.0,14.417427565256162,-7.1092335324278135,0.95,0.5,14,-1833.3627196360471,26397.461181487033,optimal,optimal,0.0,9246.839497407413,1199.9999999999998,1.0000030670198612e-07
2025-03-20,06:00,106,1045.6931472222223,1030.5966346844893,0.0,15.096512537732906,-7.367098118413658,0.95,0.5,14,-1833.3627196360471,26397.461181487033,optimal,optimal,0.0,9246.839497407413,1199.9999999999998,1.0000030670198612e-07
2025-03-20,06:00,107,939.9389833333332,919.5921958035741,0.0,20.346787529759126,-10.928259582233627,0.95,0.5,14,-1833.3627196360471,26397.461181487033,optimal,optimal,0.0,9246.839497407413,1199.9999999999998,1.0000030670198612e-07
2025-03-20,06:00,108,726.5908333333332,726.5908333333332,0.0,0.0,0.0,0.95,0.5,14,-1833.3627196360471,26397.461181487033,optimal,optimal,0.0,9246.839497407413,1199.9999999999998,1.0000030670198612e-07
2025-03-20,06:00,109,691.2768416666668,691.2768416666668,0.0,0.0,0.0,0.95,0.5,14,-1833.3627196360471,26397.461181487033,optimal,optimal,0.0,9246.839497407413,1199.9999999999998,1.0000030670198612e-07
2025-03-20,06:00,110,703.0212249999998,703.0212249999998,0.0,0.0,0.0,0.95,0.5,14,-1833.3627196360471,26397.461181487033,optimal,optimal,0.0,9246.839497407413,1199.9999999999998,1.0000030670198612e-07
2025-03-20,06:00,111,696.3166666666666,696.3166666666666,0.0,0.0,0.0,0.95,0.5,14,-1833.3627196360471,26397.461181487033,optimal,optimal,0.0,9246.839497407413,1199.9999999999998,1.0000030670198612e-07
2025-03-20,06:00,112,708.7934999999999,708.7934999999999,0.0,0.0,0.0,0.95,0.5,14,-1833.3627196360471,26397.461181487033,optimal,optimal,0.0,9246.839497407413,1199.9999999999998,1.0000030670198612e-07
2025-03-20,06:00,113,549.5870062800035,549.5870062800035,0.0,0.0,0.0,0.95,0.5,14,-1833.3627196360471,26397.461181487033,optimal,optimal,0.0,9246.839497407413,1199.9999999999998,1.0000030670198612e-07
2025-03-20,06:00,114,0.0,0.0,0.0,0.0,0.0,0.95,0.5,14,-1833.3627196360471,26397.461181487033,optimal,optimal,0.0,9246.839497407413,1199.9999999999998,1.0000030670198612e-07
2025-03-20,06:00,115,0.0,0.0,0.0,0.0,0.0,0.95,0.5,14,-1833.3627196360471,26397.461181487033,optimal,optimal,0.0,9246.839497407413,1199.9999999999998,1.0000030670198612e-07
2025-03-20,06:00,116,0.0,0.0,0.0,0.0,0.0,0.95,0.5,14,-1833.3627196360471,26397.461181487033,optimal,optimal,0.0,9246.839497407413,1199.9999999999998,1.0000030670198612e-07
2025-03-20,06:00,117,0.0,0.0,0.0,0.0,0.0,0.95,0.5,14,-1833.3627196360471,26397.461181487033,optimal,optimal,0.0,9246.839497407413,1199.9999999999998,1.0000030670198612e-07
2025-03-20,06:00,118,0.0,0.0,0.0,0.0,0.0,0.95,0.5,14,-1833.3627196360471,26397.461181487033,optimal,optimal,0.0,9246.839497407413,1199.9999999999998,1.0000030670198612e-07
2025-03-20,06:00,119,0.0,0.0,0.0,0.0,0.0,0.95,0.5,14,-1833.3627196360471,26397.461181487033,optimal,optimal,0.0,9246.839497407413,1199.9999999999998,1.0000030670198612e-07
2025-03-20,06:00,120,0.0,0.0,0.0,0.0,0.0,0.95,0.5,14,-1833.3627196360471,26397.461181487033,optimal,optimal,0.0,9246.839497407413,1199.9999999999998,1.0000030670198612e-07
2025-03-20,06:00,121,0.0,0.0,0.0,0.0,0.0,0.95,0.5,14,-1833.3627196360471,26397.461181487033,optimal,optimal,0.0,9246.839497407413,1199.9999999999998,1.0000030670198612e-07
2025-03-20,06:00,122,0.0,0.0,0.0,0.0,0.0,0.95,0.5,14,-1833.3627196360471,26397.461181487033,optimal,optimal,0.0,9246.839497407413,1199.9999999999998,1.0000030670198612e-07
2025-03-20,06:00,123,0.0,0.0,0.0,0.0,0.0,0.95,0.5,14,-1833.3627196360471,26397.461181487033,optimal,optimal,0.0,9246.839497407413,1199.9999999999998,1.0000030670198612e-07
2025-03-20,06:00,124,0.0,0.0,0.0,0.0,0.0,0.95,0.5,14,-1833.3627196360471,26397.461181487033,optimal,optimal,0.0,9246.839497407413,1199.9999999999998,1.0000030670198612e-07
2025-03-20,06:00,125,717.2208083333333,717.2208083333333,0.0,0.0,0.0,0.95,0.5,14,-1833.3627196360471,26397.461181487033,optimal,optimal,0.0,9246.839497407413,1199.9999999999998,1.0000030670198612e-07
2025-03-20,06:00,126,769.9531069958848,769.9531069958848,0.0,0.0,0.0,0.95,0.5,14,-1833.3627196360471,26397.461181487033,optimal,optimal,0.0,9246.839497407413,1199.9999999999998,1.0000030670198612e-07
2025-03-20,06:00,127,741.8761999999998,741.8761999999999,0.0,-1.1368683772161603e-13,5.154561222298071e-14,0.95,0.5,14,-1833.3627196360471,26397.461181487033,optimal,optimal,0.0,9246.839497407413,1199.9999999999998,1.0000030670198612e-07
2025-03-20,06:00,128,721.3869666666666,721.3869666666666,0.0,0.0,0.0,0.95,0.5,14,-1833.3627196360471,26397.461181487033,optimal,optimal,0.0,9246.839497407413,1199.9999999999998,1.0000030670198612e-07
2025-03-20,06:00,129,745.2841666666666,745.2841666666666,0.0,0.0,0.0,0.95,0.5,14,-1833.3627196360471,26397.461181487033,optimal,optimal,0.0,9246.839497407413,1199.9999999999998,1.0000030670198612e-07
2025-03-20,06:00,130,710.1871416666667,710.1871416666667,0.0,0.0,0.0,0.95,0.5,14,-1833.3627196360471,26397.461181487033,optimal,optimal,0.0,9246.839497407413,1199.9999999999998,1.0000030670198612e-07
2025-03-20,06:00,131,616.3402,616.3402,0.0,0.0,0.0,0.95,0.5,14,-1833.3627196360471,26397.461181487033,optimal,optimal,0.0,9246.839497407413,1199.9999999999998,1.0000030670198612e-07
2025-03-20,06:00,132,560.4133333333332,560.4133333333332,0.0,0.0,0.0,0.95,0.5,14,-1833.3627196360471,26397.461181487033,optimal,optimal,0.0,9246.839497407413,1199.9999999999998,1.0000030670198612e-07
2025-03-20,06:00,133,586.1315213991766,586.1315213991766,0.0,0.0,0.0,0.95,0.5,14,-1833.3627196360471,26397.461181487033,optimal,optimal,0.0,9246.839497407413,1199.9999999999998,1.0000030670198612e-07
2025-03-20,06:00,134,574.8878,574.8878,0.0,0.0,0.0,0.95,0.5,14,-1833.3627196360471,26397.461181487033,optimal,optimal,0.0,9246.839497407413,1199.9999999999998,1.0000030670198612e-07
2025-03-20,06:00,135,546.5833333333333,546.5833333333333,0.0,0.0,0.0,0.95,0.5,14,-1833.3627196360471,26397.461181487033,optimal,optimal,0.0,9246.839497407413,1199.9999999999998,1.0000030670198612e-07
2025-03-20,06:00,136,576.69495,576.69495,0.0,0.0,0.0,0.95,0.5,14,-1833.3627196360471,26397.461181487033,optimal,optimal,0.0,9246.839497407413,1199.9999999999998,1.0000030670198612e-07
2025-03-20,06:00,137,593.4741999348255,593.4741999348255,0.0,0.0,0.0,0.95,0.5,14,-1833.3627196360471,26397.461181487033,optimal,optimal,0.0,9246.839497407413,1199.9999999999998,1.0000030670198612e-07
2025-03-20,06:00,138,584.6,584.6,0.0,0.0,0.0,0.95,0.5,14,-1833.3627196360471,26397.461181487033,optimal,optimal,0.0,9246.839497407413,1199.9999999999998,1.0000030670198612e-07
2025-03-20,06:00,139,584.0878166666666,584.0878166666666,0.0,0.0,0.0,0.95,0.5,14,-1833.3627196360471,26397.461181487033,optimal,optimal,0.0,9246.839497407413,1199.9999999999998,1.0000030670198612e-07
2025-03-20,06:00,140,578.0750083333334,578.0750083333334,0.0,0.0,0.0,0.95,0.5,14,-1833.3627196360471,26397.461181487033,optimal,optimal,0.0,9246.839497407413,1199.9999999999998,1.0000030670198612e-07
2025-03-20,06:00,141,579.1133333333332,579.1133333333332,0.0,0.0,0.0,0.95,0.5,14,-1833.3627196360471,26397.461181487033,optimal,optimal,0.0,9246.839497407413,1199.9999999999998,1.0000030670198612e-07
2025-03-20,06:00,142,598.9101670341613,598.9101670341613,0.0,0.0,0.0,0.95,0.5,14,-1833.3627196360471,26397.461181487033,optimal,optimal,0.0,9246.839497407413,1199.9999999999998,1.0000030670198612e-07
2025-03-20,06:00,143,526.2121666666667,526.2121666666667,0.0,0.0,0.0,0.95,0.5,14,-1833.3627196360471,26397.461181487033,optimal,optimal,0.0,9246.839497407413,1199.9999999999998,1.0000030670198612e-07
2025-03-20,06:00,144,352.48041675512496,352.48041675512496,0.0,0.0,0.0,0.95,0.5,14,-1833.3627196360471,26397.461181487033,optimal,optimal,0.0,9246.839497407413,1199.9999999999998,1.0000030670198612e-07
2025-03-20,12:00,73,428.31229734992473,465.03874968789785,36.726452337973114,0.0,24.30005718941991,0.95,0.5,14,326.05713626815776,15266.26022205765,optimal,optimal,0.0,5408.885437615348,1199.9999999999998,1.0000002248489182e-07
2025-03-20,12:00,74,428.2676949836309,454.6078192770756,26.34012429344466,0.0,17.981085848919996,0.95,0.5,14,326.05713626815776,15266.26022205765,optimal,optimal,0.0,5408.885437615348,1199.9999999999998,1.0000002248489182e-07
2025-03-20,12:00,75,452.2648176173369,468.21861386625335,15.953796248916433,0.0,10.680268898837106,0.95,0.5,14,326.05713626815776,15266.26022205765,optimal,optimal,0.0,5408.885437615348,1199.9999999999998,1.0000002248489182e-07
2025-03-20,12:00,76,535.0400819177096,535.0400819177096,0.0,0.0,0.0,0.95,0.5,14,326.05713626815776,15266.26022205765,optimal,optimal,0.0,5408.885437615348,1199.9999999999998,1.0000002248489182e-07
2025-03-20,12:00,77,0.0,291.95749302478225,291.95749302478225,0.0,248.83537130502194,0.95,0.5,14,326.05713626815776,15266.26022205765,optimal,optimal,0.0,5408.885437615348,1199.9999999999998,1.0000002248489182e-07
2025-03-20,12:00,78,0.0,0.0,0.0,0.0,0.0,0.95,0.5,14,326.05713626815776,15266.26022205765,optimal,optimal,0.0,5408.885437615348,1199.9999999999998,1.0000002248489182e-07
2025-03-20,12:00,79,0.0,0.0,0.0,0.0,0.0,0.95,0.5,14,326.05713626815776,15266.26022205765,optimal,optimal,0.0,5408.885437615348,1199.9999999999998,1.0000002248489182e-07
2025-03-20,12:00,80,0.0,0.0,0.0,0.0,0.0,0.95,0.5,14,326.05713626815776,15266.26022205765,optimal,optimal,0.0,5408.885437615348,1199.9999999999998,1.0000002248489182e-07
2025-03-20,12:00,81,0.0,0.0,0.0,0.0,0.0,0.95,0.5,14,326.05713626815776,15266.26022205765,optimal,optimal,0.0,5408.885437615348,1199.9999999999998,1.0000002248489182e-07
2025-03-20,12:00,82,0.0,0.0,0.0,0.0,0.0,0.95,0.5,14,326.05713626815776,15266.26022205765,optimal,optimal,0.0,5408.885437615348,1199.9999999999998,1.0000002248489182e-07
2025-03-20,12:00,83,0.0,0.0,0.0,0.0,0.0,0.95,0.5,14,326.05713626815776,15266.26022205765,optimal,optimal,0.0,5408.885437615348,1199.9999999999998,1.0000002248489182e-07
2025-03-20,12:00,84,0.0,0.0,0.0,0.0,0.0,0.95,0.5,14,326.05713626815776,15266.26022205765,optimal,optimal,0.0,5408.885437615348,1199.9999999999998,1.0000002248489182e-07
2025-03-20,12:00,85,0.0,0.0,0.0,0.0,0.0,0.95,0.5,14,326.05713626815776,15266.26022205765,optimal,optimal,0.0,5408.885437615348,1199.9999999999998,1.0000002248489182e-07
2025-03-20,12:00,86,0.0,0.0,0.0,0.0,0.0,0.95,0.5,14,326.05713626815776,15266.26022205765,optimal,optimal,0.0,5408.885437615348,1199.9999999999998,1.0000002248489182e-07
2025-03-20,12:00,87,0.0,0.0,0.0,0.0,0.0,0.95,0.5,14,326.05713626815776,15266.26022205765,optimal,optimal,0.0,5408.885437615348,1199.9999999999998,1.0000002248489182e-07
2025-03-20,12:00,88,0.0,0.0,0.0,0.0,0.0,0.95,0.5,14,326.05713626815776,15266.26022205765,optimal,optimal,0.0,5408.885437615348,1199.9999999999998,1.0000002248489182e-07
2025-03-20,12:00,89,0.0,0.0,0.0,0.0,0.0,0.95,0.5,14,326.05713626815776,15266.26022205765,optimal,optimal,0.0,5408.885437615348,1199.9999999999998,1.0000002248489182e-07
2025-03-20,12:00,90,265.5239236491303,265.5239236491303,0.0,0.0,0.0,0.95,0.5,14,326.05713626815776,15266.26022205765,optimal,optimal,0.0,5408.885437615348,1199.9999999999998,1.0000002248489182e-07
2025-03-20,12:00,91,803.3209890341175,803.3209890341175,0.0,0.0,0.0,0.95,0.5,14,326.05713626815776,15266.26022205765,optimal,optimal,0.0,5408.885437615348,1199.9999999999998,1.0000002248489182e-07
2025-03-20,12:00,92,391.68482945611663,391.68482945611663,0.0,0.0,0.0,0.95,0.5,14,326.05713626815776,15266.26022205765,optimal,optimal,0.0,5408.885437615348,1199.9999999999998,1.0000002248489182e-07
2025-03-20,12:00,93,433.8604698596098,433.8604698596098,0.0,0.0,0.0,0.95,0.5,14,326.05713626815776,15266.26022205765,optimal,optimal,0.0,5408.885437615348,1199.9999999999998,1.0000002248489182e-07
2025-03-20,12:00,94,533.8896352631032,533.8896352631032,0.0,0.0,0.0,0.95,0.5,14,326.05713626815776,15266.26022205765,optimal,optimal,0.0,5408.885437615348,1199.9999999999998,1.0000002248489182e-07
2025-03-20,12:00,95,595.3253589999299,595.3253589999299,0.0,0.0,0.0,0.95,0.5,14,326.05713626815776,15266.26022205765,optimal,optimal,0.0,5408.885437615348,1199.9999999999998,1.0000002248489182e-07
2025-03-20,12:00,96,603.2086827367559,603.2086827367559,0.0,0.0,0.0,0.95,0.5,14,326.05713626815776,15266.26022205765,optimal,optimal,0.0,5408.885437615348,1199.9999999999998,1.0000002248489182e-07
2025-03-20,12:00,97,574.7781751564507,574.7781751564507,0.0,0.0,0.0,0.95,0.5,14,326.05713626815776,15266.26022205765,optimal,optimal,0.0,5408.885437615348,1199.9999999999998,1.0000002248489182e-07
2025-03-20,12:00,98,627.5018006735306,627.5018006735306,0.0,0.0,0.0,0.95,0.5,14,326.05713626815776,15266.26022205765,optimal,optimal,0.0,5408.885437615348,1199.9999999999998,1.0000002248489182e-07
2025-03-20,12:00,99,682.0749511906106,682.0749511906106,0.0,0.0,0.0,0.95,0.5,14,326.05713626815776,15266.26022205765,optimal,optimal,0.0,5408.885437615348,1199.9999999999998,1.0000002248489182e-07
2025-03-20,12:00,100,696.8004217694067,696.8004217694067,0.0,0.0,0.0,0.95,0.5,14,326.05713626815776,15266.26022205765,optimal,optimal,0.0,5408.885437615348,1199.9999999999998,1.0000002248489182e-07
2025-03-20,12:00,101,733.6832118763373,733.6832118763373,0.0,0.0,0.0,0.95,0.5,14,326.05713626815776,15266.26022205765,optimal,optimal,0.0,5408.885437615348,1199.9999999999998,1.0000002248489182e-07
2025-03-20,12:00,102,790.1645581547784,790.1645581547784,0.0,0.0,0.0,0.95,0.5,14,326.05713626815776,15266.26022205765,optimal,optimal,0.0,5408.885437615348,1199.9999999999998,1.0000002248489182e-07
2025-03-20,12:00,103,824.3540790178708,824.3540790178708,0.0,0.0,0.0,0.95,0.5,14,326.05713626815776,15266.26022205765,optimal,optimal,0.0,5408.885437615348,1199.9999999999998,1.0000002248489182e-07
2025-03-20,12:00,104,869.9731582142964,869.9731582142964,0.0,0.0,0.0,0.95,0.5,14,326.05713626815776,15266.26022205765,optimal,optimal,0.0,5408.885437615348,1199.9999999999998,1.0000002248489182e-07
2025-03-20,12:00,105,931.9240927680758,931.9240927680758,0.0,0.0,0.0,0.95,0.5,14,326.05713626815776,15266.26022205765,optimal,optimal,0.0,5408.885437615348,1199.9999999999998,1.0000002248489182e-07
2025-03-20,12:00,106,1030.5966346844893,1030.5966346844893,0.0,0.0,0.0,0.95,0.5,14,326.05713626815776,15266.26022205765,optimal,optimal,0.0,5408.885437615348,1199.9999999999998,1.0000002248489182e-07
2025-03-20,12:00,107,919.5921958035741,919.5921958035741,0.0,0.0,0.0,0.95,0.5,14,326.05713626815776,15266.26022205765,optimal,optimal,0.0,5408.885437615348,1199.9999999999998,1.0000002248489182e-07
2025-03-20,12:00,108,726.5908333333332,726.5908333333332,0.0,0.0,0.0,0.95,0.5,14,326.05713626815776,15266.26022205765,optimal,optimal,0.0,5408.885437615348,1199.9999999999998,1.0000002248489182e-07
2025-03-20,12:00,109,691.2768416666668,691.2768416666668,0.0,0.0,0.0,0.95,0.5,14,326.05713626815776,15266.26022205765,optimal,optimal,0.0,5408.885437615348,1199.9999999999998,1.0000002248489182e-07
2025-03-20,12:00,110,703.0212249999998,703.0212249999998,0.0,0.0,0.0,0.95,0.5,14,326.05713626815776,15266.26022205765,optimal,optimal,0.0,5408.885437615348,1199.9999999999998,1.0000002248489182e-07
2025-03-20,12:00,111,696.3166666666666,696.3166666666666,0.0,0.0,0.0,0.95,0.5,14,326.05713626815776,15266.26022205765,optimal,optimal,0.0,5408.885437615348,1199.9999999999998,1.0000002248489182e-07
2025-03-20,12:00,112,708.7934999999999,708.7934999999999,0.0,0.0,0.0,0.95,0.5,14,326.05713626815776,15266.26022205765,optimal,optimal,0.0,5408.885437615348,1199.9999999999998,1.0000002248489182e-07
2025-03-20,12:00,113,549.5870062800035,549.5870062800035,0.0,0.0,0.0,0.95,0.5,14,326.05713626815776,15266.26022205765,optimal,optimal,0.0,5408.885437615348,1199.9999999999998,1.0000002248489182e-07
2025-03-20,12:00,114,0.0,0.0,0.0,0.0,0.0,0.95,0.5,14,326.05713626815776,15266.26022205765,optimal,optimal,0.0,5408.885437615348,1199.9999999999998,1.0000002248489182e-07
2025-03-20,12:00,115,0.0,0.0,0.0,0.0,0.0,0.95,0.5,14,326.05713626815776,15266.26022205765,optimal,optimal,0.0,5408.885437615348,1199.9999999999998,1.0000002248489182e-07
2025-03-20,12:00,116,0.0,0.0,0.0,0.0,0.0,0.95,0.5,14,326.05713626815776,15266.26022205765,optimal,optimal,0.0,5408.885437615348,1199.9999999999998,1.0000002248489182e-07
2025-03-20,12:00,117,0.0,0.0,0.0,0.0,0.0,0.95,0.5,14,326.05713626815776,15266.26022205765,optimal,optimal,0.0,5408.885437615348,1199.9999999999998,1.0000002248489182e-07
2025-03-20,12:00,118,0.0,0.0,0.0,0.0,0.0,0.95,0.5,14,326.05713626815776,15266.26022205765,optimal,optimal,0.0,5408.885437615348,1199.9999999999998,1.0000002248489182e-07
2025-03-20,12:00,119,0.0,0.0,0.0,0.0,0.0,0.95,0.5,14,326.05713626815776,15266.26022205765,optimal,optimal,0.0,5408.885437615348,1199.9999999999998,1.0000002248489182e-07
2025-03-20,12:00,120,0.0,0.0,0.0,0.0,0.0,0.95,0.5,14,326.05713626815776,15266.26022205765,optimal,optimal,0.0,5408.885437615348,1199.9999999999998,1.0000002248489182e-07
2025-03-20,12:00,121,0.0,0.0,0.0,0.0,0.0,0.95,0.5,14,326.05713626815776,15266.26022205765,optimal,optimal,0.0,5408.885437615348,1199.9999999999998,1.0000002248489182e-07
2025-03-20,12:00,122,0.0,0.0,0.0,0.0,0.0,0.95,0.5,14,326.05713626815776,15266.26022205765,optimal,optimal,0.0,5408.885437615348,1199.9999999999998,1.0000002248489182e-07
2025-03-20,12:00,123,0.0,0.0,0.0,0.0,0.0,0.95,0.5,14,326.05713626815776,15266.26022205765,optimal,optimal,0.0,5408.885437615348,1199.9999999999998,1.0000002248489182e-07
2025-03-20,12:00,124,0.0,0.0,0.0,0.0,0.0,0.95,0.5,14,326.05713626815776,15266.26022205765,optimal,optimal,0.0,5408.885437615348,1199.9999999999998,1.0000002248489182e-07
2025-03-20,12:00,125,717.2208083333333,717.2208083333333,0.0,0.0,0.0,0.95,0.5,14,326.05713626815776,15266.26022205765,optimal,optimal,0.0,5408.885437615348,1199.9999999999998,1.0000002248489182e-07
2025-03-20,12:00,126,769.9531069958848,769.9531069958848,0.0,0.0,0.0,0.95,0.5,14,326.05713626815776,15266.26022205765,optimal,optimal,0.0,5408.885437615348,1199.9999999999998,1.0000002248489182e-07
2025-03-20,12:00,127,741.8761999999999,741.8761999999999,0.0,0.0,0.0,0.95,0.5,14,326.05713626815776,15266.26022205765,optimal,optimal,0.0,5408.885437615348,1199.9999999999998,1.0000002248489182e-07
2025-03-20,12:00,128,721.3869666666666,721.3869666666666,0.0,0.0,0.0,0.95,0.5,14,326.05713626815776,15266.26022205765,optimal,optimal,0.0,5408.885437615348,1199.9999999999998,1.0000002248489182e-07
2025-03-20,12:00,129,745.2841666666666,745.2841666666666,0.0,0.0,0.0,0.95,0.5,14,326.05713626815776,15266.26022205765,optimal,optimal,0.0,5408.885437615348,1199.9999999999998,1.0000002248489182e-07
2025-03-20,12:00,130,710.1871416666667,710.1871416666667,0.0,0.0,0.0,0.95,0.5,14,326.05713626815776,15266.26022205765,optimal,optimal,0.0,5408.885437615348,1199.9999999999998,1.0000002248489182e-07
2025-03-20,12:00,131,616.3402,616.3402,0.0,0.0,0.0,0.95,0.5,14,326.05713626815776,15266.26022205765,optimal,optimal,0.0,5408.885437615348,1199.9999999999998,1.0000002248489182e-07
2025-03-20,12:00,132,560.4133333333332,560.4133333333332,0.0,0.0,0.0,0.95,0.5,14,326.05713626815776,15266.26022205765,optimal,optimal,0.0,5408.885437615348,1199.9999999999998,1.0000002248489182e-07
2025-03-20,12:00,133,586.1315213991766,586.1315213991766,0.0,0.0,0.0,0.95,0.5,14,326.05713626815776,15266.26022205765,optimal,optimal,0.0,5408.885437615348,1199.9999999999998,1.0000002248489182e-07
2025-03-20,12:00,134,574.8878,574.8878,0.0,0.0,0.0,0.95,0.5,14,326.05713626815776,15266.26022205765,optimal,optimal,0.0,5408.885437615348,1199.9999999999998,1.0000002248489182e-07
2025-03-20,12:00,135,546.5833333333333,561.9544540176998,15.37112068436658,0.0,9.679194694945636,0.95,0.5,14,326.05713626815776,15266.26022205765,optimal,optimal,0.0,5408.885437615348,1199.9999999999998,1.0000002248489182e-07
2025-03-20,12:00,136,576.69495,599.9170527727555,23.222102772755534,0.0,14.581158331013201,0.95,0.5,14,326.05713626815776,15266.26022205765,optimal,optimal,0.0,5408.885437615348,1199.9999999999998,1.0000002248489182e-07
2025-03-20,12:00,137,593.4741999348255,593.4741999348255,0.0,0.0,0.0,0.95,0.5,14,326.05713626815776,15266.26022205765,optimal,optimal,0.0,5408.885437615348,1199.9999999999998,1.0000002248489182e-07
2025-03-20,12:00,138,584.6,584.6,0.0,0.0,0.0,0.95,0.5,14,326.05713626815776,15266.26022205765,optimal,optimal,0.0,5408.885437615348,1199.9999999999998,1.0000002248489182e-07
2025-03-20,12:00,139,584.0878166666666,584.0878166666666,0.0,0.0,0.0,0.95,0.5,14,326.05713626815776,15266.26022205765,optimal,optimal,0.0,5408.885437615348,1199.9999999999998,1.0000002248489182e-07
2025-03-20,12:00,140,578.0750083333334,578.0750083333334,0.0,0.0,0.0,0.95,0.5,14,326.05713626815776,15266.26022205765,optimal,optimal,0.0,5408.885437615348,1199.9999999999998,1.0000002248489182e-07
2025-03-20,12:00,141,579.1133333333332,579.1133333333332,0.0,0.0,0.0,0.95,0.5,14,326.05713626815776,15266.26022205765,optimal,optimal,0.0,5408.885437615348,1199.9999999999998,1.0000002248489182e-07
2025-03-20,12:00,142,598.9101670341613,598.9101670341613,0.0,0.0,0.0,0.95,0.5,14,326.05713626815776,15266.26022205765,optimal,optimal,0.0,5408.885437615348,1199.9999999999998,1.0000002248489182e-07
2025-03-20,12:00,143,526.2121666666667,526.2121666666667,0.0,0.0,0.0,0.95,0.5,14,326.05713626815776,15266.26022205765,optimal,optimal,0.0,5408.885437615348,1199.9999999999998,1.0000002248489182e-07
2025-03-20,12:00,144,352.48041675512496,352.48041675512496,0.0,0.0,0.0,0.95,0.5,14,326.05713626815776,15266.26022205765,optimal,optimal,0.0,5408.885437615348,1199.9999999999998,1.0000002248489182e-07
2025-03-20,18:00,109,691.2768416666668,698.533075,7.2562333333332845,0.0,13.671832034999907,0.95,0.5,14,353.2835854925645,9183.518798308532,optimal,optimal,0.0,10456.840434627358,1324.979515632263,1.0000007932831068e-07
2025-03-20,18:00,110,703.0212249999998,714.3597333333332,11.33850833333338,0.0,21.169561983750086,0.95,0.5,14,353.2835854925645,9183.518798308532,optimal,optimal,0.0,10456.840434627358,1324.979515632263,1.0000007932831068e-07
2025-03-20,18:00,111,696.3166666666666,699.5699999999999,3.2533333333333303,0.0,6.121959999999994,0.95,0.5,14,353.2835854925645,9183.518798308532,optimal,optimal,0.0,10456.840434627358,1324.979515632263,1.0000007932831068e-07
2025-03-20,18:00,112,708.7934999999999,718.1848833333333,9.391383333333465,0.0,17.639835315000248,0.95,0.5,14,353.2835854925645,9183.518798308532,optimal,optimal,0.0,10456.840434627358,1324.979515632263,1.0000007932831068e-07
2025-03-20,18:00,113,549.5870062800035,595.8391838353787,46.25217755537517,0.0,89.36614486361813,0.95,0.5,14,353.2835854925645,9183.518798308532,optimal,optimal,0.0,10456.840434627358,1324.979515632263,1.0000007932831068e-07
2025-03-20,18:00,114,0.0,0.0,0.0,0.0,0.0,0.95,0.5,14,353.2835854925645,9183.518798308532,optimal,optimal,0.0,10456.840434627358,1324.979515632263,1.0000007932831068e-07
2025-03-20,18:00,115,0.0,0.0,0.0,0.0,0.0,0.95,0.5,14,353.2835854925645,9183.518798308532,optimal,optimal,0.0,10456.840434627358,1324.979515632263,1.0000007932831068e-07
2025-03-20,18:00,116,0.0,0.0,0.0,0.0,0.0,0.95,0.5,14,353.2835854925645,9183.518798308532,optimal,optimal,0.0,10456.840434627358,1324.979515632263,1.0000007932831068e-07
2025-03-20,18:00,117,0.0,0.0,0.0,0.0,0.0,0.95,0.5,14,353.2835854925645,9183.518798308532,optimal,optimal,0.0,10456.840434627358,1324.979515632263,1.0000007932831068e-07
2025-03-20,18:00,118,0.0,0.0,0.0,0.0,0.0,0.95,0.5,14,353.2835854925645,9183.518798308532,optimal,optimal,0.0,10456.840434627358,1324.979515632263,1.0000007932831068e-07
2025-03-20,18:00,119,0.0,0.0,0.0,0.0,0.0,0.95,0.5,14,353.2835854925645,9183.518798308532,optimal,optimal,0.0,10456.840434627358,1324.979515632263,1.0000007932831068e-07
2025-03-20,18:00,120,0.0,0.0,0.0,0.0,0.0,0.95,0.5,14,353.2835854925645,9183.518798308532,optimal,optimal,0.0,10456.840434627358,1324.979515632263,1.0000007932831068e-07
2025-03-20,18:00,121,0.0,0.0,0.0,0.0,0.0,0.95,0.5,14,353.2835854925645,9183.518798308532,optimal,optimal,0.0,10456.840434627358,1324.979515632263,1.0000007932831068e-07
2025-03-20,18:00,122,0.0,0.0,0.0,0.0,0.0,0.95,0.5,14,353.2835854925645,9183.518798308532,optimal,optimal,0.0,10456.840434627358,1324.979515632263,1.0000007932831068e-07
2025-03-20,18:00,123,0.0,0.0,0.0,0.0,0.0,0.95,0.5,14,353.2835854925645,9183.518798308532,optimal,optimal,0.0,10456.840434627358,1324.979515632263,1.0000007932831068e-07
2025-03-20,18:00,124,0.0,0.0,0.0,0.0,0.0,0.95,0.5,14,353.2835854925645,9183.518798308532,optimal,optimal,0.0,10456.840434627358,1324.979515632263,1.0000007932831068e-07
2025-03-20,18:00,125,717.2208083333333,762.7891833333332,45.568374999999946,0.0,83.5678429124999,0.95,0.5,14,353.2835854925645,9183.518798308532,optimal,optimal,0.0,10456.840434627358,1324.979515632263,1.0000007932831068e-07
2025-03-20,18:00,126,769.9531069958848,780.5933333333334,10.640226337448553,0.0,14.894188827160484,0.95,0.5,14,353.2835854925645,9183.518798308532,optimal,optimal,0.0,10456.840434627358,1324.979515632263,1.0000007932831068e-07
2025-03-20,18:00,127,741.8761999999999,741.8761999999999,0.0,0.0,0.0,0.95,0.5,14,353.2835854925645,9183.518798308532,optimal,optimal,0.0,10456.840434627358,1324.979515632263,1.0000007932831068e-07
2025-03-20,18:00,128,721.3869666666666,721.3869666666666,0.0,0.0,0.0,0.95,0.5,14,353.2835854925645,9183.518798308532,optimal,optimal,0.0,10456.840434627358,1324.979515632263,1.0000007932831068e-07
2025-03-20,18:00,129,745.2841666666666,748.5975000000001,3.313333333333503,0.0,4.657387000000239,0.95,0.5,14,353.2835854925645,9183.518798308532,optimal,optimal,0.0,10456.840434627358,1324.979515632263,1.0000007932831068e-07
2025-03-20,18:00,130,710.1871416666667,712.7743909166653,2.5872492499986492,0.0,3.8308106020104997,0.95,0.5,14,353.2835854925645,9183.518798308532,optimal,optimal,0.0,10456.840434627358,1324.979515632263,1.0000007932831068e-07
2025-03-20,18:00,131,616.3402,655.3941083333333,39.05390833333331,0.0,45.482181644999976,0.95,0.5,14,353.2835854925645,9183.518798308532,optimal,optimal,0.0,10456.840434627358,1324.979515632263,1.0000007932831068e-07
2025-03-20,18:00,132,560.4133333333332,560.4133333333332,0.0,0.0,0.0,0.95,0.5,14,353.2835854925645,9183.518798308532,optimal,optimal,0.0,10456.840434627358,1324.979515632263,1.0000007932831068e-07
2025-03-20,18:00,133,586.1315213991766,586.1315213991766,0.0,0.0,0.0,0.95,0.5,14,353.2835854925645,9183.518798308532,optimal,optimal,0.0,10456.840434627358,1324.979515632263,1.0000007932831068e-07
2025-03-20,18:00,134,574.8878,574.8878,0.0,0.0,0.0,0.95,0.5,14,353.2835854925645,9183.518798308532,optimal,optimal,0.0,10456.840434627358,1324.979515632263,1.0000007932831068e-07
2025-03-20,18:00,135,561.9544540176998,561.9544540176998,0.0,0.0,0.0,0.95,0.5,14,353.2835854925645,9183.518798308532,optimal,optimal,0.0,10456.840434627358,1324.979515632263,1.0000007932831068e-07
2025-03-20,18:00,136,599.9170527727555,599.9170527727555,0.0,0.0,0.0,0.95,0.5,14,353.2835854925645,9183.518798308532,optimal,optimal,0.0,10456.840434627358,1324.979515632263,1.0000007932831068e-07
2025-03-20,18:00,137,593.4741999348255,597.6731916666666,4.198991731841147,0.0,2.6711885902107455,0.95,0.5,14,353.2835854925645,9183.518798308532,optimal,optimal,0.0,10456.840434627358,1324.979515632263,1.0000007932831068e-07
2025-03-20,18:00,138,584.6,584.6,0.0,0.0,0.0,0.95,0.5,14,353.2835854925645,9183.518798308532,optimal,optimal,0.0,10456.840434627358,1324.979515632263,1.0000007932831068e-07
2025-03-20,18:00,139,584.0878166666666,584.0878166666666,0.0,0.0,0.0,0.95,0.5,14,353.2835854925645,9183.518798308532,optimal,optimal,0.0,10456.840434627358,1324.979515632263,1.0000007932831068e-07
2025-03-20,18:00,140,578.0750083333334,578.0750083333334,0.0,0.0,0.0,0.95,0.5,14,353.2835854925645,9183.518798308532,optimal,optimal,0.0,10456.840434627358,1324.979515632263,1.0000007932831068e-07
2025-03-20,18:00,141,579.1133333333332,579.1133333333332,0.0,0.0,0.0,0.95,0.5,14,353.2835854925645,9183.518798308532,optimal,optimal,0.0,10456.840434627358,1324.979515632263,1.0000007932831068e-07
2025-03-20,18:00,142,598.9101670341613,611.742675,12.832507965838658,0.0,8.161475066273386,0.95,0.5,14,353.2835854925645,9183.518798308532,optimal,optimal,0.0,10456.840434627358,1324.979515632263,1.0000007932831068e-07
2025-03-20,18:00,143,526.2121666666667,564.7878499998152,38.575683333148554,0.0,24.71351152738162,0.95,0.5,14,353.2835854925645,9183.518798308532,optimal,optimal,0.0,10456.840434627358,1324.979515632263,1.0000007932831068e-07
2025-03-20,18:00,144,352.48041675512496,379.5082700832498,27.02785332812481,0.0,17.335665124659254,0.95,0.5,14,353.2835854925645,9183.518798308532,optimal,optimal,0.0,10456.840434627358,1324.979515632263,1.0000007932831068e-07
