Hour,Region,TaskType,Actual_GPU,Predicted_GPU,AbsoluteError
2376,RegionA,RealTimeInference,3,9.838804713804715,6.8388047138047146
2376,RegionA,BatchInference,11,18.751262626262626,7.751262626262626
2376,RegionA,AITraining,0,26.300925925925927,26.300925925925927
2376,RegionB,RealTimeInference,11,8.332912457912458,2.6670875420875415
2376,RegionB,BatchInference,26,18.412037037037038,7.587962962962962
2376,RegionB,AITraining,0,26.022306397306398,26.022306397306398
2376,RegionC,RealTimeInference,7,7.095538720538721,0.09553872053872059
2376,RegionC,BatchInference,0,14.478535353535353,14.478535353535353
2376,RegionC,AITraining,0,24.610690235690235,24.610690235690235
2376,RegionD,RealTimeInference,0,0.8261784511784511,0.8261784511784511
2376,RegionD,BatchInference,10,18.835858585858585,8.835858585858585
2376,RegionD,AITraining,119,170.05765993265993,51.05765993265993
2376,RegionE,RealTimeInference,0,1.093013468013468,1.093013468013468
2376,RegionE,BatchInference,34,12.241582491582491,21.75841750841751
2376,RegionE,AITraining,111,121.13257575757575,10.13257575757575
2376,RegionF,RealTimeInference,0,0.8337542087542088,0.8337542087542088
2376,RegionF,BatchInference,17,11.337542087542088,5.662457912457912
2376,RegionF,AITraining,124,122.66287878787878,1.3371212121212182
2377,RegionA,RealTimeInference,20,9.838804713804715,10.161195286195285
2377,RegionA,BatchInference,35,18.751262626262626,16.248737373737374
2377,RegionA,AITraining,0,26.300925925925927,26.300925925925927
2377,RegionB,RealTimeInference,6,8.332912457912458,2.3329124579124585
2377,RegionB,BatchInference,4,18.412037037037038,14.412037037037038
2377,RegionB,AITraining,0,26.022306397306398,26.022306397306398
2377,RegionC,RealTimeInference,4,7.095538720538721,3.0955387205387206
2377,RegionC,BatchInference,0,14.478535353535353,14.478535353535353
2377,RegionC,AITraining,110,24.610690235690235,85.38930976430976
2377,RegionD,RealTimeInference,0,0.8261784511784511,0.8261784511784511
2377,RegionD,BatchInference,0,18.835858585858585,18.835858585858585
2377,RegionD,AITraining,209,170.05765993265993,38.94234006734007
2377,RegionE,RealTimeInference,5,1.093013468013468,3.906986531986532
2377,RegionE,BatchInference,55,12.241582491582491,42.75841750841751
2377,RegionE,AITraining,321,121.13257575757575,199.86742424242425
2377,RegionF,RealTimeInference,2,0.8337542087542088,1.166245791245791
2377,RegionF,BatchInference,0,11.337542087542088,11.337542087542088
2377,RegionF,AITraining,321,122.66287878787878,198.33712121212122
2378,RegionA,RealTimeInference,8,9.838804713804715,1.8388047138047146
2378,RegionA,BatchInference,0,18.751262626262626,18.751262626262626
2378,RegionA,AITraining,0,26.300925925925927,26.300925925925927
2378,RegionB,RealTimeInference,5,8.332912457912458,3.3329124579124585
2378,RegionB,BatchInference,18,18.412037037037038,0.4120370370370381
2378,RegionB,AITraining,0,26.022306397306398,26.022306397306398
2378,RegionC,RealTimeInference,0,7.095538720538721,7.095538720538721
2378,RegionC,BatchInference,21,14.478535353535353,6.521464646464647
2378,RegionC,AITraining,17,24.610690235690235,7.610690235690235
2378,RegionD,RealTimeInference,0,0.8261784511784511,0.8261784511784511
2378,RegionD,BatchInference,23,18.835858585858585,4.164141414141415
2378,RegionD,AITraining,147,170.05765993265993,23.05765993265993
2378,RegionE,RealTimeInference,2,1.093013468013468,0.906986531986532
2378,RegionE,BatchInference,42,12.241582491582491,29.75841750841751
2378,RegionE,AITraining,335,121.13257575757575,213.86742424242425
2378,RegionF,RealTimeInference,0,0.8337542087542088,0.8337542087542088
2378,RegionF,BatchInference,9,11.337542087542088,2.3375420875420883
2378,RegionF,AITraining,296,122.66287878787878,173.33712121212122
2379,RegionA,RealTimeInference,5,9.838804713804715,4.8388047138047146
2379,RegionA,BatchInference,38,18.751262626262626,19.248737373737374
2379,RegionA,AITraining,0,26.300925925925927,26.300925925925927
2379,RegionB,RealTimeInference,1,8.332912457912458,7.3329124579124585
2379,RegionB,BatchInference,15,18.412037037037038,3.412037037037038
2379,RegionB,AITraining,0,26.022306397306398,26.022306397306398
2379,RegionC,RealTimeInference,0,7.095538720538721,7.095538720538721
2379,RegionC,BatchInference,28,14.478535353535353,13.521464646464647
2379,RegionC,AITraining,0,24.610690235690235,24.610690235690235
2379,RegionD,RealTimeInference,6,0.8261784511784511,5.173821548821548
2379,RegionD,BatchInference,14,18.835858585858585,4.835858585858585
2379,RegionD,AITraining,374,170.05765993265993,203.94234006734007
2379,RegionE,RealTimeInference,0,1.093013468013468,1.093013468013468
2379,RegionE,BatchInference,0,12.241582491582491,12.241582491582491
2379,RegionE,AITraining,70,121.13257575757575,51.13257575757575
2379,RegionF,RealTimeInference,0,0.8337542087542088,0.8337542087542088
2379,RegionF,BatchInference,9,11.337542087542088,2.3375420875420883
2379,RegionF,AITraining,102,122.66287878787878,20.662878787878782
2380,RegionA,RealTimeInference,0,9.838804713804715,9.838804713804715
2380,RegionA,BatchInference,0,18.751262626262626,18.751262626262626
2380,RegionA,AITraining,122,26.300925925925927,95.69907407407408
2380,RegionB,RealTimeInference,9,8.332912457912458,0.6670875420875415
2380,RegionB,BatchInference,19,18.412037037037038,0.5879629629629619
2380,RegionB,AITraining,142,26.022306397306398,115.9776936026936
2380,RegionC,RealTimeInference,12,7.095538720538721,4.904461279461279
2380,RegionC,BatchInference,22,14.478535353535353,7.521464646464647
2380,RegionC,AITraining,0,24.610690235690235,24.610690235690235
2380,RegionD,RealTimeInference,0,0.8261784511784511,0.8261784511784511
2380,RegionD,BatchInference,22,18.835858585858585,3.1641414141414153
2380,RegionD,AITraining,83,170.05765993265993,87.05765993265993
2380,RegionE,RealTimeInference,0,1.093013468013468,1.093013468013468
2380,RegionE,BatchInference,20,12.241582491582491,7.758417508417509
2380,RegionE,AITraining,73,121.13257575757575,48.13257575757575
2380,RegionF,RealTimeInference,0,0.8337542087542088,0.8337542087542088
2380,RegionF,BatchInference,16,11.337542087542088,4.662457912457912
2380,RegionF,AITraining,329,122.66287878787878,206.33712121212122
2381,RegionA,RealTimeInference,7,9.838804713804715,2.8388047138047146
2381,RegionA,BatchInference,43,18.751262626262626,24.248737373737374
2381,RegionA,AITraining,0,26.300925925925927,26.300925925925927
2381,RegionB,RealTimeInference,7,8.332912457912458,1.3329124579124585
2381,RegionB,BatchInference,4,18.412037037037038,14.412037037037038
2381,RegionB,AITraining,71,26.022306397306398,44.977693602693606
2381,RegionC,RealTimeInference,12,7.095538720538721,4.904461279461279
2381,RegionC,BatchInference,37,14.478535353535353,22.521464646464647
2381,RegionC,AITraining,68,24.610690235690235,43.389309764309765
2381,RegionD,RealTimeInference,0,0.8261784511784511,0.8261784511784511
2381,RegionD,BatchInference,0,18.835858585858585,18.835858585858585
2381,RegionD,AITraining,178,170.05765993265993,7.942340067340069
2381,RegionE,RealTimeInference,0,1.093013468013468,1.093013468013468
2381,RegionE,BatchInference,7,12.241582491582491,5.241582491582491
2381,RegionE,AITraining,161,121.13257575757575,39.86742424242425
2381,RegionF,RealTimeInference,0,0.8337542087542088,0.8337542087542088
2381,RegionF,BatchInference,0,11.337542087542088,11.337542087542088
2381,RegionF,AITraining,191,122.66287878787878,68.33712121212122
2382,RegionA,RealTimeInference,1,9.838804713804715,8.838804713804715
2382,RegionA,BatchInference,19,18.751262626262626,0.2487373737373737
2382,RegionA,AITraining,0,26.300925925925927,26.300925925925927
2382,RegionB,RealTimeInference,7,8.332912457912458,1.3329124579124585
2382,RegionB,BatchInference,8,18.412037037037038,10.412037037037038
2382,RegionB,AITraining,0,26.022306397306398,26.022306397306398
2382,RegionC,RealTimeInference,13,7.095538720538721,5.904461279461279
2382,RegionC,BatchInference,19,14.478535353535353,4.521464646464647
2382,RegionC,AITraining,67,24.610690235690235,42.389309764309765
2382,RegionD,RealTimeInference,7,0.8261784511784511,6.173821548821548
2382,RegionD,BatchInference,19,18.835858585858585,0.16414141414141525
2382,RegionD,AITraining,91,170.05765993265993,79.05765993265993
2382,RegionE,RealTimeInference,6,1.093013468013468,4.906986531986532
2382,RegionE,BatchInference,23,12.241582491582491,10.758417508417509
2382,RegionE,AITraining,0,121.13257575757575,121.13257575757575
2382,RegionF,RealTimeInference,1,0.8337542087542088,0.1662457912457912
2382,RegionF,BatchInference,0,11.337542087542088,11.337542087542088
2382,RegionF,AITraining,180,122.66287878787878,57.33712121212122
2383,RegionA,RealTimeInference,17,9.838804713804715,7.1611952861952854
2383,RegionA,BatchInference,25,18.751262626262626,6.248737373737374
2383,RegionA,AITraining,0,26.300925925925927,26.300925925925927
2383,RegionB,RealTimeInference,9,8.332912457912458,0.6670875420875415
2383,RegionB,BatchInference,33,18.412037037037038,14.587962962962962
2383,RegionB,AITraining,0,26.022306397306398,26.022306397306398
2383,RegionC,RealTimeInference,2,7.095538720538721,5.095538720538721
2383,RegionC,BatchInference,0,14.478535353535353,14.478535353535353
2383,RegionC,AITraining,0,24.610690235690235,24.610690235690235
2383,RegionD,RealTimeInference,0,0.8261784511784511,0.8261784511784511
2383,RegionD,BatchInference,17,18.835858585858585,1.8358585858585847
2383,RegionD,AITraining,112,170.05765993265993,58.05765993265993
2383,RegionE,RealTimeInference,0,1.093013468013468,1.093013468013468
2383,RegionE,BatchInference,14,12.241582491582491,1.7584175084175087
2383,RegionE,AITraining,286,121.13257575757575,164.86742424242425
2383,RegionF,RealTimeInference,0,0.8337542087542088,0.8337542087542088
2383,RegionF,BatchInference,0,11.337542087542088,11.337542087542088
2383,RegionF,AITraining,159,122.66287878787878,36.33712121212122
2384,RegionA,RealTimeInference,12,9.838804713804715,2.1611952861952854
2384,RegionA,BatchInference,0,18.751262626262626,18.751262626262626
2384,RegionA,AITraining,0,26.300925925925927,26.300925925925927
2384,RegionB,RealTimeInference,7,8.332912457912458,1.3329124579124585
2384,RegionB,BatchInference,0,18.412037037037038,18.412037037037038
2384,RegionB,AITraining,78,26.022306397306398,51.977693602693606
2384,RegionC,RealTimeInference,6,7.095538720538721,1.0955387205387206
2384,RegionC,BatchInference,17,14.478535353535353,2.521464646464647
2384,RegionC,AITraining,0,24.610690235690235,24.610690235690235
2384,RegionD,RealTimeInference,0,0.8261784511784511,0.8261784511784511
2384,RegionD,BatchInference,6,18.835858585858585,12.835858585858585
2384,RegionD,AITraining,68,170.05765993265993,102.05765993265993
2384,RegionE,RealTimeInference,4,1.093013468013468,2.906986531986532
2384,RegionE,BatchInference,6,12.241582491582491,6.241582491582491
2384,RegionE,AITraining,153,121.13257575757575,31.86742424242425
2384,RegionF,RealTimeInference,0,0.8337542087542088,0.8337542087542088
2384,RegionF,BatchInference,0,11.337542087542088,11.337542087542088
2384,RegionF,AITraining,179,122.66287878787878,56.33712121212122
2385,RegionA,RealTimeInference,5,9.838804713804715,4.8388047138047146
2385,RegionA,BatchInference,0,18.751262626262626,18.751262626262626
2385,RegionA,AITraining,0,26.300925925925927,26.300925925925927
2385,RegionB,RealTimeInference,12,8.332912457912458,3.6670875420875415
2385,RegionB,BatchInference,33,18.412037037037038,14.587962962962962
2385,RegionB,AITraining,0,26.022306397306398,26.022306397306398
2385,RegionC,RealTimeInference,5,7.095538720538721,2.0955387205387206
2385,RegionC,BatchInference,35,14.478535353535353,20.521464646464647
2385,RegionC,AITraining,0,24.610690235690235,24.610690235690235
2385,RegionD,RealTimeInference,0,0.8261784511784511,0.8261784511784511
2385,RegionD,BatchInference,34,18.835858585858585,15.164141414141415
2385,RegionD,AITraining,64,170.05765993265993,106.05765993265993
2385,RegionE,RealTimeInference,0,1.093013468013468,1.093013468013468
2385,RegionE,BatchInference,0,12.241582491582491,12.241582491582491
2385,RegionE,AITraining,144,121.13257575757575,22.86742424242425
2385,RegionF,RealTimeInference,7,0.8337542087542088,6.1662457912457915
2385,RegionF,BatchInference,0,11.337542087542088,11.337542087542088
2385,RegionF,AITraining,393,122.66287878787878,270.33712121212125
2386,RegionA,RealTimeInference,6,9.838804713804715,3.8388047138047146
2386,RegionA,BatchInference,15,18.751262626262626,3.7512626262626263
2386,RegionA,AITraining,0,26.300925925925927,26.300925925925927
2386,RegionB,RealTimeInference,18,8.332912457912458,9.667087542087542
2386,RegionB,BatchInference,51,18.412037037037038,32.58796296296296
2386,RegionB,AITraining,113,26.022306397306398,86.9776936026936
2386,RegionC,RealTimeInference,5,7.095538720538721,2.0955387205387206
2386,RegionC,BatchInference,14,14.478535353535353,0.4785353535353529
2386,RegionC,AITraining,0,24.610690235690235,24.610690235690235
2386,RegionD,RealTimeInference,4,0.8261784511784511,3.173821548821549
2386,RegionD,BatchInference,60,18.835858585858585,41.16414141414141
2386,RegionD,AITraining,116,170.05765993265993,54.05765993265993
2386,RegionE,RealTimeInference,0,1.093013468013468,1.093013468013468
2386,RegionE,BatchInference,17,12.241582491582491,4.758417508417509
2386,RegionE,AITraining,101,121.13257575757575,20.13257575757575
2386,RegionF,RealTimeInference,0,0.8337542087542088,0.8337542087542088
2386,RegionF,BatchInference,12,11.337542087542088,0.6624579124579117
2386,RegionF,AITraining,114,122.66287878787878,8.662878787878782
2387,RegionA,RealTimeInference,11,9.838804713804715,1.1611952861952854
2387,RegionA,BatchInference,16,18.751262626262626,2.7512626262626263
2387,RegionA,AITraining,0,26.300925925925927,26.300925925925927
2387,RegionB,RealTimeInference,15,8.332912457912458,6.6670875420875415
2387,RegionB,BatchInference,33,18.412037037037038,14.587962962962962
2387,RegionB,AITraining,0,26.022306397306398,26.022306397306398
2387,RegionC,RealTimeInference,25,7.095538720538721,17.90446127946128
2387,RegionC,BatchInference,0,14.478535353535353,14.478535353535353
2387,RegionC,AITraining,91,24.610690235690235,66.38930976430976
2387,RegionD,RealTimeInference,0,0.8261784511784511,0.8261784511784511
2387,RegionD,BatchInference,15,18.835858585858585,3.8358585858585847
2387,RegionD,AITraining,126,170.05765993265993,44.05765993265993
2387,RegionE,RealTimeInference,0,1.093013468013468,1.093013468013468
2387,RegionE,BatchInference,68,12.241582491582491,55.75841750841751
2387,RegionE,AITraining,368,121.13257575757575,246.86742424242425
2387,RegionF,RealTimeInference,0,0.8337542087542088,0.8337542087542088
2387,RegionF,BatchInference,0,11.337542087542088,11.337542087542088
2387,RegionF,AITraining,226,122.66287878787878,103.33712121212122
2388,RegionA,RealTimeInference,15,9.838804713804715,5.1611952861952854
2388,RegionA,BatchInference,85,18.751262626262626,66.24873737373737
2388,RegionA,AITraining,103,26.300925925925927,76.69907407407408
2388,RegionB,RealTimeInference,1,8.332912457912458,7.3329124579124585
2388,RegionB,BatchInference,10,18.412037037037038,8.412037037037038
2388,RegionB,AITraining,0,26.022306397306398,26.022306397306398
2388,RegionC,RealTimeInference,0,7.095538720538721,7.095538720538721
2388,RegionC,BatchInference,18,14.478535353535353,3.521464646464647
2388,RegionC,AITraining,0,24.610690235690235,24.610690235690235
2388,RegionD,RealTimeInference,0,0.8261784511784511,0.8261784511784511
2388,RegionD,BatchInference,33,18.835858585858585,14.164141414141415
2388,RegionD,AITraining,59,170.05765993265993,111.05765993265993
2388,RegionE,RealTimeInference,0,1.093013468013468,1.093013468013468
2388,RegionE,BatchInference,0,12.241582491582491,12.241582491582491
2388,RegionE,AITraining,0,121.13257575757575,121.13257575757575
2388,RegionF,RealTimeInference,0,0.8337542087542088,0.8337542087542088
2388,RegionF,BatchInference,0,11.337542087542088,11.337542087542088
2388,RegionF,AITraining,345,122.66287878787878,222.33712121212122
2389,RegionA,RealTimeInference,14,9.838804713804715,4.1611952861952854
2389,RegionA,BatchInference,21,18.751262626262626,2.2487373737373737
2389,RegionA,AITraining,0,26.300925925925927,26.300925925925927
2389,RegionB,RealTimeInference,0,8.332912457912458,8.332912457912458
2389,RegionB,BatchInference,13,18.412037037037038,5.412037037037038
2389,RegionB,AITraining,59,26.022306397306398,32.977693602693606
2389,RegionC,RealTimeInference,7,7.095538720538721,0.09553872053872059
2389,RegionC,BatchInference,6,14.478535353535353,8.478535353535353
2389,RegionC,AITraining,0,24.610690235690235,24.610690235690235
2389,RegionD,RealTimeInference,0,0.8261784511784511,0.8261784511784511
2389,RegionD,BatchInference,0,18.835858585858585,18.835858585858585
2389,RegionD,AITraining,276,170.05765993265993,105.94234006734007
2389,RegionE,RealTimeInference,0,1.093013468013468,1.093013468013468
2389,RegionE,BatchInference,22,12.241582491582491,9.758417508417509
2389,RegionE,AITraining,128,121.13257575757575,6.867424242424249
2389,RegionF,RealTimeInference,0,0.8337542087542088,0.8337542087542088
2389,RegionF,BatchInference,7,11.337542087542088,4.337542087542088
2389,RegionF,AITraining,41,122.66287878787878,81.66287878787878
2390,RegionA,RealTimeInference,0,9.838804713804715,9.838804713804715
2390,RegionA,BatchInference,16,18.751262626262626,2.7512626262626263
2390,RegionA,AITraining,0,26.300925925925927,26.300925925925927
2390,RegionB,RealTimeInference,8,8.332912457912458,0.3329124579124585
2390,RegionB,BatchInference,30,18.412037037037038,11.587962962962962
2390,RegionB,AITraining,0,26.022306397306398,26.022306397306398
2390,RegionC,RealTimeInference,7,7.095538720538721,0.09553872053872059
2390,RegionC,BatchInference,0,14.478535353535353,14.478535353535353
2390,RegionC,AITraining,0,24.610690235690235,24.610690235690235
2390,RegionD,RealTimeInference,0,0.8261784511784511,0.8261784511784511
2390,RegionD,BatchInference,54,18.835858585858585,35.16414141414141
2390,RegionD,AITraining,299,170.05765993265993,128.94234006734007
2390,RegionE,RealTimeInference,0,1.093013468013468,1.093013468013468
2390,RegionE,BatchInference,16,12.241582491582491,3.7584175084175087
2390,RegionE,AITraining,517,121.13257575757575,395.86742424242425
2390,RegionF,RealTimeInference,0,0.8337542087542088,0.8337542087542088
2390,RegionF,BatchInference,15,11.337542087542088,3.6624579124579117
2390,RegionF,AITraining,87,122.66287878787878,35.66287878787878
2391,RegionA,RealTimeInference,8,9.838804713804715,1.8388047138047146
2391,RegionA,BatchInference,34,18.751262626262626,15.248737373737374
2391,RegionA,AITraining,101,26.300925925925927,74.69907407407408
2391,RegionB,RealTimeInference,8,8.332912457912458,0.3329124579124585
2391,RegionB,BatchInference,29,18.412037037037038,10.587962962962962
2391,RegionB,AITraining,54,26.022306397306398,27.977693602693602
2391,RegionC,RealTimeInference,8,7.095538720538721,0.9044612794612794
2391,RegionC,BatchInference,0,14.478535353535353,14.478535353535353
2391,RegionC,AITraining,0,24.610690235690235,24.610690235690235
2391,RegionD,RealTimeInference,2,0.8261784511784511,1.1738215488215489
2391,RegionD,BatchInference,0,18.835858585858585,18.835858585858585
2391,RegionD,AITraining,142,170.05765993265993,28.05765993265993
2391,RegionE,RealTimeInference,5,1.093013468013468,3.906986531986532
2391,RegionE,BatchInference,14,12.241582491582491,1.7584175084175087
2391,RegionE,AITraining,297,121.13257575757575,175.86742424242425
2391,RegionF,RealTimeInference,0,0.8337542087542088,0.8337542087542088
2391,RegionF,BatchInference,21,11.337542087542088,9.662457912457912
2391,RegionF,AITraining,58,122.66287878787878,64.66287878787878
2392,RegionA,RealTimeInference,6,9.838804713804715,3.8388047138047146
2392,RegionA,BatchInference,53,18.751262626262626,34.24873737373737
2392,RegionA,AITraining,0,26.300925925925927,26.300925925925927
2392,RegionB,RealTimeInference,3,8.332912457912458,5.3329124579124585
2392,RegionB,BatchInference,8,18.412037037037038,10.412037037037038
2392,RegionB,AITraining,0,26.022306397306398,26.022306397306398
2392,RegionC,RealTimeInference,2,7.095538720538721,5.095538720538721
2392,RegionC,BatchInference,14,14.478535353535353,0.4785353535353529
2392,RegionC,AITraining,18,24.610690235690235,6.610690235690235
2392,RegionD,RealTimeInference,0,0.8261784511784511,0.8261784511784511
2392,RegionD,BatchInference,29,18.835858585858585,10.164141414141415
2392,RegionD,AITraining,221,170.05765993265993,50.94234006734007
2392,RegionE,RealTimeInference,5,1.093013468013468,3.906986531986532
2392,RegionE,BatchInference,9,12.241582491582491,3.2415824915824913
2392,RegionE,AITraining,104,121.13257575757575,17.13257575757575
2392,RegionF,RealTimeInference,1,0.8337542087542088,0.1662457912457912
2392,RegionF,BatchInference,0,11.337542087542088,11.337542087542088
2392,RegionF,AITraining,250,122.66287878787878,127.33712121212122
2393,RegionA,RealTimeInference,19,9.838804713804715,9.161195286195285
2393,RegionA,BatchInference,15,18.751262626262626,3.7512626262626263
2393,RegionA,AITraining,0,26.300925925925927,26.300925925925927
2393,RegionB,RealTimeInference,13,8.332912457912458,4.6670875420875415
2393,RegionB,BatchInference,0,18.412037037037038,18.412037037037038
2393,RegionB,AITraining,0,26.022306397306398,26.022306397306398
2393,RegionC,RealTimeInference,4,7.095538720538721,3.0955387205387206
2393,RegionC,BatchInference,18,14.478535353535353,3.521464646464647
2393,RegionC,AITraining,0,24.610690235690235,24.610690235690235
2393,RegionD,RealTimeInference,0,0.8261784511784511,0.8261784511784511
2393,RegionD,BatchInference,21,18.835858585858585,2.1641414141414153
2393,RegionD,AITraining,22,170.05765993265993,148.05765993265993
2393,RegionE,RealTimeInference,0,1.093013468013468,1.093013468013468
2393,RegionE,BatchInference,0,12.241582491582491,12.241582491582491
2393,RegionE,AITraining,0,121.13257575757575,121.13257575757575
2393,RegionF,RealTimeInference,0,0.8337542087542088,0.8337542087542088
2393,RegionF,BatchInference,23,11.337542087542088,11.662457912457912
2393,RegionF,AITraining,223,122.66287878787878,100.33712121212122
2394,RegionA,RealTimeInference,4,9.838804713804715,5.8388047138047146
2394,RegionA,BatchInference,16,18.751262626262626,2.7512626262626263
2394,RegionA,AITraining,0,26.300925925925927,26.300925925925927
2394,RegionB,RealTimeInference,17,8.332912457912458,8.667087542087542
2394,RegionB,BatchInference,61,18.412037037037038,42.58796296296296
2394,RegionB,AITraining,0,26.022306397306398,26.022306397306398
2394,RegionC,RealTimeInference,0,7.095538720538721,7.095538720538721
2394,RegionC,BatchInference,0,14.478535353535353,14.478535353535353
2394,RegionC,AITraining,0,24.610690235690235,24.610690235690235
2394,RegionD,RealTimeInference,0,0.8261784511784511,0.8261784511784511
2394,RegionD,BatchInference,41,18.835858585858585,22.164141414141415
2394,RegionD,AITraining,214,170.05765993265993,43.94234006734007
2394,RegionE,RealTimeInference,0,1.093013468013468,1.093013468013468
2394,RegionE,BatchInference,17,12.241582491582491,4.758417508417509
2394,RegionE,AITraining,261,121.13257575757575,139.86742424242425
2394,RegionF,RealTimeInference,0,0.8337542087542088,0.8337542087542088
2394,RegionF,BatchInference,17,11.337542087542088,5.662457912457912
2394,RegionF,AITraining,339,122.66287878787878,216.33712121212122
2395,RegionA,RealTimeInference,12,9.838804713804715,2.1611952861952854
2395,RegionA,BatchInference,19,18.751262626262626,0.2487373737373737
2395,RegionA,AITraining,0,26.300925925925927,26.300925925925927
2395,RegionB,RealTimeInference,4,8.332912457912458,4.3329124579124585
2395,RegionB,BatchInference,0,18.412037037037038,18.412037037037038
2395,RegionB,AITraining,110,26.022306397306398,83.9776936026936
2395,RegionC,RealTimeInference,5,7.095538720538721,2.0955387205387206
2395,RegionC,BatchInference,8,14.478535353535353,6.478535353535353
2395,RegionC,AITraining,0,24.610690235690235,24.610690235690235
2395,RegionD,RealTimeInference,3,0.8261784511784511,2.173821548821549
2395,RegionD,BatchInference,42,18.835858585858585,23.164141414141415
2395,RegionD,AITraining,112,170.05765993265993,58.05765993265993
2395,RegionE,RealTimeInference,0,1.093013468013468,1.093013468013468
2395,RegionE,BatchInference,0,12.241582491582491,12.241582491582491
2395,RegionE,AITraining,269,121.13257575757575,147.86742424242425
2395,RegionF,RealTimeInference,0,0.8337542087542088,0.8337542087542088
2395,RegionF,BatchInference,0,11.337542087542088,11.337542087542088
2395,RegionF,AITraining,149,122.66287878787878,26.337121212121218
2396,RegionA,RealTimeInference,16,9.838804713804715,6.1611952861952854
2396,RegionA,BatchInference,6,18.751262626262626,12.751262626262626
2396,RegionA,AITraining,95,26.300925925925927,68.69907407407408
2396,RegionB,RealTimeInference,14,8.332912457912458,5.6670875420875415
2396,RegionB,BatchInference,17,18.412037037037038,1.412037037037038
2396,RegionB,AITraining,51,26.022306397306398,24.977693602693602
2396,RegionC,RealTimeInference,7,7.095538720538721,0.09553872053872059
2396,RegionC,BatchInference,25,14.478535353535353,10.521464646464647
2396,RegionC,AITraining,0,24.610690235690235,24.610690235690235
2396,RegionD,RealTimeInference,0,0.8261784511784511,0.8261784511784511
2396,RegionD,BatchInference,59,18.835858585858585,40.16414141414141
2396,RegionD,AITraining,176,170.05765993265993,5.942340067340069
2396,RegionE,RealTimeInference,0,1.093013468013468,1.093013468013468
2396,RegionE,BatchInference,16,12.241582491582491,3.7584175084175087
2396,RegionE,AITraining,105,121.13257575757575,16.13257575757575
2396,RegionF,RealTimeInference,0,0.8337542087542088,0.8337542087542088
2396,RegionF,BatchInference,14,11.337542087542088,2.6624579124579117
2396,RegionF,AITraining,121,122.66287878787878,1.6628787878787818
2397,RegionA,RealTimeInference,0,9.838804713804715,9.838804713804715
2397,RegionA,BatchInference,46,18.751262626262626,27.248737373737374
2397,RegionA,AITraining,158,26.300925925925927,131.69907407407408
2397,RegionB,RealTimeInference,7,8.332912457912458,1.3329124579124585
2397,RegionB,BatchInference,19,18.412037037037038,0.5879629629629619
2397,RegionB,AITraining,0,26.022306397306398,26.022306397306398
2397,RegionC,RealTimeInference,0,7.095538720538721,7.095538720538721
2397,RegionC,BatchInference,16,14.478535353535353,1.521464646464647
2397,RegionC,AITraining,0,24.610690235690235,24.610690235690235
2397,RegionD,RealTimeInference,0,0.8261784511784511,0.8261784511784511
2397,RegionD,BatchInference,27,18.835858585858585,8.164141414141415
2397,RegionD,AITraining,37,170.05765993265993,133.05765993265993
2397,RegionE,RealTimeInference,0,1.093013468013468,1.093013468013468
2397,RegionE,BatchInference,39,12.241582491582491,26.75841750841751
2397,RegionE,AITraining,109,121.13257575757575,12.13257575757575
2397,RegionF,RealTimeInference,0,0.8337542087542088,0.8337542087542088
2397,RegionF,BatchInference,39,11.337542087542088,27.66245791245791
2397,RegionF,AITraining,76,122.66287878787878,46.66287878787878
2398,RegionA,RealTimeInference,15,9.838804713804715,5.1611952861952854
2398,RegionA,BatchInference,0,18.751262626262626,18.751262626262626
2398,RegionA,AITraining,0,26.300925925925927,26.300925925925927
2398,RegionB,RealTimeInference,7,8.332912457912458,1.3329124579124585
2398,RegionB,BatchInference,21,18.412037037037038,2.587962962962962
2398,RegionB,AITraining,44,26.022306397306398,17.977693602693602
2398,RegionC,RealTimeInference,12,7.095538720538721,4.904461279461279
2398,RegionC,BatchInference,0,14.478535353535353,14.478535353535353
2398,RegionC,AITraining,16,24.610690235690235,8.610690235690235
2398,RegionD,RealTimeInference,8,0.8261784511784511,7.173821548821548
2398,RegionD,BatchInference,11,18.835858585858585,7.835858585858585
2398,RegionD,AITraining,381,170.05765993265993,210.94234006734007
2398,RegionE,RealTimeInference,0,1.093013468013468,1.093013468013468
2398,RegionE,BatchInference,30,12.241582491582491,17.75841750841751
2398,RegionE,AITraining,161,121.13257575757575,39.86742424242425
2398,RegionF,RealTimeInference,3,0.8337542087542088,2.166245791245791
2398,RegionF,BatchInference,36,11.337542087542088,24.66245791245791
2398,RegionF,AITraining,122,122.66287878787878,0.6628787878787818
2399,RegionA,RealTimeInference,4,9.838804713804715,5.8388047138047146
2399,RegionA,BatchInference,0,18.751262626262626,18.751262626262626
2399,RegionA,AITraining,0,26.300925925925927,26.300925925925927
2399,RegionB,RealTimeInference,1,8.332912457912458,7.3329124579124585
2399,RegionB,BatchInference,75,18.412037037037038,56.58796296296296
2399,RegionB,AITraining,0,26.022306397306398,26.022306397306398
2399,RegionC,RealTimeInference,13,7.095538720538721,5.904461279461279
2399,RegionC,BatchInference,11,14.478535353535353,3.478535353535353
2399,RegionC,AITraining,37,24.610690235690235,12.389309764309765
2399,RegionD,RealTimeInference,0,0.8261784511784511,0.8261784511784511
2399,RegionD,BatchInference,0,18.835858585858585,18.835858585858585
2399,RegionD,AITraining,0,170.05765993265993,170.05765993265993
2399,RegionE,RealTimeInference,4,1.093013468013468,2.906986531986532
2399,RegionE,BatchInference,13,12.241582491582491,0.7584175084175087
2399,RegionE,AITraining,115,121.13257575757575,6.132575757575751
2399,RegionF,RealTimeInference,1,0.8337542087542088,0.1662457912457912
2399,RegionF,BatchInference,0,11.337542087542088,11.337542087542088
2399,RegionF,AITraining,271,122.66287878787878,148.33712121212122
